term_length,months_remaining,has_won,win_round,payment_streak,voucher_reputation,voucher_stake_ratio,historical_cycles,bid_aggression,default_label,suggested_multiplier,true_prob_default
15,13,0,0,0,5734,0.6687491292803867,0,0.22962444598293358,0,1.24,0.2955
12,6,0,0,3,6949,0.0011681487615214925,3,0.011531212520707879,0,1.07,0.0916
10,3,0,0,3,1528,0.06967561907999659,1,0.03252579649263976,0,1.15,0.191
15,14,1,1,1,2612,0.3463407384332235,1,0.6489969920043588,0,1.49,0.6154
12,1,0,0,7,7555,0.46756661413411643,2,0.4847923138822793,0,1.03,0.0379
10,10,1,1,0,7629,0.2939742936287178,0,0.39279729768693794,1,1.46,0.5776
10,5,0,0,0,4859,0.9105513715300271,1,0.08263346953150125,1,1.15,0.191
5,1,0,0,2,5618,1.0602860157714256,2,0.1792328642721363,0,1.09,0.1067
5,4,0,0,1,2454,1.0032618789954109,2,0.2806217129238506,0,1.2,0.2523
12,1,1,7,6,6938,0.784099244072991,1,0.19710228429397403,1,1.03,0.0391
5,4,0,0,1,1757,0.20899718160881353,2,0.4714267852789905,0,1.29,0.3571
12,6,1,2,4,9789,0.9501056347656351,2,0.90330309864098,0,1.14,0.1721
10,7,1,3,1,7392,0.408198374076953,1,0.4173119707007521,1,1.34,0.428
12,9,0,0,0,663,1.4143645558687787,1,0.3515094794475889,0,1.24,0.304
5,2,1,2,2,7554,0.4513174647251545,1,0.6486079005819072,0,1.26,0.3228
20,1,1,2,11,5791,0.8293396336069919,1,0.432689010455264,0,1.05,0.0576
20,20,1,1,0,7125,0.8036620261121377,0,0.8517722460303142,1,1.46,0.5709
20,3,0,0,3,6546,1.0667242986570267,2,0.470261632244802,0,1.02,0.02
10,8,0,0,0,6616,0.3136074311065705,2,0.08747746354796809,0,1.19,0.2431
15,12,0,0,0,5423,1.4481290269331906,2,0.13943567629609094,0,1.16,0.1965
12,4,1,8,0,1648,0.24244307114192065,2,0.1913243885794289,0,1.27,0.343
20,18,0,0,1,2869,0.6726362144793709,1,0.009037681807760434,0,1.24,0.2988
15,8,1,7,2,4496,0.4620911877785838,2,0.3254156367450257,0,1.29,0.3671
20,19,1,1,0,225,0.5251176115420135,3,0.5492740418962772,1,1.46,0.5786
5,1,1,5,4,1060,1.3924778438815881,4,0.4465879557417327,0,1.09,0.1178
12,2,0,0,5,569,1.3950252522162478,0,0.10445935880768009,0,1.1,0.1248
10,10,1,1,0,784,1.2730046923870115,0,0.7380198972191068,1,1.51,0.6373
10,7,0,0,1,8716,0.12239127060036054,0,0.31394720747431804,1,1.23,0.2871
15,3,0,0,11,5919,0.867420211494261,0,0.23279900906623008,0,1.06,0.0731
20,17,0,0,1,3854,0.5402859621168943,0,0.2611216300274022,0,1.27,0.3366
15,12,1,4,1,876,0.29157005099230954,2,0.21947088001867282,0,1.43,0.5339
10,3,1,7,2,5177,0.11768457201339894,0,0.9663835732101326,0,1.32,0.4049
5,4,0,0,1,512,0.6635283445966567,1,0.09143299855365367,0,1.26,0.3266
5,5,1,1,0,9662,0.6535093480168366,1,0.6094334894446687,1,1.4,0.5018
5,5,0,0,0,5188,0.14123548240284017,2,0.008580550915875118,0,1.24,0.3054
20,7,0,0,13,9949,0.974660523964145,0,0.47457286579569297,0,1.04,0.0438
15,15,0,0,0,2489,0.7515598258728888,3,0.4721257985625837,0,1.24,0.2953
12,4,0,0,1,2427,0.19275052985086527,4,0.10334217993837269,0,1.18,0.2226
15,15,0,0,0,8945,1.0245101601245352,0,0.15948781514688065,0,1.18,0.2286
10,2,0,0,6,3267,1.039335538037909,2,0.20897301585778938,0,1.04,0.0444
15,10,0,0,2,1122,0.6189265153671397,2,0.46537866280178236,0,1.24,0.3052
5,5,1,1,0,2914,0.1546858032538989,3,0.9059709056465804,1,1.5,0.6233
15,13,1,1,2,717,1.015154856636455,2,0.182533732532633,0,1.39,0.4885
15,11,0,0,4,1167,1.1844272141918308,0,0.24721015235129074,1,1.17,0.2123
10,5,1,5,2,8010,0.1756005246414088,0,0.785359568545725,0,1.34,0.4201
20,6,0,0,12,1191,0.10914450954629029,2,0.04241885704259596,0,1.13,0.1663
20,1,1,17,6,4312,0.8878331082319265,2,0.44018883111002904,0,1.04,0.0479
10,10,0,0,0,4268,0.017030467151128603,1,0.05940895813403596,1,1.29,0.3624
5,1,1,4,0,1214,0.7165723363203416,0,0.5755331091674882,0,1.27,0.3342
10,5,0,0,4,5348,0.3794852519838617,1,0.08310771595462646,0,1.11,0.1368
5,5,1,1,0,3330,1.3517370157364834,0,0.35286687063300726,0,1.45,0.5683
15,8,1,8,1,6819,0.6955476074099732,1,0.16996117326848637,0,1.26,0.3231
12,6,0,0,0,6132,1.220692529560423,1,0.45546359224692123,0,1.15,0.1928
10,3,1,7,0,9,1.39909272503102,1,0.12373027704752682,0,1.24,0.3001
5,2,1,1,2,7449,0.5713362849465322,4,0.34606636473763563,1,1.19,0.2348
15,1,0,0,4,5989,1.3697486283864642,3,0.12054241616481592,0,1.02,0.02
5,3,0,0,1,4544,1.007551026608785,1,0.05677879609981451,0,1.16,0.1997
10,6,1,3,1,4363,1.2245786028195935,1,0.8126360555226696,0,1.33,0.4069
20,14,1,3,6,6881,0.5258813382098955,2,0.9137428250443735,0,1.27,0.337
5,4,0,0,1,7730,1.0464628072401951,4,0.022930633202316475,0,1.1,0.1259
10,3,0,0,6,7350,0.8771491589237306,2,0.3482507331135395,0,1.02,0.0216
12,11,1,2,0,6777,0.3357735988594809,2,0.1286242133366486,0,1.38,0.4792
20,9,0,0,1,9945,1.0355922429440478,0,0.3997051994545213,0,1.12,0.1503
12,1,0,0,0,1276,1.4793854938002227,2,0.3799777044687928,0,1.14,0.1704
10,10,0,0,0,5126,1.0307482581049967,2,0.43360749053736164,0,1.2,0.2545
12,9,1,4,1,1062,0.4831187483747674,0,0.39474761696012317,1,1.45,0.5598
5,5,0,0,0,9795,0.5326564549189572,2,0.36841123769745643,0,1.18,0.2259
5,4,0,0,0,2739,0.9688758619974018,1,0.49325762439648985,0,1.24,0.2948
5,5,0,0,0,1733,0.5480352295110864,2,0.4029324433705717,1,1.28,0.3481
5,3,0,0,0,9111,0.16805835325207852,4,0.08544379369503291,0,1.13,0.1634
5,2,0,0,3,6316,1.1542393997879055,0,0.16183961820212184,0,1.06,0.0782
5,4,0,0,0,2048,0.9159300636624489,1,0.07718135763710116,0,1.22,0.2772
12,3,0,0,1,9,0.8229046769072298,1,0.34228577393991666,1,1.2,0.2558
20,9,1,11,7,3490,0.523302399814493,3,0.7577807276832799,0,1.2,0.2514
15,3,0,0,7,3391,0.8617096697698678,1,0.3976336559299451,0,1.08,0.0981
12,5,0,0,2,7546,0.9506378455802659,2,0.3414910317085662,0,1.1,0.1282
12,6,0,0,6,2190,0.8662294063591885,1,0.265928739844087,1,1.12,0.1501
12,7,0,0,5,1202,0.5023584219856292,0,0.397012594635148,0,1.2,0.251
15,14,1,2,0,1120,1.0604706918651885,1,0.28409013385251697,0,1.43,0.5433
20,10,0,0,5,6028,0.16594760543281084,1,0.19864364528018363,0,1.13,0.1572
20,15,0,0,4,4225,0.018304608477066775,3,0.41339941390453916,0,1.16,0.2004
10,10,0,0,0,984,0.3840232977804933,2,0.45937526113037325,0,1.3,0.3803
20,8,1,1,11,6024,0.636196006953579,4,0.9863570790661012,0,1.16,0.2009
5,1,1,3,4,7112,1.1163744777649334,0,0.8090108998430432,0,1.11,0.136
12,4,0,0,5,8577,0.6985501834782197,3,0.4563747314395644,0,1.02,0.02
5,4,0,0,1,6320,1.1707435613191315,1,0.10634039217061314,0,1.17,0.207
5,4,0,0,1,3701,1.2909480268361009,1,0.14979795588323852,0,1.2,0.2498
12,11,1,2,1,2717,0.28603158099549986,0,0.5248602505989993,1,1.5,0.6301
10,1,1,2,1,6645,0.6611441204073423,2,0.263735317445744,0,1.11,0.141
12,10,0,0,1,6305,0.6131012566471445,0,0.07807629868309518,0,1.22,0.2754
20,8,0,0,6,5954,0.3466121948821071,1,0.05205429099228692,0,1.09,0.1135
12,3,1,8,1,7970,0.36475828649918113,3,0.7012766229135815,1,1.17,0.2176
10,7,1,1,2,4242,0.18416533449406275,5,0.8425965982803938,1,1.38,0.4784
15,4,1,6,8,7083,0.32926578762143804,2,0.6091989579699044,0,1.13,0.1602
5,2,0,0,1,2599,1.0482687797413566,1,0.3225270838846647,0,1.18,0.2202
10,10,1,1,0,8996,0.0275860148212001,1,0.6188648279628282,1,1.46,0.5751
5,5,1,1,0,1622,0.15986809519301154,0,0.3373154223711548,1,1.54,0.6767
12,8,0,0,4,6136,0.7414107752074071,2,0.38545568853213524,0,1.09,0.1113
10,6,1,3,4,5490,0.36802366452198143,1,0.42010544481845424,0,1.26,0.3218
12,6,0,0,6,2711,1.4052446089871369,1,0.015591567530642336,0,1.09,0.1089
12,4,0,0,1,153,0.7113559630505544,1,0.20639677530337613,0,1.21,0.2664
10,9,0,0,0,1252,0.003509085938667389,1,0.05154687300687244,1,1.31,0.3933
12,11,1,1,1,3640,0.6690086594369336,0,0.5877108526405224,0,1.47,0.583
20,17,1,2,3,8901,1.4708652002699822,3,0.7029257180950352,1,1.22,0.2742
5,2,0,0,1,390,0.05091896787869826,1,0.4621980976882652,0,1.29,0.3594
20,18,1,3,2,4497,0.7836518641067534,2,0.6046094746031626,1,1.4,0.5002
12,5,0,0,1,4278,0.6067281745227762,3,0.3689278834532625,0,1.15,0.1872
20,10,1,2,6,8930,1.3051483108513948,0,0.8872315054157794,0,1.19,0.232
12,11,1,2,0,2032,0.6028963704138632,4,0.4759901039506004,1,1.42,0.5248
20,1,0,0,2,1165,0.4455043146823233,3,0.45516955102876716,1,1.16,0.2019
5,1,1,4,2,1828,1.179517521623328,0,0.4758226982064355,0,1.23,0.2886
12,2,0,0,3,5690,0.6023703546382312,1,0.4153212588753123,0,1.07,0.086
12,2,0,0,8,6402,1.2393085436909488,2,0.2591301833381961,0,1.02,0.02
5,5,0,0,0,2466,1.137357713556137,1,0.4079165624953089,1,1.26,0.319
20,15,0,0,3,1933,1.2901902246268857,1,0.13647968742815747,0,1.13,0.1678
12,9,1,2,0,9752,0.826286055913709,0,0.4676078917636288,1,1.32,0.401
12,5,0,0,1,8228,0.330274802924717,1,0.42560345702438435,0,1.17,0.2134
20,19,1,2,1,6183,0.8485979459936865,2,0.6926066511925829,0,1.4,0.495
12,9,0,0,0,9908,1.0202111576404507,2,0.4404353795994642,0,1.12,0.1458
12,7,0,0,2,3741,1.3630519639040517,0,0.2780908675198785,0,1.2,0.2536
15,7,0,0,0,2064,0.1737657851703865,1,0.4093397102499209,1,1.26,0.3277
12,7,0,0,1,1435,0.9489328397009222,1,0.46861424361822557,0,1.23,0.2819
10,4,0,0,0,9109,1.062858006903944,1,0.03734720887892701,0,1.08,0.0997
20,12,1,3,3,2428,0.5754183906084327,0,0.8393616526666968,1,1.33,0.4072
12,11,1,2,1,9645,0.7028091251528765,1,0.8687887970154093,0,1.39,0.4854
20,11,0,0,1,3155,0.9817668214217028,2,0.21616740052130096,0,1.16,0.201
20,20,0,0,0,5626,0.6140010094725645,1,0.10655235201254165,1,1.23,0.2861
5,4,0,0,1,2255,0.8148492086849373,0,0.1018506246381371,1,1.25,0.3128
12,2,1,3,4,5655,1.3812717717235303,3,0.2126672129822954,0,1.02,0.02
15,9,0,0,0,7099,0.09631340561270113,1,0.3987795503185941,0,1.22,0.2791
20,17,0,0,1,1389,1.4620497778060348,6,0.07296103701757273,1,1.19,0.2325
15,4,0,0,7,6047,1.4118562563485797,0,0.26712110298822256,0,1.06,0.0707
5,5,0,0,0,917,0.483142053329003,1,0.34659697041134047,0,1.31,0.389
10,7,1,4,2,8508,1.0597135897303518,0,0.9425910216193208,1,1.34,0.4208
5,2,1,4,1,3389,1.175134088912422,2,0.5977013073327626,0,1.24,0.2996
10,3,0,0,3,4109,0.12244497304588436,0,0.12355161700507322,1,1.14,0.181
20,19,0,0,0,8941,0.5053436876566603,0,0.39484925357123957,0,1.23,0.2894
12,12,0,0,0,7057,0.9798945288559952,1,0.24663842339189979,1,1.19,0.2392
12,3,0,0,5,6078,0.305367420513364,1,0.48039027574348847,0,1.1,0.1276
15,5,0,0,3,955,0.06016378711872372,2,0.36262883020756825,0,1.16,0.2053
10,2,1,7,2,1394,0.4257817929129675,1,0.5192315263182237,0,1.26,0.3294
5,3,1,2,2,9131,0.5592729557834017,1,0.1622195075679575,0,1.26,0.3274
15,13,0,0,2,3155,0.8894262771523911,0,0.19554076832588035,0,1.25,0.3094
10,3,1,7,0,5543,0.8980709701501614,1,0.311206634435396,0,1.19,0.2423
10,10,1,1,0,3432,0.6463312854927089,1,0.7360994951969012,1,1.48,0.6061
15,12,0,0,0,2734,0.9957067914327076,3,0.4341356402566293,1,1.19,0.2342
20,20,0,0,0,968,0.796754292001548,1,0.0610549570050134,0,1.27,0.334
20,5,0,0,2,1229,1.032311798799893,1,0.34298386799149205,1,1.18,0.2198
5,2,1,3,2,7351,0.7733940428688754,2,0.12697623088541016,0,1.18,0.2252
10,10,1,1,0,7175,1.4548680691609057,0,0.7053419064026136,1,1.43,0.5388
20,15,0,0,1,5238,1.4169213292110348,2,0.4344524922393591,0,1.17,0.2154
15,11,1,4,0,3072,0.32351272859657576,2,0.19593372727719166,0,1.38,0.4699
10,6,0,0,0,7848,1.4900054060379428,1,0.14434279776531905,1,1.13,0.1572
10,6,0,0,2,3553,1.1434277021649235,3,0.27224454898042477,1,1.14,0.1785
5,4,1,1,0,2875,0.8227495824772151,2,0.11320035134163743,0,1.35,0.4423
10,2,0,0,2,6228,1.295000474357738,2,0.17062391381307818,0,1.08,0.0969
10,5,0,0,3,8234,1.1473248923131925,3,0.09788899284177305,1,1.02,0.02
20,15,0,0,2,4146,0.09040108543434128,2,0.24293587959316282,1,1.25,0.3074
15,14,0,0,0,7311,0.13443950873241317,4,0.06161132708608302,0,1.19,0.2418
20,7,0,0,0,8105,0.2778426698211145,2,0.40787432175214045,0,1.15,0.1824
20,10,0,0,6,7285,0.7727627555005974,3,0.1803862595552999,0,1.02,0.0229
5,2,0,0,3,6807,1.2339214777705176,2,0.3119296623382865,0,1.02,0.0295
10,5,0,0,2,3179,1.294195616314843,0,0.04785727776008086,1,1.18,0.2311
12,12,0,0,0,9738,0.3479206441739631,2,0.49389276010744365,1,1.2,0.2553
20,18,0,0,1,6780,1.0763966484872642,2,0.05205482469208317,0,1.15,0.1841
10,7,1,4,3,7843,0.28780098707811436,1,0.41949667524874357,1,1.27,0.3335
5,4,0,0,0,2475,0.35056812286564953,3,0.1621668765576878,0,1.22,0.2808
10,7,0,0,1,9424,1.4932207360563856,1,0.2902375033583373,1,1.13,0.1602
20,13,1,7,0,207,0.6142167795078058,2,0.37076779751792954,0,1.37,0.4653
12,7,0,0,5,9732,1.1057703375108647,1,0.33577922180651865,0,1.03,0.0417
10,8,1,1,0,9715,1.0631170466144646,0,0.3728155203507958,1,1.32,0.3961
10,9,0,0,0,2496,0.4582864659870353,1,0.30029716668030865,0,1.28,0.3491
12,6,0,0,5,5435,1.2771374366176436,0,0.46529760732195813,1,1.1,0.1307
10,3,1,2,5,7629,1.2088881001764318,2,0.46268216088864533,0,1.07,0.0862
10,3,0,0,3,6097,0.961458116017998,1,0.4310072411363113,0,1.05,0.0652
5,5,0,0,0,2530,0.5979945416584697,0,0.18376721114576572,1,1.29,0.367
10,4,0,0,3,7340,0.8242943038425254,2,0.25307093142012205,0,1.03,0.0344
15,15,1,1,0,1884,0.026531714419885832,1,0.4478147570432325,1,1.53,0.6682
10,10,0,0,0,6525,1.4922994757546508,0,0.3475176144292766,0,1.22,0.2799
12,9,0,0,0,1179,0.4549127213513933,0,0.34608067084706595,1,1.3,0.377
15,4,1,1,4,1382,0.3312039446784587,0,0.6901513053054906,0,1.24,0.3054
10,5,1,6,4,1549,0.2653307177157816,2,0.22042336265153983,0,1.25,0.3095
20,10,1,8,6,9092,0.32280280802585626,0,0.3170813118395873,0,1.2,0.2517
10,5,1,4,0,4592,0.8219392334605394,2,0.5394170233196004,1,1.27,0.3337
15,12,1,3,0,9651,1.2893478474704185,2,0.1919345766917843,0,1.26,0.3293
5,1,1,5,0,7177,1.3954783272567355,1,0.8426189763358334,0,1.17,0.2111
12,6,1,7,0,7099,0.6759294850946369,1,0.9894477439001182,0,1.3,0.3734
20,8,0,0,10,3456,0.10812650399801005,0,0.006054237617443725,0,1.16,0.1978
20,8,0,0,3,9866,1.4561249365060052,3,0.27480802185946224,0,1.02,0.02
10,6,0,0,3,7504,0.4431671662161304,2,0.10284363109777755,0,1.07,0.088
15,14,0,0,0,8569,0.7173829418638856,2,0.23716805495310694,1,1.16,0.2054
20,16,1,4,1,8714,0.06560343881995423,0,0.6386784181159291,1,1.42,0.5258
12,12,0,0,0,2461,1.3924762992728654,2,0.4962077002447351,0,1.24,0.2994
5,4,1,2,0,7165,0.6908092459112101,4,0.5905242270072445,0,1.32,0.4027
15,13,1,2,0,4558,0.13780633156506705,2,0.40814527243019183,1,1.43,0.5352
20,1,0,0,18,22,1.033327953075136,3,0.23077873720989495,1,1.04,0.0456
5,4,1,1,1,5343,1.3197247289129082,1,0.7681132455152583,0,1.37,0.4666
12,11,1,2,0,2547,0.7862387560892434,3,0.7745909360219995,0,1.42,0.5226
15,11,1,3,4,697,0.5524642957602726,3,0.4523731283600464,0,1.3,0.3765
20,10,1,4,8,5036,0.13948595973469824,2,0.1583682350346715,0,1.21,0.2648
15,4,0,0,7,161,0.8990534484944008,1,0.16105400211459275,0,1.11,0.1339
12,6,1,4,5,5433,1.0615214021113737,2,0.23270727403565555,0,1.14,0.1788
5,2,0,0,0,2810,1.2020503737292785,2,0.08674003713297862,0,1.14,0.1715
15,15,0,0,0,1733,1.4866896477319556,3,0.2827749824607202,0,1.21,0.2666
12,11,0,0,1,2757,0.7771181493582231,2,0.21482840636946754,0,1.23,0.2823
20,5,0,0,4,8895,0.7244533081280329,0,0.04030075687856233,0,1.03,0.0349
10,3,0,0,0,685,0.915337724216462,0,0.37568754301452284,0,1.22,0.2732
15,5,0,0,9,9557,0.39255852560385895,2,0.1359748630643155,0,1.02,0.0249
10,9,1,2,0,5347,0.05042040027492395,0,0.9157937080099698,1,1.51,0.639
15,2,0,0,6,9614,0.03273509516323425,4,0.2093966595370807,0,1.02,0.02
5,5,1,1,0,3670,0.2971464491396102,3,0.4145557348781369,1,1.45,0.5584
10,5,0,0,1,597,0.8418341824237874,1,0.4300698466747175,0,1.23,0.2896
5,1,0,0,1,3648,0.6429458204557137,0,0.3320939572527087,1,1.19,0.2376
10,2,1,3,6,8535,1.1804552023764994,0,0.42037603641536747,0,1.07,0.0836
12,1,0,0,6,2324,0.24705953014844384,2,0.10244063707535628,0,1.09,0.1078
15,12,0,0,0,6823,1.4774844842113126,1,0.032602295630246025,0,1.15,0.1936
15,1,0,0,2,4869,0.5578990018752973,1,0.0467039859876478,0,1.13,0.1582
12,8,0,0,3,475,1.1362228271841261,1,0.3213373288362118,0,1.15,0.1919
10,10,0,0,0,3525,1.1898920256573815,3,0.49176073635761103,1,1.21,0.2565
5,5,1,1,0,687,0.2281564248334093,2,0.8941747315666049,0,1.54,0.6751
5,5,1,1,0,3604,1.0877783220410862,3,0.21684380405654582,0,1.38,0.4733
12,1,0,0,3,7833,0.11910987696454428,1,0.429088526578582,0,1.07,0.0908
10,6,1,4,0,5569,1.2324553465657075,1,0.5447912025252699,0,1.29,0.3674
15,14,0,0,0,6299,1.2389673190621227,0,0.11993705637797236,1,1.2,0.2551
5,3,0,0,1,1098,0.9767213773225112,1,0.42072377654237997,0,1.23,0.2828
12,3,0,0,1,1089,0.4723793829194515,0,0.34083474120081003,1,1.24,0.3012
15,12,1,3,2,8831,0.9643228650880615,2,0.2913799387339865,1,1.28,0.3531
20,14,1,4,3,7568,1.1490971648029538,2,0.9164755276352469,0,1.22,0.2795
12,11,0,0,1,2597,0.340095574385266,1,0.20638056463301302,0,1.28,0.3544
12,4,0,0,7,6999,0.04076252413626624,1,0.35384416316530937,0,1.11,0.1426
12,10,1,1,2,7230,0.8387772102439897,2,0.5048579871753034,1,1.34,0.4197
20,4,0,0,8,6816,0.7031519481967587,1,0.1486189038543086,0,1.03,0.0427
5,4,0,0,1,7804,0.8898323551610765,1,0.039484581095414306,0,1.15,0.1904
5,4,0,0,1,9777,0.8600240184528269,1,0.11011265068865755,0,1.14,0.1695
20,9,1,4,2,9168,0.09703034027269736,1,0.7250054105176379,1,1.29,0.3596
15,14,1,1,0,6748,0.255872867335635,3,0.708783726104553,1,1.41,0.5139
15,6,1,3,5,193,0.4073531471265598,2,0.4662747186708375,0,1.24,0.2963
10,1,0,0,5,8921,1.3610702470692706,1,0.22523265082890914,0,1.02,0.02
12,8,0,0,4,5808,0.7748589426689686,0,0.0038320163246126637,0,1.11,0.1357
12,4,0,0,6,340,0.6578077328061532,0,0.19839842354315823,1,1.16,0.195
5,1,1,1,0,855,0.7973991969066463,2,0.7078781867923802,1,1.23,0.2887
12,1,0,0,2,6132,0.3872598812867538,1,0.3592146149093676,0,1.15,0.1839
20,8,1,7,12,6574,0.08928705052165753,2,0.44545499474048156,0,1.18,0.2308
10,5,0,0,3,935,1.1267670717126272,0,0.040090007040951725,0,1.13,0.1642
10,9,1,1,0,9101,0.9541440696143133,4,0.9122079765572575,1,1.33,0.412
10,1,1,3,0,7980,0.5990531225920364,2,0.5199470062274943,0,1.12,0.1477
15,5,1,2,3,2658,0.1164219670971613,3,0.4458156581236432,0,1.19,0.2342
15,15,1,1,0,2070,0.47830022748170825,1,0.6409667501202096,0,1.51,0.6357
5,2,0,0,0,6,0.2138912161228631,2,0.012723879952875439,0,1.23,0.2862
15,3,0,0,10,1829,1.2707092345406776,3,0.05262959259850619,0,1.02,0.0268
10,5,0,0,2,6218,0.2036835705959057,0,0.10443203535286999,0,1.22,0.2697
12,10,0,0,1,6268,0.687784513322836,2,0.4779594144776596,0,1.2,0.2471
15,2,1,1,12,4154,1.4417032281113895,1,0.4063483938290552,0,1.08,0.0955
20,9,0,0,1,8556,1.142852718907305,2,0.12966744865854724,0,1.08,0.0962
5,5,0,0,0,9748,1.4496260787996111,1,0.290233800496848,1,1.16,0.2003
12,2,0,0,2,6652,1.4907725833495473,3,0.10065605391121663,0,1.04,0.0533
15,5,0,0,3,3730,0.19855856855245868,2,0.2292332122846289,1,1.11,0.1392
12,7,0,0,0,1207,0.41365135237703543,2,0.23133780253269676,0,1.23,0.2932
15,4,1,7,9,5347,0.4286753332888053,0,0.7856183722399275,0,1.2,0.2438
12,9,0,0,0,6068,1.471109015375144,3,0.47802357180596655,0,1.14,0.1797
5,4,0,0,0,3935,0.3605735830492257,1,0.015395024830223925,0,1.24,0.2995
20,16,1,5,2,3906,1.0387986473056618,0,0.3694560295345132,1,1.39,0.483
10,9,0,0,1,9501,1.4361720285571442,0,0.4989104278409891,0,1.19,0.2324
5,3,1,1,0,6144,0.10354431133177444,0,0.9433819256129153,0,1.41,0.507
5,1,1,2,0,4897,0.1164740020074076,1,0.15940885972621743,0,1.22,0.279
12,12,0,0,0,5409,0.009133122359758605,0,0.43447212613957253,0,1.32,0.4027
5,2,1,4,1,7355,0.21779476932699043,2,0.8770606901713016,0,1.27,0.3407
12,6,0,0,4,2368,0.8234706741624627,0,0.01683458910693636,0,1.13,0.1585
12,9,1,3,0,182,0.7546259261697545,2,0.16459822560386173,0,1.38,0.4741
10,4,0,0,6,6846,0.17993053953583488,3,0.4409960848608179,0,1.08,0.0946
12,9,1,3,0,5086,0.2835592870912976,4,0.5202711999672497,1,1.36,0.4495
15,9,0,0,3,7818,1.2400719898965276,0,0.2824921788376268,0,1.08,0.0953
15,4,1,3,2,2224,0.5659704921094855,2,0.13806257430041308,0,1.22,0.2718
15,11,1,2,4,234,0.9995781203673098,4,0.19482843002577083,0,1.25,0.3181
15,5,0,0,4,5621,1.4351997232264293,1,0.228849802579647,0,1.05,0.0573
12,12,0,0,0,5574,1.1513514427768774,3,0.3286767410850643,0,1.17,0.2127
5,4,1,1,0,8353,0.5921015307672421,1,0.7633868953888461,0,1.37,0.4619
15,5,1,6,5,5184,1.3353225039542616,1,0.15228275687231482,1,1.11,0.1378
10,5,0,0,4,3748,1.3666030541510754,3,0.368100212530381,0,1.05,0.0682
15,6,0,0,8,8931,0.06248522757402364,2,0.13362631489679766,0,1.06,0.0771
15,10,1,6,4,5818,0.5738704853559531,1,0.49195686292497165,0,1.26,0.328
5,1,1,4,0,3709,0.8559744358214023,2,0.8913296033617462,0,1.2,0.2547
12,8,1,1,4,8835,1.3491828188191524,3,0.1537448400738004,0,1.13,0.1598
15,10,1,5,3,6683,1.1653920154908382,0,0.7530644802469743,0,1.26,0.32
5,2,1,3,0,6410,1.472479985778672,2,0.6785370233201569,0,1.21,0.2608
15,6,0,0,8,2606,0.09094338909970229,3,0.11512546035525734,1,1.11,0.141
5,2,0,0,1,2783,0.7509053567320614,1,0.137351907523946,0,1.18,0.2275
10,10,0,0,0,1757,0.8413116950439263,4,0.4974906846625465,0,1.24,0.2993
15,12,1,4,3,9467,1.4922289409489267,3,0.49329629709905876,0,1.18,0.2295
10,10,0,0,0,619,1.188892674432575,6,0.238450053233985,0,1.22,0.2798
5,3,1,3,1,5973,1.282810477527555,3,0.596791271908649,0,1.25,0.3121
20,10,0,0,1,3638,1.0932921634049202,0,0.2143510104932168,1,1.19,0.2376
12,12,1,1,0,2787,0.4333274083637485,3,0.7849071311458529,1,1.47,0.5877
15,4,1,3,2,3696,0.6665480238622716,1,0.9931980604373011,0,1.27,0.3347
20,18,1,2,0,8345,1.3773586300131555,0,0.5553621169614386,1,1.38,0.4703
5,5,0,0,0,5520,0.2222668923449182,1,0.21569032438703734,0,1.27,0.3356
12,5,0,0,1,1132,0.5295755874004535,5,0.2487699260730511,1,1.19,0.2325
20,8,0,0,2,614,0.04921443619291266,2,0.4397482853640632,0,1.26,0.3277
12,8,0,0,3,3607,0.5289039088932872,2,0.022701640734346273,0,1.11,0.1415
20,5,0,0,4,7997,0.7980325184763777,1,0.18108812739936414,0,1.02,0.0256
20,20,0,0,0,5810,0.07785141538096352,0,0.15504226917137753,0,1.29,0.3675
15,15,0,0,0,6028,0.6339437955204137,1,0.3563106665492564,0,1.24,0.298
5,3,1,3,1,8501,0.8859567509919566,1,0.5900472631934786,0,1.27,0.3384
12,2,1,9,0,3722,0.9426510711284983,1,0.954287764183461,0,1.21,0.2646
12,5,0,0,0,5310,0.7633358333865838,3,0.3571633178674988,0,1.12,0.1551
5,2,1,2,0,3664,0.04628685646210867,0,0.227953402033506,1,1.33,0.4146
15,4,0,0,0,7742,1.1470787122144188,2,0.15599201016320924,0,1.07,0.083
15,4,0,0,2,8234,1.258495991577016,0,0.3518498898145255,0,1.12,0.1446
20,4,0,0,5,7032,0.8014358278405137,2,0.2411321806260961,0,1.02,0.02
12,3,0,0,9,7256,0.23590981226957303,1,0.43570701709542714,0,1.09,0.1133
20,8,0,0,7,8566,0.8576189747156231,2,0.33700995952939633,0,1.02,0.02
5,4,0,0,0,139,0.9319386735744152,2,0.03417660015497931,0,1.22,0.2741
10,9,1,1,0,9665,0.308102112717044,3,0.20457186087290138,0,1.33,0.4116
20,20,0,0,0,6481,1.4119086723627774,1,0.22505826323740552,0,1.2,0.2441
10,6,0,0,3,9533,0.8332431361587902,0,0.2910916150462949,0,1.07,0.087
5,4,0,0,0,6241,0.724559546338335,1,0.32837803173727853,0,1.2,0.2535
12,7,0,0,4,1518,1.427134831268349,1,0.2995222935751908,0,1.13,0.162
10,5,0,0,2,1742,0.8454899565431433,2,0.26287810977956744,0,1.19,0.232
10,4,1,2,0,6409,0.918387226142767,0,0.9451513863704684,1,1.27,0.3436
15,2,0,0,12,8475,0.9412298576764191,2,0.4698257556467541,0,1.02,0.02
5,5,1,1,0,7071,1.0086907470375432,1,0.10748794800447281,1,1.37,0.4659
12,4,1,9,3,3676,0.7690895913926641,2,0.5921883692884401,0,1.15,0.192
10,4,0,0,6,8560,1.227554349722006,0,0.45576064666265825,1,1.05,0.0681
5,1,0,0,2,5039,1.3667524277701186,1,0.10767219069127631,0,1.11,0.1364
10,7,1,2,2,4370,0.7402514882316124,1,0.45770334120918243,0,1.35,0.4434
12,8,0,0,1,6864,1.381149912695036,2,0.18422445995828945,0,1.13,0.1584
5,2,1,1,1,8636,1.3105843802733377,3,0.22994886892030053,0,1.13,0.1649
10,2,0,0,8,6915,0.885348988726339,1,0.014155637201333893,0,1.02,0.02
5,3,0,0,1,8312,0.39035489697784403,0,0.08023130713561322,1,1.19,0.2327
10,5,1,3,4,802,1.2087667989267497,0,0.9321049498391244,0,1.29,0.3575
10,7,0,0,0,3927,1.1839392724795283,3,0.17721247439652743,0,1.14,0.1803
5,1,0,0,0,1029,0.8300567846246578,1,0.42940838558407735,0,1.19,0.2392
5,4,1,1,1,6968,0.01987655025586582,1,0.4699842479923958,0,1.41,0.5164
15,15,0,0,0,5164,0.24792673521443614,0,0.3593698089267651,0,1.3,0.3765
10,6,0,0,0,4733,0.24862226544783106,1,0.17713566360860783,1,1.23,0.2816
15,2,0,0,11,7178,0.3680284712493166,0,0.19551643456369933,0,1.07,0.0912
15,8,1,5,0,3360,0.6434165001452163,3,0.5501014768689643,0,1.29,0.3573
5,2,0,0,2,204,1.0449409068260849,2,0.4902177851351859,0,1.19,0.2428
20,5,1,3,6,816,1.4271630430885216,4,0.8970577878175959,0,1.14,0.177
10,9,1,1,1,3904,0.6975828724509665,1,0.21464777440030536,1,1.41,0.5132
20,19,1,1,0,4994,0.020051524889093453,2,0.35279376866761936,1,1.45,0.5685
15,15,0,0,0,3406,0.09984709187133428,1,0.1877344642332502,0,1.3,0.3773
15,13,0,0,0,2,0.5257808014292427,1,0.18478709971338658,0,1.29,0.3655
15,11,1,3,2,3306,1.247051559332955,2,0.18583444204575278,1,1.32,0.3979
5,4,1,2,1,1892,0.7816097857625818,2,0.11316543298990815,1,1.37,0.4612
15,13,0,0,0,2942,1.3356142758289926,4,0.444563961970005,0,1.19,0.2414
10,10,0,0,0,6410,0.4064140474745481,0,0.15691340411220778,1,1.26,0.3258
12,2,0,0,9,3278,0.8368911677260511,1,0.22192959421065056,0,1.07,0.0832
5,1,0,0,2,6204,0.48676770026301314,1,0.3473204794468639,0,1.15,0.1894
15,7,0,0,6,9166,1.2324718994426567,4,0.075304051609137,0,1.02,0.02
20,6,0,0,2,5710,0.8360057543595121,0,0.33342369565282903,0,1.16,0.2024
12,8,0,0,4,4172,1.238123496185922,1,0.28835119942887816,1,1.11,0.1338
12,4,1,3,2,6396,0.4771566703552081,4,0.17220002181014266,0,1.18,0.2201
10,1,1,7,9,8706,0.9369210721717973,4,0.49806442490602176,0,1.02,0.02
12,9,0,0,2,6039,0.5686914875634705,2,0.23464261366289518,0,1.18,0.2305
10,4,1,2,3,7845,0.8897373285592023,0,0.509287908297395,0,1.15,0.1901
10,8,1,1,0,3414,1.0363259648262342,2,0.2405859118179598,0,1.34,0.4267
15,1,0,0,11,9941,0.8695892356458371,2,0.34269767172300286,0,1.02,0.02
12,11,0,0,1,1141,1.0285508144004658,6,0.03927891546186357,0,1.19,0.2435
15,8,0,0,3,7175,0.09979141231628286,1,0.3081572461164482,0,1.13,0.1604
12,7,0,0,2,1262,1.0251806661112632,3,0.10027648892263324,0,1.16,0.1966
5,1,0,0,4,3805,0.19190538676767477,1,0.19798079437380245,0,1.11,0.1429
10,3,0,0,1,6065,0.6243270882680241,0,0.23747548263187412,1,1.17,0.2106
10,4,0,0,3,3970,1.4779557484309283,0,0.05721575930617928,1,1.08,0.105
12,8,0,0,3,649,0.38469459152514895,2,0.10525346983267148,0,1.17,0.2069
10,6,1,2,2,2011,0.9258282088168512,0,0.5306465046303657,0,1.36,0.4537
12,12,0,0,0,5462,0.12340848641559282,1,0.41119060559267717,1,1.29,0.362
10,9,0,0,0,687,0.8208562806309647,2,0.022480720795775566,1,1.23,0.2911
20,17,1,4,3,7124,0.7340888061098831,2,0.8544073789736205,1,1.29,0.3663
12,2,0,0,6,186,1.1436704380123026,0,0.09820960793600869,0,1.1,0.1301
20,6,0,0,8,1881,1.3044091237121662,4,0.0658267943966292,0,1.03,0.0421
20,3,0,0,12,6901,1.2385664273410004,3,0.0715005613328632,0,1.02,0.02
12,10,0,0,2,7243,0.8351773663922819,2,0.33638230720623336,0,1.17,0.2064
20,20,0,0,0,6531,0.0009800861419493323,4,0.22916179729378772,0,1.23,0.2903
5,2,0,0,2,4204,1.4169985982566429,4,0.386258143039702,0,1.12,0.1478
10,6,0,0,0,3357,1.4993365548756579,3,0.015231843154480063,0,1.13,0.1609
5,3,1,1,1,3435,0.7519134669385941,0,0.13142039739060143,0,1.33,0.4178
15,9,1,1,3,2786,1.1306011056420069,0,0.40240635309109785,0,1.26,0.3244
20,14,1,3,5,9536,0.9161560960275579,0,0.1499725295282355,0,1.2,0.2503
5,1,0,0,4,9940,0.8486723322614945,2,0.009577742775626452,0,1.02,0.02
5,1,0,0,2,6999,0.04515580831697841,3,0.3057318056128304,0,1.13,0.165
15,2,1,5,2,7411,1.1086004639090588,1,0.9670242884014342,1,1.15,0.1915
5,1,0,0,3,1517,1.1917212267802593,1,0.15658160091488854,0,1.07,0.0931
10,2,1,1,7,4567,0.5587633973301989,1,0.18312447530024067,0,1.11,0.1416
15,15,0,0,0,6797,0.6731682059919222,1,0.002513276304901557,1,1.2,0.2543
5,2,1,4,1,8002,0.4414001049556715,0,0.947379619255997,0,1.29,0.3676
12,12,1,1,0,6305,1.2841987485206152,2,0.3689714217331277,1,1.38,0.4716
5,2,0,0,1,5552,1.2337419739353406,0,0.24290871445631573,1,1.16,0.1962
20,15,1,6,3,974,0.6507658842828663,0,0.20492476710012705,0,1.34,0.4292
5,3,0,0,2,8662,0.9879920324096505,5,0.16339735292888868,1,1.08,0.0943
12,5,0,0,4,310,0.5423120981310579,0,0.29253922110310154,1,1.18,0.227
12,2,1,3,10,2011,0.3345930923141353,4,0.4811931243927067,0,1.13,0.1599
10,5,0,0,1,6686,0.07914788678940393,2,0.3069851531626163,0,1.19,0.238
10,6,1,1,2,2028,1.1908940787899471,0,0.1466072998595352,0,1.33,0.4153
20,17,1,4,1,4524,1.2613630656043608,0,0.44289214630155993,0,1.4,0.4991
20,13,0,0,4,1015,1.398832317628968,0,0.466874711500735,0,1.18,0.2196
5,2,0,0,0,985,0.6116221575040984,0,0.32820480175032846,0,1.25,0.3103
5,1,1,5,3,7566,0.9191937533047656,2,0.4191995844865746,0,1.04,0.0528
10,8,0,0,0,1073,0.15881147731969397,1,0.3379114625520368,0,1.31,0.3884
15,8,0,0,3,4524,0.33013301530707984,2,0.1588473487735811,0,1.11,0.1385
5,5,1,1,0,6726,1.4014561712512354,3,0.7771580940734091,0,1.38,0.4713
20,7,1,11,13,6316,0.9870824757918311,0,0.9488573406651565,0,1.18,0.219
15,4,1,6,9,3217,0.37425461952411265,1,0.9114247047583608,1,1.21,0.2646
12,3,1,1,3,5054,0.5927329462084576,2,0.8248870387413811,0,1.14,0.1751
15,6,1,10,2,7483,0.28669813267334526,1,0.3740432794740558,1,1.25,0.3183
10,3,1,5,6,2931,0.8196878125921865,1,0.25384276217876345,0,1.15,0.1847
5,2,1,1,1,6782,0.024888720948896825,2,0.3104315497837577,1,1.26,0.3233
20,13,0,0,0,2941,1.302614285920401,2,0.0196959168464097,0,1.16,0.2016
10,3,0,0,1,6799,0.016953804883533707,2,0.29417611049157666,0,1.17,0.2115
10,10,0,0,0,2330,0.8491074696722476,1,0.2565915418783894,1,1.26,0.324
15,12,0,0,2,16,0.3326729672884779,1,0.0437956487029732,1,1.29,0.3633
15,12,0,0,2,9117,0.4196189516536065,1,0.43531694074174526,0,1.2,0.2494
20,3,0,0,14,5555,0.24205103758257468,3,0.07462473487073695,0,1.03,0.0409
15,2,0,0,1,7108,1.2410348322392184,1,0.401425604497773,0,1.1,0.1188
20,4,1,15,3,7910,0.1667057209980186,3,0.5910239096128598,1,1.09,0.11
20,20,1,1,0,3748,0.12303552781720628,0,0.9907807720684012,1,1.56,0.7007
5,2,0,0,3,1170,0.2535926676595744,2,0.3189509372764808,0,1.15,0.1893
10,4,0,0,1,2363,0.9980478126283565,2,0.21481143194842206,0,1.15,0.1886
12,7,0,0,1,8497,0.38037617549455377,2,0.3260465309408253,0,1.16,0.1948
10,10,1,1,0,9323,0.09151071450809234,1,0.9674408447906263,1,1.47,0.5917
12,10,1,2,1,7984,1.0237986893065822,2,0.7917231978218818,1,1.33,0.4152
15,10,0,0,4,1015,1.1206174006935434,0,0.02997165043065414,1,1.15,0.1872
5,4,1,1,0,5593,0.8912127941346863,1,0.12505951681967206,0,1.34,0.4223
5,2,1,3,3,4673,0.6395975352024338,1,0.3663388264929546,0,1.18,0.2246
10,5,0,0,4,279,0.5441304005987281,2,0.40010317384178956,0,1.16,0.1951
15,13,0,0,1,4535,1.1882867922025142,3,0.0005560470980937038,0,1.15,0.182
12,5,1,8,2,5581,0.6635497996536281,0,0.7161635748384697,0,1.3,0.3697
20,7,0,0,11,8872,0.6910047447502337,1,0.447132559128207,0,1.05,0.0594
12,11,0,0,0,8976,0.8315350218245536,0,0.0460493770997949,0,1.18,0.2234
20,20,0,0,0,325,1.2183871814855127,3,0.1949498731455403,0,1.22,0.2807
15,7,0,0,6,4078,1.4651915592413793,1,0.03290588034528824,0,1.07,0.0848
12,1,0,0,4,8320,0.6040555814918402,2,0.06660496206831434,0,1.02,0.02
12,5,0,0,3,1644,0.385115244464637,3,0.3901739313700793,0,1.12,0.1505
5,4,0,0,0,5162,0.29436857505924846,0,0.48173997373716376,1,1.28,0.3517
10,7,0,0,3,4232,0.1290482355494148,0,0.052741713730517836,0,1.19,0.2328
12,10,0,0,2,2657,0.7471949153220636,1,0.15388545264657455,0,1.24,0.2961
5,3,1,3,1,1966,0.547233705311698,2,0.7315644464895315,0,1.36,0.455
12,3,1,5,7,4815,0.08532209666646984,2,0.7080966119863658,0,1.18,0.2201
5,2,0,0,1,7382,1.185022262339823,1,0.17281249678820076,0,1.11,0.1364
20,19,0,0,1,2381,0.09165700142944844,1,0.05706998465481605,0,1.3,0.3755
20,15,0,0,0,946,0.00027979225599467084,2,0.19847398646714642,0,1.29,0.3608
5,2,1,1,1,1192,0.2707773425886354,1,0.20008787260439687,0,1.32,0.4004
5,1,0,0,3,9121,0.05712945089897892,2,0.020982036721817143,0,1.03,0.0358
20,3,0,0,3,8947,0.11892042694678762,2,0.14816290094990003,0,1.03,0.0349
12,11,0,0,0,3622,1.4093528835377485,3,0.2384194388665622,0,1.18,0.2222
15,2,0,0,6,6396,0.18651876214630553,2,0.36103303210189264,1,1.06,0.081
12,5,0,0,5,5476,0.015740461709916664,1,0.3929626381044567,0,1.15,0.1836
5,5,0,0,0,9756,0.42050212882711874,0,0.21992781985691745,0,1.22,0.2792
20,12,0,0,2,9350,1.353604914166012,1,0.2212886729664077,1,1.11,0.1408
10,4,0,0,3,6748,0.1021635370852838,0,0.46768908065355863,0,1.15,0.186
5,5,0,0,0,5982,0.8116707373182671,1,0.31282539471363824,0,1.22,0.2775
20,5,1,10,4,8671,1.2558558273327272,1,0.6627969637338097,1,1.08,0.0938
12,3,1,3,5,5515,0.5966901613936473,2,0.8552319472636772,1,1.14,0.1702
15,3,0,0,12,8022,0.780674106247929,1,0.1290519645802342,0,1.02,0.02
10,9,1,1,0,9643,0.0683777369230032,3,0.25289836589715153,1,1.35,0.4397
10,9,0,0,0,9642,0.07045948664720969,1,0.1429502668856012,0,1.21,0.2681
5,4,1,1,1,4206,0.6205180184778905,2,0.989685988341136,1,1.41,0.5127
10,8,0,0,2,2653,0.7356127787782698,0,0.025487438511221205,0,1.25,0.3087
10,2,0,0,1,4270,1.3836514254841867,0,0.14030040661895798,0,1.14,0.1772
12,3,1,5,9,6893,1.4424237105692486,3,0.6510481891244851,1,1.05,0.0662
12,2,1,11,0,2962,0.7828264922369148,0,0.2631030049447386,0,1.21,0.2633
12,2,1,8,5,1366,0.8528283834069181,0,0.6695223495953562,0,1.17,0.2128
20,14,0,0,6,4086,0.8576839739039708,1,0.2045425743174381,0,1.12,0.1476
12,7,0,0,5,5708,0.8906709479151783,1,0.23586991875921953,0,1.08,0.105
20,12,0,0,2,4530,0.532247783314744,2,0.34747655967152385,0,1.19,0.2433
20,8,1,13,0,6772,0.09139308258107992,1,0.3871405668990159,0,1.28,0.3496
12,9,0,0,1,6060,0.4780344059857854,0,0.06429824298027625,0,1.22,0.2789
5,3,1,1,0,6487,0.7820655322106118,1,0.12030806053481252,0,1.27,0.3414
12,2,1,2,2,4818,0.9174696290849886,1,0.39467886286010323,1,1.16,0.2059
15,8,0,0,1,8536,0.8327006801297827,2,0.04078746280568296,1,1.09,0.1186
10,10,0,0,0,6899,0.8684664698312178,0,0.18018774618158534,0,1.22,0.2741
15,15,1,1,0,6297,1.3991294085904697,0,0.2384053349618946,0,1.41,0.5146
20,20,1,1,0,622,1.0185999067434561,3,0.8917771620649092,1,1.46,0.572
5,5,0,0,0,7465,1.2886676364703749,2,0.37902021050560825,0,1.17,0.215
10,6,0,0,4,1174,0.578909266405391,2,0.07594308616831513,0,1.13,0.1672
5,5,1,1,0,3084,0.6422759098007593,2,0.23250436696946528,1,1.44,0.5448
15,5,0,0,10,7099,0.4037423564874438,0,0.3916936099979192,0,1.11,0.1345
15,15,1,1,0,6326,0.2147420367167895,2,0.8091731202318384,0,1.47,0.585
12,8,0,0,3,6738,1.3132329755938448,2,0.38232547519243676,0,1.06,0.0762
10,7,1,2,0,1462,0.7508689761462469,2,0.38085764018681856,0,1.36,0.4531
20,14,0,0,4,4661,0.99347060809608,3,0.42925322727577725,0,1.07,0.0901
5,5,1,1,0,1335,0.9702558433895714,2,0.8737116265722996,0,1.47,0.5895
15,7,0,0,4,8881,0.6026897026641367,1,0.23860003970898064,0,1.06,0.0689
12,4,1,3,3,7437,1.0065194707993648,2,0.7528344402113717,1,1.1,0.1253
10,6,1,3,1,6947,0.34960921783625243,3,0.9798309643105388,0,1.31,0.3932
15,1,0,0,1,4174,0.5357885009895673,1,0.22033244171214678,0,1.15,0.1848
20,6,0,0,10,4435,0.6332883508210171,1,0.41012665947244487,0,1.1,0.1213
5,3,0,0,1,2550,1.1281714990454623,1,0.2980250578804751,0,1.2,0.2489
20,5,1,16,2,9928,0.6280427149915263,0,0.10020433439642999,0,1.16,0.1938
10,7,1,3,1,9824,1.0860437831593819,2,0.561153538658896,0,1.25,0.3172
12,11,1,2,1,1128,1.124068525086234,1,0.3093729745480975,0,1.43,0.5387
5,5,0,0,0,2741,0.511866674636581,2,0.4307228430106621,0,1.27,0.3388
12,10,0,0,2,2118,0.7248481138131527,2,0.26919748964347884,0,1.23,0.2889
15,2,0,0,4,2521,0.5183693788062196,0,0.2017404845134998,0,1.12,0.1465
12,6,0,0,2,240,0.205531365054481,1,0.21407758651505993,1,1.27,0.3413
15,3,0,0,12,3605,1.4662443873133397,4,0.35444955638665804,0,1.02,0.0243
5,3,1,3,0,8107,0.031137048185946314,1,0.8781871191424712,1,1.36,0.4529
5,3,0,0,0,9743,0.25321500867684626,1,0.25589022828474034,0,1.17,0.2123
10,1,1,7,6,4011,0.908889293121371,4,0.6329992593982964,0,1.05,0.0586
10,1,0,0,5,5269,1.109203849858091,1,0.27352267280778886,0,1.02,0.0312
10,6,0,0,1,6604,1.433474200899734,2,0.08954746966409077,0,1.12,0.1448
5,5,0,0,0,1590,1.2437259604262099,2,0.23907946177792205,0,1.23,0.2919
12,7,1,1,0,2728,1.3764709168566502,3,0.4013101377016113,1,1.27,0.3387
10,7,1,2,3,6269,0.3627572931230297,3,0.9396609629754046,0,1.27,0.3379
12,12,0,0,0,3565,0.7069624118611817,1,0.25864674107612656,0,1.26,0.3199
5,4,0,0,0,992,1.280481823411668,2,0.10107469961263538,0,1.21,0.2599
5,1,0,0,0,3201,0.5959072092606896,1,0.17141948240272536,1,1.17,0.2094
10,8,1,1,0,924,0.8309898832546965,1,0.24960642584649287,0,1.41,0.5083
10,1,0,0,0,156,0.508235223634211,4,0.12853134609460437,0,1.15,0.1921
20,19,0,0,1,9369,0.5131989001678424,2,0.17582493617095268,0,1.17,0.2114
5,4,1,1,1,8834,0.6505414969805701,4,0.7674645587066999,0,1.32,0.3958
20,1,0,0,9,2511,0.581199695732635,2,0.2401471293956779,0,1.06,0.0776
12,10,0,0,2,7328,1.1229130628727486,1,0.4836355951851488,0,1.18,0.2271
12,2,0,0,0,9355,1.4431531562475413,3,0.25548537152253104,0,1.02,0.0251
10,10,1,1,0,9294,0.500491335950539,1,0.7643514434831593,0,1.43,0.535
12,7,1,2,3,8269,0.860344920040065,1,0.16159663831836352,0,1.16,0.2037
10,4,1,6,4,3122,0.2876043260853997,2,0.8662651731023265,1,1.24,0.2964
12,5,0,0,7,1410,0.24824966199548343,3,0.10587293102620976,1,1.12,0.145
20,11,1,10,7,2940,0.6530944850996272,4,0.1475440177282498,0,1.19,0.2369
5,3,0,0,2,3840,0.8466248816696216,1,0.18986870241082437,0,1.19,0.2363
15,2,1,2,11,5200,1.0816985360352356,0,0.39554694965494486,0,1.08,0.1056
5,4,0,0,1,1674,0.20455549120134875,2,0.38720974730315166,0,1.28,0.3521
20,14,1,2,4,9045,0.837256775835661,3,0.39509559461643273,0,1.16,0.2052
20,12,0,0,6,9661,0.018004540909023814,2,0.04270151508136083,0,1.07,0.0934
20,7,0,0,10,8119,1.1252298441472688,2,0.12767667511445074,0,1.02,0.02
10,10,0,0,0,4938,1.187903434445646,1,0.19144157364209174,0,1.21,0.2646
5,5,0,0,0,7072,0.5898922276488228,2,0.3268933755622308,0,1.21,0.2577
20,12,0,0,6,8627,1.48989779464462,3,0.2586047138467647,0,1.02,0.02
10,5,0,0,1,9494,0.39781280549524367,0,0.04782034801185797,0,1.16,0.1966
5,2,1,1,1,5533,0.09581965114635427,1,0.5637746691949391,1,1.31,0.3819
15,2,0,0,11,6737,0.5654792509302624,1,0.3415571428615233,0,1.05,0.0631
15,7,0,0,8,3044,0.8060107452647718,0,0.3596172095220734,0,1.14,0.1725
10,10,0,0,0,1798,1.1406001009312239,1,0.09202238602510676,0,1.24,0.3037
5,4,0,0,1,4516,1.4932664520237995,1,0.22141468519216206,0,1.19,0.2433
20,16,0,0,3,4711,0.848123909628807,0,0.017215654286657278,0,1.13,0.1659
20,16,0,0,0,3908,1.3698445294189057,2,0.46769724483389935,0,1.2,0.2455
10,10,0,0,0,9257,0.6429664188127977,1,0.3137339493830364,0,1.2,0.2453
12,10,0,0,2,6821,0.4654606736875462,1,0.10174399727765626,0,1.21,0.2576
10,8,0,0,2,3019,0.35852180199891504,4,0.32679338502220995,1,1.23,0.285
15,13,1,1,1,3407,0.08768698085531551,1,0.2512180469734107,1,1.46,0.5716
12,11,1,2,1,8102,0.024990706866323986,2,0.3540824507896482,0,1.41,0.5085
10,1,1,7,7,2607,0.6311048438529252,3,0.8180242132069653,0,1.1,0.1222
15,14,0,0,1,706,1.0457493814355256,0,0.4314798116565092,0,1.29,0.3639
5,4,0,0,1,6851,1.3166241072939373,0,0.41323230474609146,0,1.2,0.2503
15,5,0,0,0,3057,1.2591798513143262,2,0.2565949458549149,0,1.14,0.1713
12,12,0,0,0,6571,0.11295215039770462,2,0.22836529644292014,0,1.24,0.3051
20,10,0,0,10,1467,1.0584229571764396,1,0.4807072702118195,0,1.13,0.1648
20,17,0,0,0,3129,0.201650141054325,2,0.013553326168116553,0,1.25,0.3082
5,5,1,1,0,6752,0.8526479314957549,2,0.5586908057233846,0,1.4,0.4948
10,5,1,6,3,5011,0.8209571161720265,2,0.39189599122327,0,1.17,0.2158
12,1,1,3,9,4372,0.5884005622853206,2,0.15751084784353644,0,1.05,0.0673
15,13,1,3,2,5490,0.38806642112345174,2,0.9438758019621118,0,1.43,0.539
10,10,1,1,0,2376,0.021294951707585552,1,0.7236180199222909,0,1.55,0.6835
10,5,1,1,3,6567,0.2537428407636303,4,0.5894083633525722,0,1.19,0.2383
10,10,1,1,0,8971,0.19999022451386272,2,0.9061537199636032,1,1.44,0.5546
5,4,0,0,0,418,0.8647333547097988,2,0.11219148989989775,0,1.23,0.2829
12,11,0,0,0,2939,0.7692943190654867,1,0.35347815924671133,0,1.25,0.3181
5,5,0,0,0,9799,0.8746586359198469,2,0.2289501475635357,0,1.14,0.1805
12,9,0,0,2,2594,0.8255269182581265,3,0.4445060950554797,1,1.2,0.2466
15,13,0,0,2,87,0.2084534878299369,1,0.47426016375695756,0,1.34,0.4191
10,6,1,2,1,6606,0.8648174849267101,2,0.7443862241875517,0,1.28,0.3546
10,6,0,0,4,3250,0.3164548359299256,1,0.42190643182915305,0,1.17,0.2167
12,3,0,0,9,508,0.2986401299038885,1,0.2724005426380492,1,1.16,0.1951
5,4,0,0,0,3557,1.4646847941531154,2,0.034018657045834844,0,1.17,0.216
15,9,1,4,5,845,0.01889460190768044,1,0.3091636415929718,0,1.33,0.4175
10,9,1,2,1,2581,0.45614195395692575,2,0.7543166743127205,0,1.46,0.5737
20,9,0,0,11,1548,1.3726476817350448,0,0.3758990817934665,0,1.14,0.1744
20,3,0,0,4,8714,1.0833241480104694,0,0.2734405868937165,0,1.02,0.02
12,8,0,0,4,4934,0.4446673316162297,1,0.32623797775361607,1,1.14,0.181
5,4,0,0,0,5676,1.3015531468788586,1,0.3879386272348465,0,1.19,0.2392
15,9,0,0,0,3932,0.7493225028070069,1,0.40338678482438367,1,1.21,0.2617
10,6,0,0,4,7645,0.7487796763999957,1,0.21600527946518133,0,1.07,0.0911
5,3,0,0,1,1932,0.7008914940112538,0,0.3247780033784809,0,1.25,0.3169
20,20,1,1,0,3933,0.16859554076401945,0,0.3317312948432224,1,1.51,0.6407
20,6,0,0,11,6881,1.4542363491092671,2,0.4661740708168554,0,1.02,0.0257
10,3,0,0,5,7170,1.183644167473135,3,0.1115049117668665,0,1.02,0.02
10,4,1,2,2,8638,0.1925248899220422,4,0.4260641410001844,0,1.21,0.2613
15,13,0,0,0,2824,0.6403420917349539,3,0.2626591322253607,1,1.21,0.2646
5,3,0,0,1,5820,1.1243183463316277,1,0.028547168953971858,0,1.14,0.1783
12,1,0,0,2,9139,1.073603889616193,5,0.2863802664775434,0,1.02,0.02
5,3,0,0,0,8677,0.15281814620933482,3,0.42186439635512873,0,1.16,0.1983
5,5,0,0,0,5785,1.1296782707695112,2,0.20057398474589877,0,1.18,0.2259
5,5,0,0,0,4507,0.16423645883169324,0,0.49915937828547835,0,1.32,0.4059
5,3,0,0,1,1564,1.102842777152394,3,0.10294099408916058,0,1.16,0.1948
12,10,0,0,0,2970,1.4440988757917086,1,0.05282517272446535,0,1.21,0.258
20,6,1,10,9,3670,1.2137922054851118,3,0.11725109877248001,0,1.07,0.0913
20,20,1,1,0,7938,1.068330307765738,0,0.3118449357085218,1,1.4,0.4959
10,1,0,0,9,3618,1.4641290362993575,0,0.10405301729818639,0,1.06,0.0691
12,6,1,7,0,4065,0.8905269298630998,2,0.46492450869737667,0,1.26,0.3288
10,2,0,0,1,3787,0.39852834729939524,1,0.32828135119982615,0,1.19,0.2329
15,4,0,0,3,1823,1.0152300654450706,1,0.1518675231125497,1,1.08,0.0981
5,1,0,0,2,1600,0.16083359131273117,1,0.36682142018222424,0,1.23,0.2926
15,4,0,0,3,7633,0.5310968435326411,3,0.31436700752999647,0,1.02,0.02
10,5,0,0,3,4766,0.21088787726004837,1,0.09171182174897802,1,1.13,0.1631
12,1,1,7,9,2542,1.3305641166704427,1,0.8713872456489242,0,1.11,0.1374
15,12,0,0,1,7926,0.11745250571933624,1,0.2246372734783249,0,1.22,0.2807
20,13,0,0,0,4067,0.10092691938227183,2,0.3605273304489359,1,1.24,0.3019
10,4,1,1,0,7339,1.347219667230151,3,0.14157683488146597,0,1.14,0.1772
10,4,1,1,0,7141,0.115193526430101,2,0.17556630710205404,0,1.24,0.2981
20,5,1,9,9,9247,1.1015250530029437,1,0.8035560901042834,0,1.08,0.0964
20,9,0,0,2,4675,0.6242414196092366,0,0.4930883986418474,0,1.22,0.2744
5,2,0,0,0,8363,0.18056722425830074,4,0.3542917728839126,0,1.13,0.1648
12,9,1,2,2,1790,0.542310281644435,3,0.48886055655995597,0,1.38,0.4705
10,1,1,1,3,7129,0.2316236363088195,1,0.6793478256924512,0,1.11,0.1366
10,8,1,3,0,7282,1.277372100025856,3,0.10775710233260226,1,1.27,0.3314
10,3,0,0,1,7867,1.0771022418012912,2,0.40657100224086273,0,1.08,0.1062
15,8,0,0,3,7856,0.6234416730437328,2,0.22404274364153826,0,1.05,0.0644
10,5,1,5,0,3737,0.6622558849217624,0,0.36189945060819684,0,1.32,0.4017
10,6,0,0,1,1946,1.0789509135376705,1,0.10886244939945111,0,1.19,0.2429
10,7,1,2,1,5682,0.19407092545005133,1,0.6606586397650436,1,1.4,0.4945
20,9,0,0,1,7064,1.3898780748275716,2,0.04210650558854917,0,1.09,0.1116
5,3,0,0,2,328,0.2621774818250489,1,0.3587806913242679,0,1.29,0.3609
12,12,1,1,0,6865,0.15068632452145264,1,0.4662085882515651,1,1.47,0.5826
15,11,1,5,2,1013,0.06233977240838784,0,0.9325581008023495,1,1.51,0.6392
5,3,0,0,2,1906,0.6119067275517616,3,0.06080262967402855,0,1.18,0.2251
10,9,1,1,0,1428,1.2662788437361225,0,0.5682087644536229,1,1.46,0.575
15,13,1,3,1,1779,0.32341464786456714,1,0.5878243626997417,0,1.48,0.5993
20,9,1,5,2,5057,0.8063717070772715,2,0.9643300971599172,1,1.27,0.3428
5,2,1,3,2,7169,0.9989207491206964,1,0.5878137686317535,0,1.22,0.2689
20,6,1,9,1,9848,1.147723274791896,1,0.6834312586700398,1,1.16,0.1973
20,19,1,1,0,2418,0.9645914903100445,2,0.12820840197298006,1,1.4,0.4947
15,5,1,5,7,1781,1.2996765948735622,3,0.36720610684123867,1,1.12,0.1527
5,4,0,0,1,6614,0.15174842941965483,1,0.3944569814829335,1,1.25,0.3105
20,16,1,2,0,4241,1.2998935328932553,1,0.4847876698237408,1,1.37,0.4605
10,7,1,3,0,1176,0.2875069782454115,1,0.42285431759148895,1,1.43,0.5338
12,5,0,0,4,2513,0.7354687341147425,3,0.24596401201956464,0,1.07,0.0909
12,6,1,5,1,595,0.8361614507453998,2,0.8005855661032599,1,1.33,0.4132
5,3,0,0,1,2850,0.670954134378901,2,0.12173352203338006,0,1.19,0.2366
15,9,0,0,3,4532,0.03172473502412443,2,0.28186855072269973,0,1.15,0.1881
10,10,1,1,0,3253,0.2753461713253993,2,0.3536176153568432,1,1.47,0.5886
15,10,0,0,4,5822,1.4647344917218308,2,0.13487123293688352,0,1.06,0.0701
15,3,1,4,5,5993,0.7921021213981183,0,0.19906638416295147,0,1.1,0.1248
12,1,1,4,6,6546,0.2268964266940139,1,0.7806790872822646,0,1.12,0.1474
10,2,1,4,3,8405,1.3997893755735276,3,0.19756033544496046,0,1.02,0.02
20,18,0,0,1,3981,0.7310622118818673,3,0.025161466467331972,1,1.18,0.2242
15,11,0,0,4,9230,0.2040843516474644,1,0.1505877934986794,0,1.11,0.1365
20,5,0,0,13,8712,0.30707918092499836,2,0.22999083483905042,0,1.03,0.0412
5,3,0,0,1,2765,0.8423917615682913,0,0.09884515155724377,0,1.22,0.2722
20,17,0,0,1,5275,0.584274038918113,1,0.18004981539105663,1,1.22,0.2777
12,2,0,0,7,1313,1.4997738667296003,0,0.31933631806020263,0,1.1,0.1309
10,9,1,2,1,6854,0.603789533235213,2,0.9530709105282946,1,1.41,0.5107
10,2,1,8,5,3308,1.0387710191417894,2,0.3411484750961631,0,1.08,0.1023
10,9,1,1,0,2983,0.2855726794455521,1,0.6653859373837395,1,1.48,0.6043
15,10,1,1,5,1220,0.8311489205937392,0,0.44083302002304336,0,1.32,0.3939
15,11,0,0,4,6598,0.14227378987973416,3,0.08339366759183708,0,1.1,0.1235
15,14,0,0,0,3110,0.26096609928270537,1,0.20016493420537912,0,1.29,0.3566
15,5,1,1,9,5917,0.7795275467255653,0,0.5158354085556001,0,1.16,0.2046
15,6,1,8,1,4808,0.9966356798890168,4,0.6461136062392031,0,1.2,0.2559
20,19,0,0,0,6643,0.3112672430773185,2,0.48329538511165837,0,1.24,0.2971
12,2,1,5,5,1777,1.3218760225228348,1,0.7521021182429364,0,1.14,0.1718
12,8,0,0,2,4656,0.24542473311383262,2,0.18143290849755173,0,1.21,0.2668
5,1,0,0,3,9589,0.4041591694554825,2,0.28859333811165444,0,1.02,0.02
10,6,1,1,4,64,0.1150850991840342,1,0.7018037964081036,1,1.36,0.451
12,12,1,1,0,8880,0.056349344315970884,2,0.31881207738040185,0,1.42,0.5233
5,4,1,2,1,2892,1.0080296432708025,4,0.7280779558169298,1,1.36,0.4469
12,7,0,0,2,4662,1.16380843431619,1,0.47751145980583426,0,1.18,0.2291
20,4,1,12,16,6273,0.7047064821730223,2,0.24784340451033526,0,1.06,0.0799
15,10,1,1,5,7002,0.7886555050248383,3,0.19562113762260447,1,1.17,0.2118
12,9,1,3,2,6982,0.9427558501253517,2,0.6084573468872259,1,1.31,0.3888
5,4,1,2,0,809,0.6644265161218992,2,0.9268725743238263,1,1.44,0.5542
12,2,1,1,2,2423,0.49361066919109187,1,0.9466211689509085,1,1.26,0.3284
15,12,1,1,2,4009,1.3288831716651375,3,0.898697521677239,1,1.36,0.4438
10,6,0,0,0,1341,1.0951952816646373,2,0.09043726221266818,0,1.18,0.2238
10,8,0,0,0,8795,0.926799981618055,3,0.35397045786999737,0,1.11,0.1437
12,4,0,0,6,9508,0.8087906911909716,2,0.27584398390323084,0,1.02,0.02
10,1,0,0,6,6967,0.28686319361418205,2,0.17364423715284888,0,1.03,0.0424
15,14,1,2,0,4607,0.08303972540761428,1,0.9406296920175754,0,1.51,0.6352
10,6,1,1,1,356,0.9330137832134708,3,0.4238104720437367,0,1.31,0.3893
10,4,0,0,6,9727,1.0720441335099333,1,0.2054081977837139,0,1.02,0.02
15,5,0,0,7,8728,0.21783752987287358,5,0.3291997976885209,0,1.03,0.0436
15,9,0,0,2,6121,1.384753067631269,0,0.43705455901291523,1,1.19,0.2331
12,2,0,0,8,9761,0.3384968745780826,0,0.39626988381066836,0,1.06,0.0764
20,5,1,12,11,3602,0.12002740463651901,2,0.20395527954081957,0,1.16,0.1945
10,7,1,3,1,3740,0.09201581172580203,4,0.5671195242207002,0,1.38,0.4731
5,1,0,0,1,91,1.1254077442076575,1,0.14730166647022802,0,1.17,0.2138
5,3,0,0,1,604,0.42482862571450114,3,0.3382360717462055,1,1.23,0.2855
15,5,0,0,4,4086,0.6303744027113128,1,0.03925493422680493,0,1.08,0.1021
20,14,1,4,4,1755,1.3883745137854078,4,0.4938816723918419,0,1.24,0.3062
20,1,0,0,12,6554,0.5343748419056702,0,0.34755990797288366,0,1.07,0.0836
5,3,0,0,1,2986,0.872383256774633,2,0.4035535101597564,0,1.19,0.2369
10,10,0,0,0,6597,1.3494008921448537,1,0.04337431775069078,0,1.18,0.2278
20,6,1,2,5,4968,0.29950460706097004,1,0.7529213516051465,1,1.2,0.2461
20,6,0,0,9,3264,1.227540962092825,0,0.40391572591331115,0,1.1,0.1284
10,2,1,4,3,5920,1.3946875839457546,1,0.5107720957411819,0,1.08,0.1034
20,9,0,0,1,3301,0.34010134034754214,2,0.24876465801372638,0,1.2,0.2505
15,10,0,0,0,9777,0.6464120047774904,0,0.21901089817516467,0,1.16,0.2062
10,8,0,0,2,7833,0.224665697521354,0,0.36470772436327026,0,1.25,0.3092
5,3,0,0,0,4566,0.45863419126856203,0,0.46631984689996453,0,1.25,0.313
5,1,1,4,4,8215,1.245953647029134,2,0.8870275929552782,1,1.06,0.0724
5,1,1,3,2,1564,1.0411974809643554,0,0.4353914169047325,0,1.23,0.2894
12,3,0,0,9,4811,1.0155567223230153,3,0.1777648985760038,0,1.02,0.02
10,1,0,0,6,966,0.5684338647187615,1,0.4089817471745768,0,1.12,0.1497
20,19,1,2,0,7619,0.7472980793425281,1,0.21740626894925624,1,1.38,0.4722
12,7,0,0,0,370,0.1132906290388303,2,0.0448261156178395,0,1.26,0.3209
20,1,1,15,19,6843,0.33540382248550665,2,0.6068479496085594,0,1.06,0.0785
10,8,1,1,1,1490,1.1849617500251592,4,0.7728374152894982,0,1.38,0.4715
20,9,0,0,8,5190,0.2613160126070865,1,0.08877895985661138,0,1.12,0.144
5,4,0,0,0,5938,0.9027395229495718,0,0.486261247816831,0,1.22,0.2796
10,4,0,0,6,9735,0.49238263391600556,0,0.4350124627600828,0,1.08,0.0995
15,3,0,0,9,1124,0.6801243459364021,1,0.17750763306812334,0,1.11,0.1327
5,4,0,0,1,6523,1.2928204966773857,2,0.06247828304200903,1,1.14,0.1738
20,16,0,0,3,5615,0.2818889368106931,0,0.049342613879960306,0,1.17,0.2115
15,10,0,0,4,2170,1.1825992964173688,4,0.0498817788514212,1,1.07,0.0914
12,4,1,2,4,3203,0.8032058618870073,6,0.31069239847357655,1,1.12,0.1465
10,1,0,0,1,6028,0.581436937803689,2,0.19514395433156823,1,1.1,0.1287
12,5,0,0,3,788,0.8870275560798142,3,0.41872544741736695,0,1.09,0.1155
20,6,0,0,9,9574,1.3626151609028543,1,0.16350338424805105,0,1.02,0.02
5,3,1,2,1,3416,1.436649987264334,0,0.5791242113751834,1,1.34,0.4291
20,2,0,0,8,8859,0.39596327956474486,2,0.16430216973992134,0,1.02,0.02
10,6,0,0,1,3227,0.04468575604893327,0,0.03756145507725461,0,1.27,0.3401
10,6,0,0,0,2511,0.7242821474744201,2,0.41744971418219573,0,1.21,0.26
5,2,0,0,1,9425,0.6326613629041888,1,0.018892253297839834,0,1.1,0.1302
12,12,0,0,0,4323,1.20287092925419,2,0.4889268467508909,1,1.22,0.2709
12,5,0,0,2,9139,0.5690483973062799,3,0.02423211623791116,0,1.07,0.0904
15,12,1,1,0,3144,0.5733559800217372,1,0.8756876341142273,0,1.44,0.5509
15,10,0,0,2,7024,0.7127562990339424,2,0.15501701200622503,0,1.15,0.1824
5,5,0,0,0,7310,0.8494843202497981,1,0.11433537569230168,0,1.19,0.2379
10,1,0,0,7,7923,0.010644798742330763,2,0.3386503431678297,0,1.06,0.0688
12,1,0,0,0,1821,1.430555439737562,1,0.06323212270178558,0,1.13,0.1636
5,5,1,1,0,5390,0.2983946696925575,1,0.472008213884073,1,1.47,0.5904
12,9,0,0,3,9528,1.0084239787697282,2,0.16285110578885115,0,1.02,0.0293
20,8,0,0,12,5902,0.5231418710941326,1,0.448140776081894,0,1.1,0.1283
10,3,1,7,6,730,0.9920252098154931,1,0.7210232415465893,0,1.19,0.2379
12,5,0,0,5,9858,0.02324736273928546,0,0.30333076488793387,0,1.11,0.1366
12,5,0,0,4,5938,1.3412732379248569,1,0.15486662447300603,0,1.05,0.0592
20,8,0,0,10,1645,0.9253271339477723,0,0.004709927986222662,0,1.11,0.1432
15,4,1,12,10,7819,1.3754416696537328,1,0.8766676418279279,0,1.1,0.1302
20,11,1,2,8,7522,1.0942821329646577,0,0.2846684286143263,0,1.18,0.2244
20,5,0,0,2,7446,0.40919083904976866,2,0.2779560085371602,0,1.12,0.1538
5,2,0,0,3,4365,0.9506954639890933,1,0.1940493676720786,0,1.07,0.0883
10,3,0,0,7,909,0.1116426276577735,1,0.28698758751587095,0,1.17,0.2165
5,2,1,3,3,1695,0.6102339710976974,1,0.12965308142097698,0,1.2,0.2533
12,11,0,0,1,7464,1.4918912808329101,2,0.02158514543147072,0,1.14,0.1739
20,18,1,3,0,3653,0.013748325275724727,0,0.9631217583756694,1,1.54,0.6719
15,15,0,0,0,3129,0.9961510067218364,3,0.05254877510681916,0,1.18,0.2277
20,20,1,1,0,6475,1.2065616212065509,0,0.7233155200698236,0,1.44,0.5507
20,8,0,0,7,4537,0.12364990802848613,1,0.23935086028466612,0,1.14,0.1721
10,7,1,4,1,8221,0.2432750586118161,3,0.7021481637852531,1,1.32,0.4015
12,3,0,0,3,3873,1.4003897155518774,2,0.2215199883175804,0,1.04,0.0438
15,3,0,0,4,117,1.2307035245412803,2,0.3654640179665167,0,1.08,0.1041
15,2,0,0,1,603,0.7493496950638991,2,0.06601758844499778,0,1.15,0.188
10,8,1,3,2,8978,1.2116089398010716,1,0.9656994148531372,0,1.34,0.4279
10,4,0,0,0,9795,0.6143413908937638,2,0.46111165907743007,0,1.11,0.1352
5,1,0,0,1,8903,0.8398357977686781,2,0.4063664521523397,0,1.07,0.0916
5,5,1,1,0,9735,0.3976337531280542,3,0.9235750000222673,1,1.4,0.4981
20,7,1,4,9,7727,0.10688749897234184,2,0.1966728928925997,1,1.14,0.1723
12,9,1,1,2,5499,0.45341505074467275,3,0.9526851982538138,1,1.37,0.4609
5,5,1,1,0,3081,0.8158168817416763,1,0.6518533246688053,0,1.47,0.5877
10,9,0,0,1,1741,1.3583732063596983,0,0.2659664887763957,1,1.26,0.3302
12,7,1,2,0,6007,0.48367471456597444,3,0.45545066741931595,1,1.28,0.3455
10,5,0,0,2,2506,0.2856202440373653,1,0.4029455845984271,1,1.25,0.3144
12,2,0,0,9,4537,1.4458740181097827,1,0.2150879542221566,0,1.04,0.0475
20,13,1,7,0,37,0.0756833559301856,0,0.8929036763332371,1,1.49,0.6168
5,1,0,0,0,4151,1.2636961602533627,1,0.05306500965450972,0,1.12,0.1453
10,10,1,1,0,1682,0.7312017531959609,2,0.4872847852381518,1,1.46,0.5773
5,1,0,0,3,4529,1.2494912078295006,2,0.4834327751466968,0,1.04,0.0474
12,7,0,0,4,3775,0.05893791772603868,3,0.26604341196900566,0,1.13,0.1663
20,15,0,0,2,2108,1.1072261322625345,0,0.28674588194548833,1,1.24,0.3038
5,3,1,1,0,7939,0.4027501142962431,3,0.724477008095555,0,1.28,0.3526
20,11,0,0,8,1509,0.706177495519061,2,0.021100234290649222,0,1.11,0.1376
20,4,1,17,12,7833,0.2956590582354783,3,0.8646401574842123,0,1.1,0.1201
20,9,0,0,10,1025,0.7787445593618108,1,0.14916887179374938,0,1.13,0.1595
12,4,0,0,6,904,1.0258151117449594,3,0.30946758138171687,0,1.06,0.0812
12,1,0,0,6,4092,0.27475429114243893,3,0.06428978925583456,1,1.04,0.0488
12,1,0,0,0,5899,0.8586115889516477,1,0.10840713796455415,0,1.1,0.1202
10,8,0,0,0,2982,0.6362775836189642,1,0.41256743783070954,0,1.25,0.318
10,4,0,0,0,671,1.0711787113873739,0,0.34503767709439886,0,1.22,0.2775
20,20,0,0,0,9475,0.790722572437897,1,0.44393646592566516,0,1.19,0.2377
5,3,0,0,1,4608,1.345119824861617,0,0.11376693846823166,0,1.18,0.23
20,4,0,0,0,4482,1.263557000727483,1,0.4167870548228684,0,1.14,0.1694
10,9,0,0,1,4695,0.7458612718209652,0,0.14536115381033254,0,1.24,0.3016
15,13,0,0,1,4016,1.2683267932453495,1,0.45072341476918976,0,1.22,0.2792
5,4,1,2,0,9632,0.43712270801407294,1,0.11804139957930823,0,1.33,0.4066
5,5,1,1,0,8663,0.01914813977684604,2,0.22442100907065138,1,1.42,0.5228
20,13,1,1,7,7287,0.8989162767353878,1,0.4575621636513152,0,1.21,0.2642
15,2,0,0,4,774,0.755429906960402,3,0.4857581784020696,0,1.07,0.0917
10,10,1,1,0,2819,0.38042344145784623,2,0.30193225812863744,1,1.46,0.5805
10,7,0,0,2,1523,0.823902740022664,2,0.3605796341069386,0,1.22,0.2753
10,3,1,2,7,897,0.38917375660211445,0,0.2073445048357691,1,1.22,0.2812
12,1,1,5,6,2515,1.2401136428637847,2,0.7946046451615131,0,1.08,0.105
5,2,1,1,3,4184,0.3788790100270863,4,0.5183693027319436,0,1.17,0.2168
20,1,0,0,3,2901,0.8604417869143617,1,0.31542551932255586,0,1.06,0.0765
20,12,0,0,7,9784,1.2309623405317183,0,0.18358481284751133,0,1.05,0.0579
5,2,0,0,3,3773,0.33566757940646436,3,0.18555304554976948,0,1.08,0.1047
5,1,1,4,0,9223,0.33312328231348476,2,0.9495963160395503,1,1.18,0.229
10,1,0,0,2,1461,0.3141100709249004,0,0.4987114695267771,1,1.24,0.3016
12,2,1,1,1,952,1.2714604942638827,4,0.8993882738927341,0,1.19,0.2427
12,4,1,1,4,7743,1.4424468849379606,0,0.7087504402494189,1,1.14,0.1706
12,3,0,0,5,9777,0.5593147638032667,0,0.20305499025127893,0,1.04,0.0512
12,4,0,0,7,2273,1.3295529706433113,3,0.06437360143785653,0,1.03,0.0411
10,9,1,1,1,694,0.39403996482000775,0,0.7202290212823039,1,1.53,0.6588
15,1,0,0,1,9695,0.10834402240871677,0,0.03662280205369506,0,1.13,0.1567
12,1,1,4,4,6092,1.08193090346074,0,0.8649437422642514,0,1.09,0.1103
20,5,0,0,8,6034,0.9642030752431237,2,0.3848861536927928,0,1.02,0.028
12,2,0,0,9,3593,1.1239730327136517,1,0.02671730119550858,0,1.04,0.0466
15,3,0,0,2,8733,1.1521340676279999,2,0.41892069045275926,1,1.06,0.0792
5,3,1,3,2,6112,1.0171837523049696,2,0.3495325747142675,0,1.25,0.3169
20,14,1,6,3,6131,0.510324357683002,0,0.5315673134002185,1,1.3,0.3725
5,5,0,0,0,502,0.3556055867612671,1,0.4770658207855363,1,1.33,0.4184
10,2,0,0,2,1329,0.6110734186787106,0,0.05481814126759321,0,1.2,0.2533
10,8,0,0,2,2634,1.0613031566181657,2,0.47979710251387025,0,1.21,0.2655
10,6,0,0,1,4635,0.8697513574216356,0,0.33709881143246484,1,1.21,0.2605
12,2,0,0,8,4979,1.1124567279264315,1,0.07914152534968683,0,1.02,0.03
5,4,0,0,1,1340,1.0045259586949087,3,0.04047485101117804,0,1.18,0.2231
12,12,1,1,0,2758,0.9370510041099119,1,0.19265153023025755,0,1.43,0.5437
20,1,0,0,4,8953,0.34470951213399764,3,0.4663205312769923,0,1.02,0.02
15,9,1,7,6,1709,0.5993977674313018,3,0.3372448958261933,0,1.24,0.2954
10,3,1,1,2,6939,1.4052801451365229,0,0.31022239080012326,0,1.19,0.2377
20,9,1,12,4,1892,1.4860688379346576,1,0.859962108871479,1,1.23,0.2893
5,3,0,0,0,1892,0.8799694916623877,2,0.31551708785602445,0,1.2,0.2455
10,7,1,2,0,2018,1.2850949197588462,2,0.185550883149308,1,1.32,0.4042
10,4,0,0,4,7342,0.6834912323296379,2,0.43454953436236426,0,1.05,0.063
10,3,0,0,7,716,0.9218115273319731,2,0.006819922917940535,0,1.07,0.0893
5,4,0,0,0,233,0.6157841765271418,1,0.09834427911560656,1,1.27,0.3361
10,8,1,2,1,7025,0.5187428554643909,1,0.855287157735513,1,1.4,0.4965
5,3,1,3,1,7388,0.9806668844342346,2,0.14864286461475393,0,1.23,0.2837
5,4,0,0,0,3573,1.09780987959408,2,0.2856069548073988,0,1.19,0.2359
12,7,0,0,4,6645,0.724517783322568,3,0.20398130110286322,0,1.04,0.0517
12,7,1,4,0,242,0.46433895226961014,2,0.8251078411384337,0,1.39,0.4901
12,3,0,0,6,6144,0.9135434170603738,2,0.3217881113699101,0,1.02,0.0264
15,15,0,0,0,9107,0.4740070842995907,1,0.05290017971206995,0,1.19,0.2436
5,4,1,1,0,5740,1.4661344215706218,0,0.5005959973461948,1,1.37,0.4659
20,6,1,8,6,2287,0.9615090859810519,1,0.4432679289128111,1,1.16,0.1953
15,14,1,1,0,1793,1.4253168087981454,0,0.6427124770281294,1,1.47,0.5885
12,6,0,0,1,4190,1.2473608888656789,0,0.019295780969066922,0,1.17,0.2137
20,20,1,1,0,9855,0.8974591135440282,0,0.347406092431379,1,1.38,0.4802
10,3,1,3,5,3186,0.3888230006579797,0,0.1323034760700392,0,1.19,0.2409
5,1,0,0,0,2409,0.4057826702577699,3,0.154864610875665,0,1.15,0.1857
20,3,0,0,7,1118,0.9821636269263904,1,0.15742057770436768,0,1.07,0.0934
10,3,0,0,3,9046,1.3626563218083974,0,0.3601339619736978,0,1.03,0.0381
20,17,1,1,2,7607,0.09367129679626118,1,0.70660662081644,1,1.43,0.5379
15,1,1,3,11,2550,0.45073313794895836,1,0.7506490819505023,0,1.14,0.1761
12,4,0,0,8,4403,1.1177172147417305,0,0.005336143924417058,0,1.07,0.0844
12,12,1,1,0,8664,1.1915763376392845,0,0.34424325557162616,0,1.39,0.4876
10,7,1,4,1,3185,1.331789024603329,0,0.7697140171429332,0,1.39,0.4868
12,1,1,11,5,760,0.16919537829986542,4,0.2648784206139714,0,1.12,0.1454
15,7,1,4,3,2810,1.4070807803308945,0,0.10886214251080986,1,1.2,0.2486
5,4,0,0,1,3146,0.6222702754523924,3,0.3047642548770318,0,1.2,0.255
10,9,0,0,0,4027,0.32070181599409925,0,0.34153478759506206,0,1.3,0.3698
5,2,0,0,1,1941,0.5589076553656196,1,0.06724505324775115,0,1.2,0.2537
12,4,0,0,0,9011,1.2243417777942003,2,0.4005857516476624,0,1.07,0.0935
12,9,0,0,1,2865,0.749427617998143,2,0.20411875967314935,0,1.21,0.2576
5,4,1,2,0,6255,0.4349810889662128,1,0.6894469941105894,1,1.4,0.5032
20,4,0,0,8,6347,0.9128573897609613,3,0.19812367340820297,0,1.02,0.02
12,10,1,1,1,5692,0.9672840651445902,2,0.37335146646864326,0,1.34,0.4194
5,3,0,0,0,2179,0.15472014131754158,2,0.35600398059908134,0,1.25,0.317
12,11,1,2,0,5712,0.5644677254324963,1,0.7169847585063609,1,1.44,0.5461
12,1,1,2,9,7058,0.4476759917216408,1,0.31240713729134084,0,1.06,0.0802
20,15,0,0,0,234,0.10348501306568919,2,0.12049812899795898,0,1.28,0.3549
10,10,0,0,0,6981,0.5924854058235487,1,0.18889841195470575,0,1.22,0.2745
20,16,0,0,2,5920,1.4054238808630433,2,0.06351678798661586,1,1.15,0.1829
10,7,0,0,3,7991,1.3898216711264633,3,0.344322526132195,0,1.03,0.0327
20,10,1,6,1,2822,0.37380565588693093,1,0.623486199405706,0,1.35,0.4385
12,6,0,0,4,120,0.4863763107779559,0,0.22138247843094727,0,1.19,0.2423
20,4,0,0,2,8177,1.0160127691222747,0,0.20587383379512159,0,1.1,0.1238
20,3,0,0,4,7614,0.5861294768505062,3,0.12360255946531662,0,1.02,0.02
5,1,0,0,4,6711,0.7465319393216582,2,0.15993978833388167,0,1.02,0.02
15,4,0,0,8,7494,0.09408325712168819,2,0.44285095677023883,0,1.08,0.1003
10,3,0,0,0,2696,0.9131969402705904,0,0.11288153743751406,1,1.18,0.2223
12,7,1,3,2,3708,0.661911505125103,0,0.16705941563677607,0,1.34,0.4191
10,4,1,4,4,36,1.156984714825275,3,0.8456772336233577,0,1.19,0.2431
5,5,0,0,0,661,0.26794331513144926,1,0.25426944574885396,0,1.33,0.407
10,10,0,0,0,2169,1.3947877507508415,1,0.08593685126962342,1,1.24,0.2977
15,7,0,0,7,71,0.8153094698626138,1,0.3362612021190697,0,1.15,0.1876
20,4,1,15,5,7565,0.1900691028513583,2,0.25299083171587355,0,1.09,0.1124
20,11,0,0,6,4825,1.4521087543645175,2,0.23392973131707995,0,1.06,0.0755
12,4,1,1,5,2962,0.42289432762734114,1,0.2426825426499312,0,1.19,0.236
5,4,0,0,0,2260,1.0558701391921617,4,0.23802938475099844,0,1.18,0.2251
5,2,0,0,1,2274,0.24090471964447352,1,0.29356640079210045,1,1.24,0.2986
5,4,1,2,1,1387,0.13529355030036655,1,0.9633118917914398,0,1.5,0.6281
5,3,0,0,2,7063,1.2108164946381264,1,0.4249937965845052,0,1.15,0.1914
20,20,1,1,0,6708,0.09970969531375734,0,0.5709632166000955,1,1.5,0.6251
15,15,1,1,0,4923,1.4328641524310155,2,0.771303038558934,1,1.42,0.5245
15,14,1,2,0,5573,0.19551108535360784,1,0.9872725963698438,1,1.49,0.6132
5,5,0,0,0,5044,0.09606528579718276,2,0.22504763429542968,1,1.26,0.3294
12,4,0,0,4,3688,0.8143895836496766,1,0.13066419797045092,0,1.08,0.097
5,2,1,4,0,1406,1.0960261461311647,3,0.859035988607505,1,1.26,0.3236
20,13,1,1,5,3853,1.4934063027052589,1,0.5681626629100838,1,1.25,0.3145
5,4,0,0,1,7980,1.3617237866661065,3,0.0778239963807954,0,1.1,0.1265
20,13,0,0,7,5134,0.47475266889393053,0,0.06836770136461762,0,1.14,0.1785
5,2,0,0,3,7740,0.20255720502082114,2,0.4889967118691173,0,1.09,0.1094
20,1,0,0,8,258,0.6367392490148027,1,0.48611485460817877,0,1.12,0.1522
12,6,0,0,4,5691,1.3739145059310784,1,0.3258398974392135,0,1.07,0.089
10,7,0,0,3,2428,1.4338781999430663,3,0.2121945090362552,0,1.08,0.1056
10,10,0,0,0,9160,0.7948429448309118,3,0.19500803037378034,0,1.13,0.1687
20,10,0,0,3,9780,0.7061435885814045,4,0.19902742033946885,0,1.02,0.02
15,15,0,0,0,5340,0.14353517408700173,1,0.32410458872427794,0,1.28,0.3548
10,10,0,0,0,8218,0.3854876029664213,3,0.3960222955244806,0,1.19,0.2399
20,10,0,0,4,6875,0.5897556518463962,1,0.13428980216648329,0,1.08,0.097
20,6,1,2,11,2500,0.44094206461544744,0,0.24277346798463884,0,1.2,0.2548
15,15,0,0,0,5430,1.3103629586396013,3,0.004769477012772472,0,1.15,0.1889
20,13,0,0,4,9408,0.5216551464066567,2,0.357076573196087,0,1.06,0.0794
10,8,0,0,1,4200,0.7320573364226248,0,0.18482155881126072,0,1.24,0.2986
20,1,0,0,18,8125,0.591726947021258,4,0.4222607656568274,0,1.02,0.02
12,3,1,2,8,6041,0.42519172389611876,2,0.13131927988151512,0,1.1,0.1215
12,11,0,0,0,1417,0.7573122226429606,2,0.20906534148546557,0,1.24,0.3039
5,1,0,0,4,1734,0.8828791460238814,2,0.48036404411412154,0,1.08,0.1008
10,2,0,0,3,5775,1.4299863973307076,2,0.44940768740317333,0,1.02,0.026
10,3,1,7,6,8401,1.216095697845619,1,0.5478845990546964,0,1.09,0.1081
10,3,1,4,2,5604,1.3566021547754286,5,0.6836743241417825,0,1.17,0.2076
10,1,0,0,7,352,0.3957091124195363,0,0.25946868213237845,0,1.15,0.1909
12,7,0,0,3,976,1.3918509447930405,2,0.13131680618303682,0,1.1,0.13
12,6,0,0,4,3809,0.7591246436107664,4,0.015810019118731977,0,1.05,0.0632
5,4,0,0,0,798,1.0900057038873188,4,0.32865941257813625,0,1.2,0.2543
12,8,1,4,0,7963,0.6719931820033023,0,0.4835037509477016,1,1.33,0.412
12,7,0,0,1,9330,0.046162767388740145,3,0.35394034761826765,0,1.15,0.1912
5,4,1,2,0,8823,1.1094119535002056,2,0.8254105394396359,1,1.31,0.3924
15,10,0,0,4,1620,0.5978388362161914,0,0.12736025022877445,0,1.18,0.2261
15,7,1,5,8,4327,1.1573832967017208,2,0.24719953457243632,0,1.15,0.1835
20,10,1,5,2,9055,0.5122891131320457,3,0.3911389854788315,1,1.21,0.2592
15,15,0,0,0,6201,0.7149306844658105,1,0.24039308408986365,0,1.22,0.2781
15,6,0,0,8,3879,0.2330149537650254,2,0.018260189690686934,0,1.1,0.1266
5,4,0,0,0,1183,0.6893993244573353,1,0.15074420767717972,0,1.25,0.3187
10,6,1,5,2,4791,1.0806241036385145,2,0.5527614903688254,0,1.28,0.353
20,17,0,0,0,124,1.3144385227859061,0,0.36622731456686486,0,1.28,0.3549
10,9,1,2,0,7856,0.7054443340373622,0,0.7208389641958857,1,1.42,0.5203
20,19,1,2,0,1629,0.7586134475331665,3,0.7257066901729621,1,1.44,0.5483
12,12,1,1,0,6998,0.9560887469027023,1,0.18859123814049078,0,1.38,0.4778
10,10,1,1,0,990,0.32145010848431793,2,0.3876868560297706,0,1.5,0.6207
10,8,1,1,2,4919,0.2770708643548248,1,0.8639121274982565,1,1.44,0.553
15,9,0,0,5,5718,0.790838967375725,1,0.16926331736341788,1,1.09,0.112
10,3,0,0,5,1308,0.9430820805383732,5,0.04190207954753039,0,1.04,0.0544
5,5,1,1,0,3312,1.1024744574448433,0,0.8758936661063321,0,1.49,0.6104
5,1,0,0,0,761,0.8904158166696216,0,0.06173178686536801,0,1.19,0.2345
15,13,0,0,1,6021,1.0014025703748526,2,0.4467672917492185,0,1.18,0.2221
10,4,0,0,2,2477,1.3938914627968382,2,0.4654038361723809,0,1.17,0.2067
15,1,0,0,12,2913,0.8472287443295942,1,0.3224531619324585,0,1.06,0.0807
10,10,1,1,0,8955,0.28805047854224425,5,0.26810272644613364,1,1.37,0.4683
5,4,0,0,0,8093,0.39796966049376215,0,0.34692269313613316,0,1.23,0.2866
20,7,0,0,12,4970,1.139581993021388,2,0.1867598321158706,0,1.03,0.0396
12,12,1,1,0,7540,0.8815417042969683,1,0.40634635390979423,1,1.4,0.4946
15,5,0,0,0,9273,0.07098679520463202,0,0.12539916755598135,0,1.17,0.2138
10,6,0,0,0,504,0.8673446792542705,2,0.18347891590849763,1,1.21,0.2571
5,1,0,0,2,1477,0.15566206295211105,1,0.3294713969673714,1,1.23,0.292
12,12,0,0,0,595,0.1518977714811145,3,0.0625391134081627,1,1.28,0.3509
15,10,0,0,2,5651,0.78085581644876,2,0.3170459725399195,0,1.17,0.2092
20,18,0,0,0,7989,0.5958412943493487,4,0.02039250671775905,0,1.14,0.1772
5,5,1,1,0,869,1.0666942770046348,1,0.9498066214278305,0,1.5,0.6263
15,8,0,0,1,1164,1.3955499868522943,2,0.25726346829112023,1,1.18,0.2298
12,8,1,4,0,9592,1.058234322867952,3,0.7602596463591521,0,1.24,0.2969
20,19,1,2,1,5396,0.7318149089970892,3,0.17762425417356842,0,1.36,0.4506
15,2,0,0,11,3881,0.28255234810060464,3,0.246538354893787,0,1.06,0.0733
10,7,0,0,3,2368,0.9358334147444556,2,0.2753066489925718,0,1.12,0.1446
20,17,1,4,0,4300,1.0787670360779695,3,0.5816084569060644,0,1.35,0.4335
15,10,1,1,2,5273,0.7126184700753657,3,0.6363531557133528,1,1.3,0.3806
20,6,0,0,14,1469,0.6107464477006874,1,0.2717349349906816,0,1.13,0.157
10,4,0,0,4,9852,1.3989685760117516,2,0.4544904459574321,0,1.02,0.02
12,8,0,0,2,92,0.4154967276820741,1,0.0660334053845204,1,1.27,0.3357
20,11,1,4,2,9945,0.8854697584876028,1,0.14301973869197435,1,1.21,0.2616
5,2,1,2,0,4722,0.34032887220441727,3,0.5991371969913908,0,1.26,0.3191
5,3,1,2,2,4781,0.8558421069369098,3,0.9395615992242692,1,1.3,0.3719
10,3,1,3,2,949,1.363376616182181,1,0.462133485587237,1,1.25,0.3131
12,3,0,0,5,4716,0.9518024000491615,1,0.14569219301036607,0,1.05,0.0566
12,3,0,0,5,730,1.10522524774455,1,0.46396710061851076,0,1.11,0.137
10,8,0,0,1,4883,0.15079553803775386,2,0.34774422958882517,0,1.24,0.3062
15,5,0,0,4,7956,0.8015783463528947,3,0.10815047014808099,0,1.02,0.02
10,4,0,0,2,7896,0.39385855715393553,1,0.2173286590255421,0,1.15,0.1929
5,3,0,0,0,324,0.21902535838816234,1,0.26094223096373914,0,1.29,0.3574
20,9,1,8,0,1646,1.4950089128291881,6,0.6483733470608566,0,1.26,0.3227
15,2,0,0,13,9470,0.8074895580148681,6,0.13256163072286975,0,1.02,0.02
12,11,0,0,0,8287,1.1484072273866885,2,0.1343503678771341,0,1.14,0.1706
12,1,0,0,3,8884,0.7395273127222547,3,0.3081086981470696,0,1.02,0.02
20,18,0,0,1,8784,1.4660535911664538,1,0.45230262655643466,0,1.17,0.2128
5,3,0,0,0,4996,1.0831461694018212,0,0.2951155987031794,0,1.19,0.2387
12,4,1,9,8,4599,0.5743639922696784,1,0.8918668432348443,0,1.2,0.2483
12,11,0,0,0,5977,0.1173631478700341,2,0.4271729913913577,0,1.25,0.3169
12,7,1,6,4,5783,0.0750537546521351,0,0.822411246435327,0,1.32,0.399
20,10,0,0,6,4263,1.2943189261488377,0,0.38899221299422715,0,1.11,0.1422
15,11,1,3,1,830,0.017807020004038943,1,0.438344537862964,1,1.46,0.5802
15,7,1,3,1,7380,1.4236686853323706,2,0.44022795600987563,1,1.2,0.2532
12,6,0,0,6,8367,0.593605295050078,0,0.4207578620310616,1,1.1,0.1238
10,1,0,0,0,1878,0.7626089649669405,0,0.3354873547428925,0,1.19,0.2374
10,7,0,0,0,6412,0.8972736683130036,1,0.2587305046921456,0,1.17,0.2131
10,1,1,9,4,8507,0.42810793545426234,4,0.7310270182452192,0,1.04,0.0471
5,5,0,0,0,8495,0.24694086984812275,0,0.22815395582908665,0,1.25,0.3161
15,13,0,0,0,6324,0.2263739740702947,2,0.2189819819812842,0,1.22,0.2767
20,10,0,0,4,4826,0.9947217440997338,2,0.3678213300056826,0,1.06,0.0792
15,1,1,3,12,6147,0.42359566515874053,2,0.2088997907608598,0,1.04,0.0548
15,6,0,0,4,3791,0.5945342579512123,0,0.18681732604636214,0,1.13,0.1586
12,8,0,0,0,1186,0.15955224957786557,0,0.0013506084170817334,0,1.29,0.3664
20,8,1,4,7,9454,0.522716963693483,0,0.6823631496329865,0,1.17,0.2165
10,7,0,0,3,7140,0.1425696879925284,4,0.012710342589762447,1,1.08,0.1047
12,5,0,0,2,4862,0.45708420907946795,1,0.1214842292272853,0,1.18,0.2269
10,1,0,0,3,1513,0.7359712490110902,3,0.2322561252520387,0,1.05,0.0573
10,5,0,0,1,3030,1.445915601403415,0,0.11368997709717288,1,1.19,0.2386
5,3,1,2,2,8968,0.050683726422372954,1,0.4113545660768827,1,1.32,0.4007
15,14,0,0,0,7556,0.21844310778817716,0,0.23512454266437716,0,1.26,0.3236
5,3,0,0,1,7965,1.39881468912897,1,0.13756387868804604,0,1.12,0.1549
10,5,1,4,0,2206,0.3732244730073332,2,0.4952894598386871,0,1.33,0.4109
5,3,0,0,0,1546,0.23382104629470857,0,0.3436861834680667,1,1.3,0.3709
10,2,0,0,2,2233,1.4293654703452645,1,0.007101078085382351,1,1.14,0.1704
10,6,0,0,2,5109,0.6825231576966717,3,0.36343178300890316,0,1.16,0.1942
10,5,0,0,2,1032,0.7799971860553827,1,0.24511098732687042,0,1.22,0.2745
10,4,0,0,1,6822,1.10584151587474,1,0.4517038779313965,1,1.13,0.1671
5,2,1,2,1,1817,1.0834667524855617,0,0.4979405243015306,1,1.29,0.3686
5,5,0,0,0,3759,1.3083067934983426,0,0.1927352173498677,1,1.25,0.309
20,2,0,0,10,9814,0.41333500518184313,5,0.3339622367980423,0,1.02,0.02
10,5,0,0,2,1392,1.4807517594453066,1,0.2556490121852443,0,1.2,0.2479
10,5,1,2,4,7161,1.395993755950696,1,0.8833563174031317,0,1.19,0.2316
5,2,0,0,2,8096,1.0593487477976729,3,0.07995662251206376,0,1.05,0.065
10,7,0,0,2,336,0.1119924669678361,1,0.48117506671913896,0,1.32,0.4006
12,1,1,1,2,1218,0.5900292581216428,2,0.30784749813887,0,1.18,0.2265
12,1,1,1,6,3444,0.7595546064783134,6,0.22681354931918518,0,1.03,0.043
5,2,0,0,0,5125,0.32262784317763926,1,0.3592300891615834,0,1.2,0.2529
20,10,1,5,7,1645,0.24437488950242864,1,0.617751635369275,1,1.29,0.3686
15,12,0,0,2,747,0.47036269809604614,3,0.31098131206548824,0,1.25,0.3066
15,12,1,1,0,1359,0.9890683929021973,2,0.9379173482917339,0,1.41,0.5144
10,4,0,0,1,3627,0.8628124395942014,2,0.03494590594397384,0,1.14,0.1688
20,9,0,0,8,9867,0.9855977737994182,2,0.022353465709430975,0,1.02,0.02
12,8,1,3,1,6968,0.27781126746584023,2,0.33109256398412185,1,1.32,0.4009
15,11,0,0,4,6571,0.06187548520759578,1,0.04777193728238316,0,1.15,0.1824
20,8,0,0,0,6792,1.1444983465679133,1,0.24404850793641364,0,1.12,0.151
15,1,1,5,14,5965,1.1642572380603355,2,0.48627152376403104,0,1.02,0.0221
10,4,0,0,0,5623,1.2424103472239825,1,0.4785535480000257,0,1.15,0.1873
15,9,0,0,3,1251,0.9729684885930945,6,0.19900321875190752,0,1.09,0.1099
10,8,0,0,0,8708,1.493274672885487,0,0.007474985552119451,0,1.15,0.19
5,3,1,2,1,500,1.02090580517873,2,0.6606755989192861,1,1.34,0.426
15,7,1,5,6,45,1.2945431688754272,1,0.6044854171750937,0,1.24,0.303
20,5,0,0,15,4869,1.2090247569046035,1,0.21391172831912497,0,1.04,0.0549
20,13,0,0,3,3154,0.8696697638541238,0,0.13081240314591497,0,1.14,0.1737
15,10,1,2,5,8656,1.2334120672093878,2,0.7427187942419374,0,1.19,0.2362
15,7,0,0,6,303,1.075571908060657,0,0.405930849916292,0,1.16,0.1979
15,13,1,1,1,5659,1.2933144611298586,2,0.4701271586309822,0,1.35,0.4374
12,10,1,2,2,7440,0.1914347793566299,2,0.3375647687186839,0,1.37,0.4679
15,11,1,5,4,9895,0.7828126655603653,1,0.6210434585848214,0,1.23,0.2823
5,1,1,4,3,5280,0.15456254014647403,1,0.3731591123903003,1,1.15,0.1865
5,5,0,0,0,8431,1.1238257476363473,1,0.00608991770827072,0,1.16,0.1974
15,15,0,0,0,7235,0.40469408683854624,2,0.3363568057502181,0,1.22,0.2746
15,10,0,0,3,1913,1.0848441879083017,6,0.18121570559388533,0,1.08,0.1058
10,7,0,0,1,2673,0.09994199761556205,2,0.22162672073748108,1,1.26,0.3193
12,2,1,7,2,4035,0.8692412741853919,3,0.2979995250129627,0,1.13,0.1614
5,3,0,0,1,4124,1.3591636209705569,1,0.3540849609177854,0,1.18,0.2298
20,8,1,4,1,3055,0.9109000051522319,2,0.6794811347996137,0,1.26,0.3201
5,3,1,1,1,5386,0.9368958772802315,2,0.9694505194886791,0,1.31,0.3837
12,8,1,4,1,5882,0.2282218303792748,4,0.9863844095022418,0,1.36,0.4479
20,1,1,19,10,8772,0.4372753922267885,1,0.9297600671194751,0,1.07,0.0919
12,10,1,3,2,8391,0.5516806282208454,0,0.6784714414677515,0,1.4,0.4982
20,20,1,1,0,1764,0.7680474280372346,0,0.40691538380728276,1,1.5,0.6193
10,3,0,0,0,3835,0.18219715636069123,2,0.12163654223534931,0,1.18,0.2257
15,2,1,7,2,7332,0.2882590998216734,0,0.40330251220353264,1,1.2,0.2455
15,2,0,0,2,4014,1.4677416970076862,2,0.24851182388860332,1,1.1,0.1263
5,2,0,0,1,464,0.975376079469285,1,0.24340353849162172,0,1.2,0.2483
15,1,0,0,14,6627,0.2522116288421206,3,0.35151584998706575,0,1.03,0.0335
15,7,0,0,2,557,0.394321052983989,0,0.3522118107387433,0,1.28,0.3504
10,7,1,4,1,2324,1.131423499552824,0,0.3244382091963029,0,1.37,0.4641
12,8,1,1,3,7750,0.3011500935890027,0,0.4961149268916938,1,1.28,0.3533
15,4,1,8,3,6583,0.0977996500592257,1,0.9235291811239759,0,1.19,0.2427
20,20,1,1,0,5051,1.3322849294462809,3,0.529739245416185,0,1.38,0.4766
15,5,0,0,5,7055,0.6512798879452043,0,0.22768206728075024,0,1.08,0.0973
10,3,0,0,2,3831,0.1884190552804531,1,0.24907536012557419,0,1.21,0.262
10,3,0,0,4,5838,1.2905552059207208,2,0.21982786702958246,0,1.02,0.0217
10,1,0,0,7,6182,0.7421915324128101,2,0.06811682577286282,0,1.02,0.02
5,4,1,2,1,5674,1.11544301790112,2,0.7448982758010996,0,1.35,0.4331
15,3,0,0,4,7336,1.084351511171667,3,0.425603692722372,0,1.02,0.02
10,7,1,1,0,4636,0.13686726195638305,3,0.11661077713872038,0,1.34,0.4191
5,1,1,5,0,3796,0.4959012149550028,3,0.7957811274554007,0,1.2,0.2551
5,1,0,0,3,6761,0.32101066976081133,1,0.13335171531860712,0,1.06,0.0805
15,10,1,5,0,895,1.397133291129329,3,0.6996431232287629,1,1.34,0.4225
12,7,0,0,3,5644,1.020164547649916,3,0.23554142535225658,0,1.03,0.0417
10,10,1,1,0,4537,0.13294946212437114,4,0.4873797172791702,1,1.45,0.5676
5,2,1,1,0,1351,0.6418042722794868,0,0.6571837857440077,1,1.34,0.4241
12,6,1,7,3,2037,0.7260584103417727,3,0.8610636701035169,0,1.22,0.2807
12,6,0,0,4,9522,0.35353067149606415,3,0.4767179123789176,1,1.04,0.055
12,8,0,0,3,6176,0.28621423716946065,1,0.47781068989067804,1,1.15,0.1903
10,7,0,0,0,3534,0.8261149213366082,1,0.17690141532198778,0,1.21,0.2569
12,12,1,1,0,7181,0.6255730924813514,2,0.6090803941463098,1,1.41,0.5151
10,4,1,2,5,5465,0.012047795813434403,2,0.3562069527521359,0,1.2,0.248
5,4,0,0,0,1125,0.979139633964188,1,0.37075862616349514,0,1.25,0.3082
12,7,1,1,0,6221,0.5703617496200853,2,0.6456852526370788,1,1.3,0.3755
5,1,0,0,3,3970,0.8872642982024739,1,0.1215009570643929,0,1.05,0.0648
10,1,1,10,5,2792,0.5196492734563738,0,0.8426934511766587,1,1.17,0.2126
20,12,1,5,6,6004,0.9696026049986995,1,0.7709527768174954,0,1.23,0.282
5,4,1,1,0,7408,1.4594660706304574,0,0.3423433818746869,0,1.34,0.4283
10,8,0,0,2,3603,1.4255152147708576,0,0.14763031504298696,1,1.22,0.2778
20,2,0,0,14,9123,0.8389528081152405,0,0.22411329105411226,0,1.02,0.02
20,9,0,0,3,6211,0.2291256475014249,0,0.3208877022205056,0,1.14,0.1771
10,6,0,0,2,9130,0.21620349598409272,3,0.07700816268718313,0,1.13,0.1576
12,9,1,1,2,5265,0.9002729164714884,2,0.3607638404760004,1,1.32,0.399
20,6,0,0,8,8382,0.757586700405613,3,0.1844412607779446,0,1.02,0.02
5,3,0,0,1,5629,1.2795203384818883,1,0.35695729204181714,0,1.17,0.2075
5,4,0,0,1,9715,1.1020620083605466,1,0.20734905915256407,1,1.13,0.1642
5,3,0,0,1,6347,0.9414298109740589,1,0.004502832132237622,0,1.14,0.1743
20,3,1,15,1,7852,0.6938449624706993,2,0.1593360004217341,0,1.1,0.1307
15,9,0,0,0,1590,0.9593431470509408,0,0.1265760627448087,0,1.22,0.2803
5,5,0,0,0,3238,0.4951676967828617,1,0.43064316637738187,1,1.29,0.3597
15,8,0,0,2,6693,0.13442058599298395,0,0.41332090185674136,0,1.24,0.2992
15,11,1,5,4,5413,1.2802209997897345,1,0.8161360165853538,1,1.27,0.3434
5,3,1,3,0,5285,1.2379523435140718,0,0.2537741794478183,1,1.3,0.375
10,3,1,5,6,1781,0.3168955984631519,1,0.5211868294935478,1,1.22,0.2736
12,7,0,0,2,800,0.4646468747777806,1,0.4791255861162516,1,1.27,0.3407
20,9,1,9,5,5903,0.3773183296994172,1,0.27279275520771107,1,1.2,0.2444
12,8,1,4,3,4638,0.6147577171643911,3,0.38956332687245,1,1.22,0.2801
12,12,1,1,0,3549,1.1651524070251094,2,0.8737559051520092,0,1.44,0.5533
15,14,1,2,1,3619,0.8457050866674664,0,0.9539612546203551,1,1.48,0.6015
10,2,0,0,5,4654,0.45951686280321946,2,0.4652387959818341,0,1.08,0.0981
15,4,0,0,11,9763,1.3668531231715397,2,0.054891476835202235,0,1.02,0.02
15,15,0,0,0,10000,1.25723880210163,1,0.2623442060467387,0,1.16,0.1943
20,16,0,0,3,5467,1.0404264566743182,3,0.2097698222633559,0,1.06,0.0748
5,2,0,0,1,8981,1.337180809717124,6,0.19118229895835542,0,1.05,0.0606
15,15,0,0,0,3097,1.0959553818943162,3,0.35605902816706764,0,1.2,0.252
10,8,0,0,1,4118,0.6926672336707349,1,0.0367752394881396,1,1.21,0.2652
15,3,1,12,6,9669,0.7138900460474449,2,0.4955034009636283,0,1.04,0.0479
5,5,1,1,0,2303,1.4878402247139675,0,0.21544909521630928,1,1.46,0.5727
20,12,0,0,6,7021,0.5560659855566761,0,0.2215379664667244,0,1.12,0.1468
20,19,1,2,0,944,0.14086494724654514,1,0.7747775908273343,1,1.54,0.6776
5,2,0,0,1,2840,0.2931338799575235,0,0.12116286512316071,0,1.24,0.2978
5,2,0,0,1,7802,1.2768867730494111,0,0.365676985888689,0,1.14,0.1722
5,4,0,0,1,7556,0.9058169844361319,0,0.3992704576410436,0,1.2,0.248
20,11,0,0,0,2060,0.24810135675203854,1,0.26332113176259875,0,1.26,0.3212
12,6,1,7,0,9364,0.023049376102084962,2,0.686202495220185,1,1.28,0.3538
10,5,0,0,2,1620,1.0648431500721802,0,0.2039300127954567,0,1.21,0.267
20,17,1,3,0,548,0.5303232813065057,2,0.7284819915465041,1,1.46,0.5752
15,3,0,0,5,9998,0.4514365733380087,2,0.47952199843570387,0,1.02,0.02
12,9,1,1,1,8697,0.329986690345396,0,0.7445148764290638,1,1.39,0.4886
5,5,0,0,0,679,0.1960473806224695,0,0.17043826979196824,1,1.35,0.4338
15,14,1,2,1,2996,1.2558599992731891,0,0.9481091569042217,0,1.48,0.5949
10,3,0,0,5,834,0.8938902181751007,2,0.4166047284551312,0,1.1,0.1231
12,3,0,0,4,7111,1.0830317150400435,1,0.20399574173479346,0,1.02,0.0205
5,2,0,0,3,7336,1.3871212137965425,2,0.06081144534004712,0,1.02,0.02
20,18,0,0,1,9966,0.850418786219482,2,0.20084528428080717,0,1.13,0.1632
5,3,0,0,1,9107,0.19849583418013705,4,0.42866391176677643,1,1.15,0.1878
20,11,0,0,5,4959,0.7661880457483259,2,0.05800869356150157,0,1.07,0.0828
10,9,0,0,1,8620,0.9686393572960317,5,0.3697932448391244,0,1.13,0.1584
20,12,0,0,3,6642,0.6537605533090891,2,0.29649424439125494,0,1.08,0.0954
15,1,1,14,9,8380,0.26280354438606,3,0.3724728134241092,0,1.02,0.0238
10,3,1,3,7,2126,0.8831391953475143,3,0.5264275914641249,0,1.13,0.1589
20,11,0,0,7,1304,1.335172704464714,1,0.053194202707038674,0,1.11,0.1405
10,2,0,0,1,3055,1.1252254219477766,0,0.4172368717313142,0,1.17,0.2176
12,3,0,0,3,2471,1.162719116592892,1,0.4522126711585751,0,1.09,0.1099
10,4,0,0,1,2413,0.4856534635019492,5,0.4908422529685244,0,1.19,0.2345
15,9,0,0,0,8522,1.4187467566738046,1,0.20387012346485972,0,1.12,0.1518
10,2,0,0,4,7443,1.3455710823152864,2,0.4564194290969876,0,1.02,0.02
15,10,0,0,0,533,0.617333619817541,0,0.461340717003306,1,1.29,0.3672
10,4,0,0,5,5539,1.038920165137651,2,0.14994287002790246,0,1.03,0.0356
15,15,0,0,0,9624,1.017589719608861,3,0.43520541427915016,0,1.13,0.1605
12,5,0,0,5,4090,0.7995458422323833,0,0.29562145287530706,0,1.12,0.1448
12,10,1,3,1,386,1.490453172739413,0,0.3166054748607582,0,1.44,0.5445
5,2,1,2,3,8732,1.3968999411020067,3,0.9161855486371475,0,1.09,0.1183
20,2,1,15,0,197,1.060229167515216,1,0.11410513649985321,0,1.17,0.2185
15,6,0,0,5,9963,1.1629736308205643,4,0.35651410114454835,0,1.02,0.02
5,1,0,0,4,1568,1.2987634331243725,0,0.29773950333283655,0,1.1,0.1303
5,5,0,0,0,1168,1.1324680997237448,0,0.4306246925915325,0,1.29,0.3669
20,15,0,0,0,8244,0.5021152976990433,2,0.4557984432801371,0,1.18,0.2218
10,2,0,0,3,4385,0.6123327338823481,1,0.4095822500481149,0,1.09,0.1091
20,15,0,0,0,2006,0.65996065056357,2,0.384475233579698,0,1.24,0.2938
5,4,0,0,1,4750,0.705817027426834,1,0.4131345749312905,0,1.23,0.2846
15,14,0,0,1,8709,0.5295364040379831,2,0.3170385306042828,1,1.18,0.2284
10,1,0,0,9,5408,0.0455961222172892,2,0.4641083978237972,0,1.09,0.1131
20,5,0,0,4,8046,0.5524054881676814,1,0.4444421370419163,0,1.06,0.0705
5,1,1,1,1,1354,0.48596415984230845,2,0.37893691830624976,0,1.23,0.2861
10,7,1,3,3,8816,0.30668307212909535,0,0.6580284469104113,1,1.29,0.3627
5,4,0,0,0,2438,1.2184440831352217,0,0.36976221713361224,0,1.25,0.313
12,5,1,5,1,6851,1.0081576005206472,1,0.8513186433219464,0,1.24,0.3012
5,5,0,0,0,9678,0.1289606029188174,5,0.3001093055309847,0,1.19,0.2359
20,9,0,0,2,1438,1.3582030382061234,4,0.33362241431661976,0,1.15,0.1926
5,2,1,4,2,6447,0.09431367317173145,1,0.6121392849960996,0,1.3,0.3722
20,18,0,0,1,4507,0.5844390260370156,5,0.012404665021282901,0,1.18,0.2299
20,12,1,2,6,703,1.2548906686964267,1,0.7011403619101682,0,1.28,0.3529
12,1,0,0,9,4697,0.7403591899034716,1,0.14835565426434238,0,1.04,0.0532
20,15,0,0,2,8368,0.9863907483658156,2,0.23070059541278803,0,1.12,0.1535
10,3,0,0,5,5768,0.2565162816273426,1,0.3866520200571877,0,1.11,0.1371
20,14,1,1,2,4340,0.869486945514474,0,0.9105908956915597,0,1.4,0.4938
5,3,1,1,1,2567,0.45393342762283306,2,0.9054195783081992,0,1.38,0.4692
20,16,0,0,4,6265,1.144590905644563,1,0.43339429907512095,0,1.11,0.134
12,12,1,1,0,4029,0.10370000372623406,0,0.724804134437534,0,1.54,0.6772
20,8,0,0,9,4145,0.6605276608398785,2,0.27691545793391176,0,1.08,0.1006
20,9,1,7,8,9280,0.5214985061382998,0,0.13500623102214354,0,1.16,0.195
12,4,0,0,0,7815,1.4815066908502383,3,0.029281355260239172,0,1.04,0.0551
5,2,1,4,2,1076,0.9598960311757871,2,0.7160275916906299,1,1.28,0.3478
10,2,1,3,0,8493,1.2395981606169502,1,0.9313204069196832,0,1.16,0.1984
15,2,0,0,1,7518,1.114502877781422,5,0.05771378035213387,0,1.03,0.0318
5,5,0,0,0,6820,0.5891413783870788,0,0.1369359098526855,0,1.24,0.2997
15,12,0,0,2,926,1.451954168280382,1,0.18043330099006877,1,1.24,0.2939
12,6,1,3,6,4133,0.6295084382359024,4,0.818399063429212,0,1.2,0.2555
15,4,0,0,2,9843,1.3026938684212057,1,0.19029359744888352,1,1.06,0.0809
10,5,0,0,4,1496,1.226298623937181,2,0.08489631977547368,0,1.08,0.106
20,20,0,0,0,4476,0.818232222085443,0,0.22628225171779132,0,1.26,0.3191
12,4,1,5,6,8445,1.3349455577058715,2,0.18954184029613536,0,1.05,0.0652
5,1,0,0,2,362,0.8918251517175673,1,0.38126755602701,0,1.19,0.2392
12,4,1,7,7,7868,1.0105674715812731,0,0.5277636789089575,0,1.12,0.1542
15,9,1,2,0,4312,0.952254233968826,2,0.9106532291115851,1,1.31,0.3936
12,5,0,0,2,2256,0.726319598639686,3,0.4308869198946773,1,1.17,0.2105
5,5,0,0,0,3651,0.5464361320103684,1,0.2804782497485731,1,1.27,0.3364
15,9,0,0,3,16,1.0250044219203207,1,0.4242862047910231,0,1.16,0.197
15,3,0,0,8,4942,0.8104413640085495,0,0.2035706922779557,0,1.07,0.0911
15,6,0,0,0,4878,0.6267173743522503,1,0.2711021943596575,0,1.18,0.2192
10,4,0,0,5,9388,1.4148514250204534,4,0.1738175434881007,0,1.02,0.02
12,1,0,0,5,9748,0.4625326059484654,2,0.27176718918706183,0,1.02,0.02
5,2,0,0,2,1718,0.8973566397778447,3,0.1878243677465004,1,1.14,0.1795
20,17,0,0,2,4623,0.3243493415864869,0,0.2851930497881134,0,1.28,0.3485
12,8,0,0,0,4816,1.4571027729129693,0,0.4506120114888946,1,1.21,0.2638
12,6,0,0,3,4849,0.8201806872424255,2,0.05098418448146175,0,1.06,0.071
15,1,0,0,8,5458,0.18264956639934815,4,0.38053019198373805,0,1.05,0.0603
20,18,0,0,2,9364,0.6211029291606638,1,0.21601239981687081,0,1.18,0.223
20,10,0,0,6,3854,1.332013269003957,3,0.01838889636654495,0,1.03,0.0387
10,9,1,2,1,8565,1.2165325339383402,0,0.325658643401849,0,1.36,0.4486
20,3,0,0,13,4158,1.2945815896739237,3,0.23977056255311419,0,1.02,0.02
15,11,0,0,0,8221,0.3226072071975787,2,0.47497750466610206,0,1.19,0.2391
20,4,1,5,2,5268,1.257619096751056,3,0.29571587523224896,0,1.11,0.1426
10,7,0,0,2,2584,0.09778920327703655,0,0.057778349418169395,1,1.29,0.3611
10,1,0,0,1,135,1.3661277191072208,2,0.19055466300414142,0,1.14,0.1749
15,13,1,1,1,7351,1.3282857581297955,1,0.444578693935185,0,1.35,0.4366
5,4,0,0,0,6473,0.5718985786335709,3,0.027183089220091883,1,1.15,0.1879
12,5,1,4,3,4923,0.944461851348686,2,0.6168433422313785,0,1.15,0.1902
12,3,0,0,0,7144,1.1222179036547117,2,0.0861559186487248,0,1.07,0.0839
12,2,0,0,1,5537,0.3551970518941782,1,0.4738012508038611,0,1.17,0.2177
10,9,0,0,1,3307,1.1010065258994068,0,0.1428324944233615,0,1.24,0.2968
15,9,0,0,4,9234,1.3907622566039832,1,0.06596491287690542,0,1.02,0.0301
10,7,0,0,1,1932,1.4242431476087427,3,0.058731036398191994,0,1.16,0.2007
12,9,0,0,0,8758,0.20198874207668532,2,0.37662976929790937,0,1.19,0.2377
15,10,0,0,4,5054,0.2900739892482374,2,0.06498521830940629,0,1.12,0.147
20,18,0,0,0,1139,0.9665942434227985,1,0.16116665590023682,0,1.25,0.3075
5,3,1,1,0,7765,1.3388135437978423,0,0.8981386006091695,0,1.31,0.3894
15,13,0,0,0,3936,0.5989488840386787,4,0.3471373732179315,1,1.21,0.2588
20,11,0,0,6,8783,0.9932595184853591,6,0.009133990804838343,0,1.02,0.02
20,20,0,0,0,6553,0.576172366865654,0,0.15262681455022153,0,1.25,0.3063
15,12,1,4,3,3247,0.6447845536668184,2,0.992797308113366,1,1.34,0.4249
12,1,1,11,9,769,0.19887327027176877,1,0.4272649738940413,0,1.17,0.2086
20,4,0,0,3,6050,0.15800084136744647,2,0.08083616777685576,0,1.06,0.0766
10,8,0,0,2,2035,0.8556868729317915,0,0.2150929333892565,0,1.26,0.3211
20,13,0,0,1,454,0.36501582523518455,1,0.39348036349270454,0,1.29,0.359
10,10,0,0,0,5785,1.3060894599782933,2,0.04885160555053747,0,1.17,0.2138
5,1,1,3,3,5134,1.2211024310800211,2,0.9003742514453966,0,1.1,0.1197
10,4,0,0,4,8727,0.7979576017447474,2,0.4553062536863026,1,1.03,0.0324
20,1,1,4,1,9108,0.944508977789831,2,0.6619824344659532,0,1.07,0.0881
15,11,1,1,1,2995,0.7359145324676092,0,0.2527510957730857,1,1.39,0.4877
12,9,0,0,0,8067,0.6629461634201539,2,0.22203224571026559,1,1.15,0.1896
5,1,0,0,4,130,0.7209311004249659,3,0.2633727479024699,1,1.08,0.097
10,7,1,3,3,3044,0.15283596900509389,4,0.21729552813072311,1,1.28,0.3494
20,16,0,0,1,4349,1.2345424631936468,1,0.4897102568387998,0,1.21,0.2673
10,1,0,0,7,2358,0.35807202590259535,2,0.08131414815785853,0,1.08,0.097
20,4,0,0,12,9886,1.335598183620828,2,0.13064368016841893,0,1.02,0.02
15,7,0,0,7,7796,0.23456041879996042,1,0.058776630812719,0,1.09,0.1076
12,4,0,0,3,5918,1.3707221975043187,3,0.2740600324909092,0,1.02,0.02
15,8,0,0,1,6704,0.1424799674659682,1,0.311296898281345,1,1.21,0.2634
15,2,0,0,4,3155,0.7018048704508975,1,0.0018725473556424066,0,1.06,0.076
20,6,1,9,6,2954,0.2333854865775118,1,0.979869102895425,1,1.24,0.3011
10,6,0,0,3,934,1.0199782651923202,1,0.05325581851590072,1,1.12,0.1536
10,2,0,0,2,3477,1.2317131372458152,1,0.13172137969840464,0,1.13,0.1617
12,10,1,2,2,9231,1.2823754378396566,2,0.7742040211232836,0,1.32,0.3951
12,6,0,0,6,6304,0.5080194066855463,3,0.11913120666996502,0,1.05,0.0592
10,7,1,1,2,938,0.6799496079698142,1,0.45642191167211155,0,1.4,0.5008
5,2,0,0,2,7975,0.4947237132845416,3,0.4054102689190756,0,1.11,0.1433
10,6,0,0,4,3656,0.2843932352650391,0,0.337115724874266,0,1.19,0.2337
5,2,0,0,1,8818,0.36884690028972156,3,0.2206229382155887,0,1.1,0.1285
10,1,1,7,1,6401,1.2113333264989514,0,0.162705577981229,0,1.12,0.156
20,14,1,6,5,5938,0.2055895253048719,2,0.25948844183911557,0,1.26,0.3308
15,10,1,5,1,5307,0.04347088537496435,0,0.48812121206224923,0,1.41,0.5151
10,4,1,3,4,2857,0.27893016808654,0,0.7504858295557271,1,1.28,0.3453
5,2,0,0,3,1607,1.2030938389662045,2,0.22692662784252615,0,1.08,0.1007
12,7,0,0,2,4925,0.8689017443627989,1,0.39782067244272834,0,1.19,0.2319
5,2,0,0,0,9850,1.253613367836979,1,0.40226629787156193,0,1.09,0.1178
5,5,0,0,0,1617,1.1618254912105375,0,0.22657837215251325,1,1.28,0.3439
5,1,1,1,4,1798,0.10937551789050809,1,0.3916251600704632,0,1.2,0.2448
10,6,0,0,1,4896,1.4197536321048152,1,0.3060248107240766,0,1.17,0.2144
20,20,0,0,0,37,0.11273784800712727,1,0.4187596576823868,1,1.36,0.445
15,3,0,0,6,7296,0.1586683603411005,2,0.20670828758695436,0,1.05,0.0679
12,1,1,1,6,4787,0.08850500099865044,1,0.33086838459322715,1,1.12,0.1516
20,12,1,8,4,932,0.4392534336903906,1,0.8132515136753193,1,1.33,0.4145
15,5,0,0,6,9601,1.3409283908288205,2,0.3106700107142246,0,1.02,0.02
5,2,0,0,1,8313,1.0237185993552929,0,0.1641760369053591,1,1.12,0.1484
5,2,0,0,3,2064,0.7282438367488089,1,0.2751477615915648,0,1.12,0.1516
15,13,1,1,1,9560,0.7096418071490621,4,0.19254953445774164,1,1.29,0.359
5,1,0,0,0,510,0.9250861690501103,0,0.3880110892201223,0,1.21,0.2609
5,5,0,0,0,800,0.8937112985849545,1,0.26675429306725673,0,1.27,0.3433
15,1,0,0,9,4470,1.1106796835753845,1,0.08430183069127117,0,1.02,0.023
5,2,0,0,0,4190,1.0607062769035296,1,0.3704046823663721,0,1.16,0.2001
12,8,0,0,2,3969,1.48480122605684,0,0.2089280932610657,0,1.21,0.2572
15,10,1,6,5,98,1.331852757492481,3,0.9836895667173452,0,1.29,0.3572
12,2,0,0,7,8644,1.4163355117106802,1,0.31283359031579655,0,1.02,0.02
10,4,0,0,3,5892,1.0794958883950674,2,0.15693968674188247,0,1.02,0.0308
20,3,0,0,9,1028,1.360461439602718,3,0.32073042616610986,0,1.04,0.0527
12,7,1,5,4,5462,0.15540580435432805,0,0.18227293909272202,1,1.28,0.3446
12,12,1,1,0,1783,0.7507423426149207,1,0.6937583790346814,1,1.49,0.617
12,1,1,11,1,1952,0.23387776449424058,1,0.2746484922210445,0,1.22,0.2751
5,3,0,0,1,8734,0.3173592097339535,2,0.23191486590831606,0,1.15,0.1925
5,4,1,1,0,1735,0.7460717166139146,0,0.8303923057012595,1,1.46,0.5778
12,5,1,3,4,2499,0.42720056137432627,2,0.7432187044914587,0,1.23,0.2884
10,10,0,0,0,2446,0.7343413593414085,1,0.3778549612461964,0,1.27,0.3434
15,8,0,0,2,5546,0.1799343116222879,1,0.19092239946170786,0,1.21,0.2674
5,5,0,0,0,47,1.1156052224286683,1,0.13439854808348878,0,1.27,0.3334
15,3,0,0,4,8594,1.4566086879417295,3,0.4860210470883118,0,1.02,0.02
12,11,1,1,0,8849,0.5500007668119496,2,0.519370073367523,0,1.37,0.458
5,2,0,0,0,7894,0.40101706823828004,2,0.4432653353525839,0,1.15,0.1836
15,15,0,0,0,9959,1.469025036485839,1,0.06469046553377061,0,1.14,0.1791
20,17,1,1,1,7387,0.7617930564239908,2,0.8891727247235546,0,1.37,0.4623
15,13,1,3,1,608,0.7028697065627085,1,0.25499648998632946,0,1.44,0.5523
12,6,0,0,1,9216,0.20504261173355443,3,0.14616665564169123,0,1.12,0.1479
12,6,0,0,0,3194,0.5615042305451093,1,0.4150694511383268,0,1.22,0.2775
10,4,0,0,2,3649,0.09620287835607488,1,0.4021982234576009,1,1.24,0.3012
10,2,0,0,6,1299,1.488257571672614,4,0.008269724644938303,0,1.02,0.0312
10,6,1,3,4,9893,0.3021697224686907,3,0.564705836954494,0,1.18,0.2206
20,16,1,4,0,4021,0.5125645306953424,2,0.9239507886208738,0,1.42,0.521
20,15,0,0,0,2755,1.4319746939831028,1,0.2018396412932571,0,1.21,0.2607
20,8,1,4,3,6828,0.11802548541284674,2,0.3310674412073944,1,1.17,0.2149
20,5,1,8,14,2067,1.10033752940326,1,0.2032203860296828,0,1.12,0.1561
10,6,1,5,0,3452,1.3219873341974275,2,0.7103643261301612,0,1.31,0.3857
15,14,1,2,1,7108,1.3509250981529242,0,0.6935772871269825,0,1.41,0.5129
12,9,0,0,0,1178,0.8577698996794794,0,0.08017232195258284,1,1.25,0.3155
15,4,1,3,4,3975,1.0265781368881102,2,0.5406797906371145,0,1.11,0.1343
10,2,0,0,8,3590,1.043213406283616,2,0.1386879066666507,0,1.03,0.0339
15,4,0,0,8,9010,0.9054667867589817,3,0.017491244154031416,0,1.02,0.02
5,4,1,1,1,3317,1.2396223932733228,4,0.7506734719986773,1,1.35,0.4423
15,6,0,0,5,5064,0.11827354585593813,1,0.2813977676041256,0,1.13,0.1681
12,12,0,0,0,6089,1.082864360988456,3,0.33917531472751,0,1.16,0.2058
20,14,0,0,6,1300,0.248430089115257,0,0.34669750129918886,0,1.23,0.2884
15,9,0,0,4,1184,1.412812575220879,4,0.20067400211925907,0,1.09,0.1083
20,11,0,0,3,1989,1.2538861095417202,2,0.035903772722734595,1,1.08,0.1022
5,5,1,1,0,1665,1.129799552871344,2,0.3212444193698947,0,1.43,0.5374
20,6,0,0,3,3861,0.959425098648093,0,0.34137846236675995,0,1.09,0.1185
12,6,1,6,3,248,1.0434588870647055,0,0.3255903820374126,1,1.25,0.3173
10,3,1,8,2,4000,1.08244445400705,0,0.8893245441354735,1,1.26,0.3281
12,11,1,2,1,1165,0.9606159552398013,1,0.9243554234611099,0,1.47,0.5912
20,17,0,0,3,5465,1.2559347885877274,1,0.010370671403100384,1,1.1,0.1197
12,5,1,2,0,8123,0.4908899177542984,0,0.45220290641844285,0,1.26,0.3277
10,9,0,0,1,6002,0.34957514778692333,4,0.24397395462853244,1,1.2,0.2495
5,2,0,0,3,7110,0.2634233014967496,1,0.06853397127022404,0,1.08,0.1058
20,5,1,5,3,8583,0.7710641845173063,2,0.5886119183298574,0,1.07,0.0854
15,8,1,4,0,5254,0.4485964644132647,2,0.26067961408574336,0,1.28,0.3519
12,2,0,0,9,9885,1.1434781425409637,3,0.12518652535348884,0,1.02,0.02
5,3,1,3,2,4731,0.7816442693701882,1,0.640600540935045,0,1.33,0.4095
20,19,1,1,0,9587,0.6524762687556944,1,0.7266371277704798,1,1.39,0.4929
12,8,1,3,2,9829,1.1255296836125142,1,0.45694551281587514,0,1.26,0.3225
12,4,0,0,3,378,0.621163623185994,1,0.14571954165106388,0,1.13,0.1672
15,14,1,2,1,5701,0.9006835309127178,0,0.9520943332924189,1,1.45,0.5646
20,12,0,0,2,205,0.6008930611579085,0,0.13536137909799167,0,1.27,0.3377
12,9,1,3,3,112,1.435195236762946,0,0.5306417739056967,0,1.35,0.4333
5,3,0,0,0,2154,0.5013229400561398,0,0.4001624297032446,0,1.27,0.3396
12,1,0,0,5,7740,1.4397651401077778,1,0.26071102117416195,0,1.02,0.02
20,11,0,0,6,1120,0.25693583200150977,4,0.15136468859485358,0,1.14,0.1721
10,9,1,1,1,8464,0.12592749224967575,1,0.9582908058669442,0,1.45,0.5614
12,1,0,0,6,8603,1.467685008276426,1,0.24689944785787304,0,1.02,0.02
15,10,0,0,5,6094,0.21994622254137236,3,0.29099376047517933,0,1.1,0.1299
15,9,0,0,0,6639,0.17481691499794888,2,0.3065361549413575,1,1.2,0.2441
20,15,1,5,5,6196,1.4092213315723132,1,0.49648298331104046,0,1.25,0.3126
12,4,1,9,6,1691,0.5077207655519664,3,0.25289458764474243,0,1.16,0.1941
15,9,1,1,0,7269,0.30988366825888836,0,0.846541605704418,0,1.37,0.4617
20,13,0,0,4,2787,0.04698267783323967,0,0.15594507490221227,0,1.21,0.2635
10,8,1,3,1,9576,0.678651742676325,1,0.26256445854541965,0,1.32,0.3948
10,7,0,0,2,9218,1.4565077754594629,2,0.4340742186270944,1,1.12,0.1481
20,13,1,6,0,2808,0.07869073936799109,2,0.15874299320529475,1,1.37,0.4629
5,4,1,1,0,7147,1.1676309173035557,2,0.9284987542417504,0,1.34,0.4257
12,8,0,0,3,6732,0.7233773884536366,4,0.11831837031676329,0,1.04,0.0561
12,11,1,2,1,968,0.8483083719294902,2,0.963106378087991,0,1.47,0.5819
12,7,0,0,3,1054,1.3003103741987685,3,0.020009820369502995,0,1.07,0.0933
10,7,0,0,1,128,0.7133661145776996,1,0.13019650680551098,0,1.25,0.3155
20,20,1,1,0,3104,0.820869063150431,2,0.28691568585783783,0,1.42,0.531
5,1,0,0,1,3245,0.22581121989680408,2,0.07016138748179745,0,1.17,0.211
15,15,0,0,0,1658,1.231279957041995,1,0.14410879147793348,1,1.25,0.31
5,2,0,0,2,9349,0.8407102232602527,3,0.0905314495579822,0,1.05,0.0629
15,13,1,2,1,361,1.0390610267151617,1,0.27215108910720776,0,1.42,0.5277
20,14,0,0,4,2939,1.04245119090877,1,0.1780448368773735,0,1.12,0.1485
15,3,1,8,1,7084,0.08178383831741959,1,0.284339122368269,0,1.21,0.2596
20,15,0,0,4,4224,0.5808267856188072,2,0.11150632070593902,0,1.12,0.1466
12,8,0,0,1,7436,0.8503488525477265,0,0.32740565001517885,0,1.18,0.2296
10,3,0,0,0,558,0.1574087704919242,0,0.0857564988240111,0,1.26,0.3277
15,7,1,8,1,1781,1.0168664187694,2,0.5151434798370444,0,1.27,0.3432
12,4,1,9,6,7983,1.1429546168957303,1,0.10168546952725173,0,1.07,0.0917
10,6,0,0,1,1925,1.3723175709260556,0,0.2688242319938396,0,1.23,0.2826
12,10,0,0,0,8089,1.361944077781576,0,0.2941569227457359,0,1.18,0.2272
12,3,1,9,7,1845,1.1362234871101786,1,0.5234873374413778,1,1.15,0.185
5,1,1,5,4,1244,0.10066269228952746,1,0.9878383611367206,0,1.24,0.3016
12,9,0,0,2,6827,1.232310573294924,0,0.15825352443751334,0,1.18,0.2228
5,3,1,1,2,9596,0.7636705387333187,3,0.665275128914292,0,1.23,0.2869
20,20,1,1,0,9304,1.2666345408904949,1,0.5377151035985458,1,1.37,0.4668
5,3,1,3,0,5129,1.1758747645188041,2,0.4706771188478065,0,1.27,0.3414
15,2,0,0,5,5428,0.6485216075071973,1,0.337661763403583,0,1.06,0.0741
5,1,1,2,3,6878,1.406866430136515,1,0.4046173761176475,0,1.06,0.0805
20,7,0,0,0,7413,0.7255206686367998,2,0.1467392886795072,0,1.1,0.1272
15,15,0,0,0,7909,1.421620097420027,0,0.017201813857147252,0,1.19,0.2327
12,8,0,0,3,4126,0.37260840787028227,1,0.2715591525986293,0,1.16,0.1959
15,2,0,0,8,3886,0.9019625457220561,2,0.3454602850355975,0,1.04,0.0458
20,6,1,13,8,4441,0.6709373098089421,3,0.6083605919954364,0,1.12,0.152
10,2,1,3,6,9945,0.09363777552377006,3,0.38184502857596114,0,1.06,0.07
5,1,1,4,3,4829,1.3908984489471137,2,0.5136283052914995,0,1.07,0.0933
15,1,0,0,7,9458,0.296471671679423,3,0.16951427487195486,0,1.02,0.02
20,4,0,0,5,8290,0.4892775919168639,1,0.15562262628929846,0,1.03,0.0425
5,1,0,0,1,5431,1.1706594598667661,2,0.19215009378026,1,1.09,0.1106
5,4,0,0,0,7436,0.8099223408320766,0,0.2153583108040052,0,1.2,0.2447
10,5,1,1,5,8964,1.4960716902207196,2,0.4432969738950481,0,1.11,0.1427
10,4,0,0,4,9239,0.24639549558093593,4,0.008782727851983474,0,1.02,0.02
10,9,1,2,1,1372,1.4106952782428515,1,0.6924961206308329,1,1.45,0.5592
12,12,0,0,0,140,0.9110345752166157,0,0.3134581396569478,1,1.31,0.3819
10,7,0,0,3,7307,0.0824301808029399,0,0.2743598027915247,0,1.17,0.2091
5,2,0,0,2,9230,0.9145860712834387,2,0.3470330374279784,0,1.08,0.1045
15,3,1,5,9,5283,0.055762932074468974,0,0.9255728309176455,0,1.21,0.2672
20,5,1,3,4,4782,0.4275268638893524,1,0.7432091838328788,0,1.17,0.2158
10,2,0,0,8,3721,0.16185857583446422,2,0.19566641823309633,0,1.1,0.1203
12,8,1,1,4,7714,1.0942649999381506,0,0.4393319471138608,1,1.22,0.2794
20,18,0,0,1,3481,0.2825921511007383,3,0.21034111852046422,0,1.23,0.2914
12,8,1,3,2,9028,0.09705049575598274,2,0.28754668293080665,0,1.31,0.3845
15,9,0,0,5,8396,1.4995044646845506,1,0.25179088870723015,0,1.05,0.0575
15,4,0,0,1,9282,1.1901623870581985,0,0.49128210029271363,0,1.11,0.1401
12,1,1,3,5,4166,0.6662588771517157,3,0.463897053412788,0,1.05,0.0605
20,15,1,2,0,8039,0.048517931878346354,3,0.7185489505483884,1,1.36,0.4445
10,4,1,5,3,6036,0.3099181210214637,1,0.944306497537032,0,1.23,0.2833
15,4,0,0,2,5577,0.19377587671312424,4,0.273868722162137,1,1.14,0.1789
20,4,0,0,9,4980,0.6909956170660557,1,0.39997352429244093,0,1.07,0.0915
10,10,0,0,0,4815,0.0790099977445457,1,0.3392696221071879,0,1.3,0.3703
5,3,1,2,0,8273,1.0925419541050838,1,0.22753345422463467,0,1.24,0.3014
12,12,0,0,0,5833,0.09581367579283262,1,0.27805777074360655,0,1.28,0.3485
5,2,0,0,3,659,1.4097272811508132,2,0.14279383989702815,0,1.09,0.1082
15,11,0,0,2,5249,1.4529943697201064,1,0.06661337399217665,1,1.17,0.2099
10,2,0,0,3,5416,0.254570124592366,0,0.11856580119166149,0,1.11,0.1328
15,14,0,0,0,2728,0.15796883863471328,2,0.028711739701122507,0,1.27,0.3322
5,1,1,3,0,7310,1.3276137938144223,1,0.3783236658626272,0,1.14,0.1719
20,19,0,0,0,8444,1.1200824025260931,0,0.2123417458484802,1,1.19,0.2328
5,1,0,0,3,2261,1.3105637630887288,3,0.4361375980015961,0,1.04,0.051
5,3,0,0,2,4527,1.3541106916380021,2,0.13234744821807504,0,1.14,0.1793
12,6,1,3,3,3323,0.532974396488032,1,0.7072127574206675,0,1.26,0.3218
20,10,0,0,8,6172,1.0850379175782194,1,0.42641728659273864,0,1.07,0.0899
20,4,1,10,9,7354,0.8077633095211703,1,0.7701767167106855,0,1.1,0.1219
5,3,1,2,1,9049,0.5598925980439032,2,0.9470975758710917,0,1.29,0.3647
12,7,0,0,4,6678,0.5844838720547738,0,0.23333044086008675,0,1.12,0.1475
5,1,0,0,1,5818,0.7439037518225691,2,0.3779366796687327,1,1.12,0.1452
15,1,0,0,5,662,1.1362142388897527,3,0.46846868251633667,1,1.05,0.0575
15,14,0,0,0,2106,0.31728077661634113,2,0.042334907137644706,0,1.26,0.3267
20,16,0,0,3,479,1.4856985980923647,1,0.10599076039963068,0,1.16,0.1946
20,14,1,3,0,9197,0.20392197205830231,1,0.4742347713357036,1,1.34,0.4259
12,2,1,5,0,5830,0.14239801434842714,2,0.7570676499429962,1,1.22,0.2705
10,2,0,0,2,5376,0.4773101939941307,0,0.4774196048382799,1,1.19,0.2398
12,10,0,0,0,9888,0.7225234836827881,0,0.4888617559363218,0,1.19,0.2435
20,8,0,0,4,6278,0.5830471467399039,2,0.12013233780608856,0,1.05,0.0638
20,17,0,0,3,5392,1.0457097209186748,1,0.17756660765789534,0,1.11,0.1342
5,1,1,5,2,4992,1.1349062326560821,0,0.8535531463291525,0,1.22,0.2714
5,2,0,0,2,4507,0.2991879988262391,1,0.4888338588495302,0,1.22,0.2749
20,16,1,4,0,9549,0.4529728696286006,2,0.9176453807079649,0,1.35,0.4435
12,9,0,0,1,1539,0.7325072159929781,1,0.08775572623274808,1,1.24,0.2965
20,16,0,0,1,379,0.2138953179953899,0,0.4457695948657897,1,1.34,0.4286
5,4,0,0,1,7216,0.6471674884620155,0,0.051410111902411904,0,1.2,0.2512
5,3,0,0,2,7921,0.24174553184424163,1,0.3494925540872428,0,1.2,0.2483
12,9,1,1,2,1354,1.4775146217441695,0,0.35715828570920316,0,1.4,0.5008
5,3,0,0,2,6930,0.4645208465271838,1,0.4424015404800979,0,1.2,0.2483
20,5,0,0,10,3531,0.06651631884350884,1,0.2589206943034329,0,1.14,0.1719
12,5,0,0,2,4842,1.0083380708207623,2,0.32729240009573013,1,1.13,0.1627
20,10,1,1,5,2312,0.3069382088385298,3,0.9379257366498064,0,1.26,0.3247
5,3,0,0,1,5009,0.18431336984122898,1,0.3092984807505507,0,1.24,0.2945
15,10,0,0,1,7832,0.05437847627219228,1,0.4243681638769839,1,1.23,0.2844
15,1,0,0,4,4005,1.2070074267833375,3,0.023905531851239892,0,1.02,0.02
10,10,0,0,0,1460,0.05840056093405677,0,0.4157847491824308,0,1.36,0.4555
10,7,1,3,1,8997,0.46466934997169423,2,0.3573348036885895,0,1.29,0.3668
20,5,0,0,10,5900,0.9777974215007812,1,0.4794836730786231,0,1.05,0.0629
15,1,1,15,2,3738,1.4561864858535443,3,0.4617281682934089,0,1.1,0.1269
10,8,0,0,0,9491,1.4002528150536524,0,0.38461560177071885,0,1.17,0.2084
15,15,1,1,0,9924,0.780613147023898,0,0.590712146493017,0,1.41,0.5103
15,2,1,10,9,2773,0.9125763252247883,0,0.7857062129691156,1,1.15,0.182
12,8,0,0,1,5080,1.0238732547639195,1,0.3298640702024421,0,1.18,0.2235
20,6,0,0,3,3572,1.293026574195025,2,0.19941830741987787,0,1.04,0.054
10,3,1,7,7,6240,1.3744062560152972,2,0.9834495900781896,0,1.12,0.1487
10,1,1,9,9,8174,0.31311380014258483,1,0.9688498332970867,0,1.11,0.1359
20,5,0,0,2,5797,0.8782710637216194,2,0.03218744175751981,1,1.09,0.112
12,5,1,2,5,1080,0.861554586358521,1,0.4681069630626459,0,1.22,0.2709
20,1,0,0,8,6030,1.4009930500150105,0,0.31728525426711807,0,1.03,0.0424
5,5,0,0,0,5728,0.8830375805451068,1,0.24597019130467834,0,1.22,0.2688
5,2,1,2,1,6203,0.7714897183647882,4,0.818834116458375,1,1.22,0.2713
20,12,1,5,7,1744,0.9486013427027947,1,0.393381139391931,0,1.25,0.3178
5,3,0,0,1,4779,0.6824026076961669,1,0.009939954348640201,0,1.18,0.2242
15,8,0,0,6,9127,1.0419114174400925,5,0.367557912420198,0,1.02,0.02
10,3,1,7,4,6897,0.37402846636005294,1,0.846501975785498,0,1.17,0.2172
15,8,0,0,0,1173,0.4852010020957449,1,0.4929808422007087,1,1.26,0.3267
12,3,1,4,6,3801,0.6882620094041747,0,0.544530380904591,0,1.17,0.2152
5,1,0,0,1,7020,0.4632657137136887,1,0.343410607996148,0,1.14,0.1792
15,2,0,0,4,4901,0.9545221879005847,1,0.07037168169557662,0,1.02,0.03
12,9,0,0,1,4310,1.134903747440782,4,0.05361790088476176,1,1.14,0.1721
10,3,0,0,0,2369,0.7090603479544337,2,0.17623139219961992,0,1.16,0.1993
15,15,1,1,0,6891,0.3244934552494061,0,0.5686334038356522,0,1.48,0.5997
5,4,1,2,1,3209,0.8428471545021397,1,0.9726148466529024,1,1.42,0.5307
5,3,0,0,1,2329,0.691433271169774,1,0.32242765334856327,0,1.23,0.285
5,5,0,0,0,4624,0.8597024019811057,2,0.12828661299502336,0,1.2,0.2516
12,9,0,0,1,3816,1.3100541594741282,1,0.04022160010466713,1,1.19,0.2318
5,3,0,0,0,60,1.47959786472795,2,0.26971717774396803,0,1.21,0.2573
10,1,0,0,5,7450,0.8634920944075685,1,0.17492618385183184,0,1.02,0.02
10,4,0,0,5,7660,0.6992117219367212,0,0.47380324770245263,0,1.09,0.1131
5,3,0,0,1,6732,1.1298546214631413,2,0.42781384076761686,0,1.14,0.1699
15,3,0,0,11,9715,1.199392619913064,2,0.0556306236547342,0,1.02,0.02
10,4,1,3,6,4102,0.09117175294410512,2,0.4801166854306611,1,1.22,0.2704
5,1,1,3,2,1320,0.347275602369084,1,0.22551891729866338,0,1.25,0.3148
10,8,0,0,2,9356,1.1667182151658761,1,0.006321300700009247,0,1.12,0.1535
10,1,1,3,9,6208,0.006722539988293252,2,0.6848116547613622,1,1.12,0.1467
10,8,1,2,1,3574,0.3580512070484677,1,0.6884106857530506,1,1.44,0.551
12,4,1,4,7,7436,0.22250877107956962,0,0.6655027287687884,0,1.2,0.2494
12,1,0,0,7,2711,0.4452780514199776,0,0.06904182830100453,1,1.11,0.1328
5,1,0,0,0,8307,0.5587004217385099,1,0.09144382544827634,0,1.1,0.1302
12,8,1,2,3,6577,0.6352861384515339,0,0.42749235426419496,1,1.27,0.332
12,3,0,0,0,1348,0.8729547112677214,1,0.02014062908313574,0,1.16,0.2049
5,4,1,1,0,8306,1.4838843579225882,6,0.9318139307327197,0,1.31,0.382
10,3,1,4,4,2248,0.2795540832242569,2,0.4062983575952861,0,1.19,0.2345
12,9,1,1,2,3285,1.1632786207857142,2,0.7855086569016236,1,1.36,0.4527
15,8,1,4,7,4390,0.0780785975509607,0,0.48683592832724376,1,1.3,0.3733
15,10,0,0,2,209,0.18306534304471905,0,0.34003069787397805,0,1.32,0.4058
15,9,1,7,4,9327,1.10116047132169,2,0.9559816116103687,0,1.17,0.2172
20,10,0,0,4,2108,0.013299417200435093,1,0.09221675279840152,0,1.18,0.2228
10,6,0,0,2,1229,1.3791444008376115,2,0.32761624228817204,0,1.2,0.2444
10,3,0,0,6,1533,0.6881847979355367,2,0.497126659543268,0,1.11,0.1396
5,5,1,1,0,6170,1.4569443411428182,1,0.27552720861023894,1,1.39,0.4928
10,6,0,0,0,6470,1.278484762163273,5,0.3833619314771005,0,1.11,0.1436
10,6,0,0,2,7329,0.11629711741375881,1,0.20933230673093634,0,1.21,0.2585
5,2,0,0,2,7702,0.11007602497801283,1,0.41760863030438444,1,1.19,0.2402
20,14,0,0,5,9703,0.3666591689575398,1,0.33858143823623654,0,1.1,0.1232
15,7,0,0,4,2846,0.08257194449132166,1,0.45334156932414627,0,1.18,0.2287
12,1,1,9,0,6117,0.15515274997314343,1,0.25309619381086845,0,1.18,0.2188
12,8,1,4,4,5781,1.0911536061232225,1,0.5221926774563409,0,1.23,0.2884
15,13,0,0,1,8842,1.077902494263213,1,0.32031946066006134,0,1.16,0.1963
12,1,1,5,8,2182,0.2753443621798631,1,0.4182740768260993,0,1.14,0.179
12,6,0,0,2,2156,0.9842175638390374,3,0.057856197131761045,0,1.14,0.1689
20,10,1,10,8,6365,0.2805518785389856,2,0.48419802613824936,0,1.21,0.2569
15,4,1,12,5,6270,1.4783107210110586,1,0.2977072101952367,0,1.09,0.1071
12,7,0,0,5,8675,0.5324129467338626,1,0.29549334248406744,1,1.08,0.1011
15,11,1,2,3,7946,0.727112036099538,5,0.3281947983387183,1,1.19,0.2404
5,3,0,0,2,1733,1.4463302997570466,2,0.24285768969800353,0,1.18,0.2301
15,4,0,0,10,9355,0.09997769569206122,2,0.3396577699830017,0,1.05,0.0635
12,2,0,0,8,6008,0.0677516347462166,1,0.0960646636009333,0,1.09,0.1091
20,12,0,0,6,5873,0.4707281704907424,1,0.008796243996957442,0,1.1,0.1289
12,6,1,5,4,4102,0.9223651287029111,2,0.5881691158104778,0,1.19,0.235
15,8,1,6,7,7210,1.026816649546986,0,0.9858247898421614,0,1.22,0.2787
5,3,0,0,0,1654,0.20565478211149296,1,0.2765189219948006,0,1.27,0.3401
10,2,1,4,0,3310,0.2561318264942946,0,0.267017142470543,0,1.26,0.3241
15,1,1,10,10,8041,1.0750704144028902,0,0.810441670115732,0,1.06,0.0702
12,6,1,3,1,8102,1.2441003302984037,0,0.826461793182242,0,1.27,0.3396
20,8,0,0,3,8262,0.18600449193621382,1,0.2864433005899532,0,1.09,0.1137
5,5,1,1,0,1085,0.38267309000700106,3,0.8038911029356958,1,1.5,0.6198
10,2,1,1,1,6103,0.5151664249410148,1,0.4191110390045357,0,1.19,0.2418
20,8,1,9,9,3094,1.3960886918180957,2,0.2445020296868532,0,1.14,0.1758
20,8,0,0,5,4369,0.15427345809270715,1,0.32795867624098674,0,1.14,0.1786
15,12,1,3,0,9341,0.8264162907609045,0,0.9922616767446503,1,1.37,0.4686
5,4,0,0,1,79,1.1422285294951466,1,0.3388065877713057,1,1.26,0.3193
12,4,0,0,2,5030,0.761340373665789,2,0.11228430963837571,0,1.12,0.1541
5,2,0,0,3,2552,0.397723503325516,0,0.23985008126677287,0,1.16,0.2011
10,3,1,1,0,4807,0.6669083988541513,3,0.9334732121082269,0,1.22,0.2729
20,20,1,1,0,9386,0.8112893682376165,1,0.45130592261075875,0,1.38,0.4775
5,5,1,1,0,9018,0.21090870611479018,0,0.601934285716004,1,1.47,0.5818
20,13,0,0,7,4723,0.14703516087439783,0,0.030833103653702065,0,1.17,0.2144
20,7,1,8,1,2203,0.7474870644723755,4,0.5339946453043478,0,1.23,0.2914
5,5,1,1,0,6497,0.7786375955095923,3,0.4759625750604064,0,1.38,0.4728
12,2,0,0,7,8464,0.9709807101306485,1,0.34165182630201074,0,1.02,0.02
20,3,0,0,14,5167,1.2533089188621382,2,0.23416215368427756,0,1.02,0.02
5,5,1,1,0,4904,1.2936263104046521,0,0.45151693983322194,1,1.44,0.5526
20,10,1,2,0,8774,0.4741523726742365,1,0.573872239694026,1,1.27,0.3352
15,11,1,3,4,3603,0.6198340162376568,0,0.7592795463709228,0,1.34,0.4307
5,1,0,0,3,6536,1.4121383922529083,1,0.43433985887223525,0,1.03,0.04
15,15,0,0,0,333,0.7018387921980375,0,0.3953740592887381,1,1.33,0.4065
15,10,0,0,4,7260,1.3788813697894673,1,0.1739754307154962,0,1.06,0.0784
10,2,0,0,3,8165,0.048982551891303905,0,0.12878386282475845,0,1.09,0.1129
10,7,0,0,2,8800,1.171159852330784,2,0.3693310267809126,0,1.12,0.1492
20,7,0,0,13,3907,0.39851769825425587,2,0.21635245731327496,0,1.09,0.118
5,2,0,0,1,1717,0.107475921347227,4,0.24268644758459712,1,1.21,0.2629
5,4,1,1,0,2429,0.9435895359377583,1,0.13458602678015316,1,1.37,0.4653
20,6,1,5,14,3941,0.9124635421553393,1,0.7918613140409223,0,1.16,0.2033
15,8,0,0,4,3333,0.6474776438909415,1,0.3014223733931754,0,1.13,0.1627
5,5,1,1,0,3867,0.8382258523774822,1,0.7257964658073103,0,1.46,0.5796
20,11,0,0,8,9631,0.4740769427533063,3,0.27448731749306954,0,1.03,0.0326
5,5,1,1,0,2251,1.1946534665259896,1,0.8762678256040222,1,1.48,0.5997
15,4,0,0,6,9293,0.8204937755077808,1,0.47895627544507396,0,1.02,0.0302
12,3,1,6,3,5984,1.0660318193381975,4,0.2631324624668935,0,1.04,0.0488
10,6,0,0,0,6382,0.40712251127950877,1,0.45818255337119784,0,1.21,0.2635
12,3,1,10,6,9850,0.34669629540899716,0,0.14991912753854442,0,1.1,0.1271
12,2,0,0,2,8464,0.01336917625762335,0,0.3446371912308072,1,1.18,0.2243
10,1,1,7,5,8758,0.9454260592445145,1,0.7685242185338619,0,1.04,0.0479
15,11,0,0,1,8633,0.025294305123156613,0,0.04604024656180988,1,1.23,0.2817
10,8,1,1,0,4680,0.21106174623836138,2,0.6529791684007266,1,1.42,0.5196
10,7,0,0,3,2792,0.5894166590600398,2,0.0595785227702324,0,1.12,0.1556
10,4,1,6,2,9105,0.8548555449702635,1,0.16870207794980757,0,1.18,0.2208
20,15,1,4,4,575,1.265802450776396,0,0.994078098624311,1,1.37,0.4634
12,10,1,2,2,6593,0.1920240978051545,2,0.16253814227738772,0,1.37,0.4666
15,14,0,0,0,571,0.6266884990473842,1,0.15943864210309072,1,1.28,0.3549
10,6,0,0,1,1517,0.5308061151723544,1,0.475455744073916,1,1.26,0.3255
5,1,1,2,2,7750,0.16550216073780444,0,0.346325964369714,1,1.22,0.2729
12,2,1,1,8,1327,1.0483914914178252,4,0.7343058641029542,0,1.1,0.1238
5,5,0,0,0,6062,0.6453427551031231,1,0.4839438249672093,0,1.25,0.3066
20,16,0,0,1,6546,0.07102496599025915,0,0.2909718207528915,0,1.27,0.338
5,4,0,0,0,6974,1.2074820840898837,1,0.13561013821342116,0,1.16,0.1996
15,8,0,0,3,2322,0.7820011285751016,1,0.04387802788499806,0,1.12,0.1438
10,7,1,3,2,1405,0.8406830200990744,2,0.9024225021622986,0,1.39,0.4867
20,4,1,8,3,8550,0.6113144069013242,1,0.6537934140563534,0,1.09,0.1143
12,3,0,0,3,6026,1.3175097300650676,2,0.1463947150767222,0,1.02,0.02
10,10,1,1,0,8747,1.4083249726058504,2,0.14293750730848484,1,1.33,0.4169
20,19,0,0,0,3935,0.8301672479215485,8,0.3923885541917039,0,1.2,0.2518
20,20,1,1,0,9680,0.5436948903448895,0,0.39385345552350015,0,1.42,0.5219
20,1,1,14,1,353,1.174482535898604,0,0.8201424129983167,0,1.22,0.2798
20,20,0,0,0,393,1.404715180061471,1,0.036914321096941205,0,1.26,0.3204
12,6,0,0,2,8405,0.5432231752203552,2,0.20354248640769246,0,1.13,0.1576
5,2,0,0,1,7006,0.5628982065651595,1,0.04361206942086138,0,1.14,0.1754
20,9,0,0,4,5909,0.588756475943716,2,0.3458728563054503,1,1.08,0.0943
20,15,0,0,0,2447,0.949156111795308,2,0.27374421657473563,0,1.2,0.2494
10,2,0,0,0,1167,0.2879460136847289,1,0.1444914521208998,0,1.21,0.2686
5,1,0,0,2,5912,0.7276652095772591,2,0.44243642027315433,0,1.12,0.1506
15,7,0,0,8,2545,0.7322339341309635,0,0.4686310223889202,0,1.16,0.1961
5,2,1,3,3,8174,0.532955401501845,1,0.12814423997254068,1,1.13,0.1637
10,5,1,2,2,6209,0.6760006809100969,0,0.702695045469589,1,1.31,0.3905
5,4,1,2,0,8526,1.3307129980412156,0,0.2227468536403091,1,1.32,0.4019
12,1,1,6,4,3309,1.1735196121220868,0,0.5261984501925143,0,1.1,0.125
20,15,1,1,1,2450,1.0804864159896022,1,0.8999991456908344,1,1.4,0.5011
5,1,1,3,0,4939,0.048867573588261715,2,0.38738649384805945,1,1.22,0.2767
10,4,0,0,5,8265,1.2033319784569527,3,0.42239518014478084,0,1.02,0.02
15,1,0,0,14,7050,0.4766781128802958,2,0.4414762279237486,0,1.03,0.0386
12,3,0,0,3,5125,0.7242262415256167,1,0.34320994699882096,0,1.07,0.089
20,7,1,2,10,4823,0.9959940261894117,2,0.8922679456766869,1,1.15,0.1826
20,9,0,0,10,690,1.0509867433317812,0,0.4311526182883353,1,1.15,0.1916
15,6,0,0,8,6074,0.4671236308217381,1,0.28310241175357265,0,1.09,0.1182
5,2,0,0,1,3054,0.3468964494736693,0,0.11406120166016409,0,1.23,0.2886
15,12,1,4,2,4907,0.44070304322326115,4,0.8528013066336516,1,1.39,0.4825
10,10,1,1,0,862,0.7898333353017782,0,0.8940278110083377,1,1.54,0.6696
15,11,1,4,1,8167,0.31737320185573703,4,0.16954455364045934,1,1.29,0.3653
12,3,0,0,8,8152,1.127446190350901,2,0.15177045399864947,0,1.02,0.02
20,17,0,0,1,3138,1.4079004736920913,3,0.23935110042539276,1,1.18,0.2196
5,1,1,4,2,9223,0.43284941883003963,3,0.7371824512447789,1,1.14,0.1753
12,1,0,0,11,8305,1.064740612379814,2,0.32792447428693705,0,1.02,0.02
20,11,0,0,5,803,0.8199743254550955,3,0.2985490078051889,0,1.11,0.1323
12,1,1,9,5,4798,0.03351740064943681,2,0.19173871610251308,1,1.1,0.1192
5,4,1,1,0,8140,0.7908371274005938,0,0.8182419245531384,1,1.38,0.4763
15,14,0,0,0,2456,1.4315330179872667,2,0.4476494188544735,0,1.23,0.2856
20,2,1,12,7,4872,0.07441910499289767,1,0.9199589763464836,0,1.16,0.2054
10,9,1,1,1,3680,0.3118320828947167,1,0.12865757009328807,0,1.44,0.5482
12,9,0,0,0,530,0.43661832206346946,0,0.4214862010242816,0,1.32,0.3946
10,10,0,0,0,5257,0.16866061755447853,0,0.022122134508904157,0,1.28,0.356
10,9,0,0,1,6582,1.1035462579593807,1,0.43581838526002753,0,1.2,0.2445
12,11,1,2,1,178,0.7970974604944833,2,0.8578070306547483,1,1.47,0.5904
20,11,0,0,2,1381,0.16274751760565764,1,0.4888076837618766,0,1.29,0.3579
15,12,0,0,1,7890,1.2516749360216446,2,0.44866948278438434,0,1.15,0.1842
20,17,1,3,0,1233,0.9601971230863833,1,0.13358679721755798,0,1.4,0.501
12,2,0,0,8,9092,1.4555757341887312,2,0.1459834803254343,0,1.02,0.02
10,9,1,2,0,2127,0.04829463313100529,1,0.6547206912391225,0,1.51,0.64
5,1,1,3,0,8301,1.3722227237868416,2,0.10328203250620865,0,1.09,0.1084
20,3,0,0,8,3255,1.3555873805607113,0,0.341114633788292,0,1.08,0.101
10,8,0,0,1,9079,0.7440493349121222,1,0.20453801728304777,1,1.16,0.1991
10,3,0,0,5,5973,0.8835902302879369,1,0.47158152623021965,0,1.06,0.0781
15,8,0,0,3,6716,0.9798469032102677,0,0.4655983401023477,0,1.09,0.1185
12,9,1,2,2,7786,0.07646105368749206,2,0.29551012713319125,0,1.35,0.4384
10,8,0,0,1,8817,0.5446926642691081,1,0.16982592250847772,0,1.18,0.2202
10,4,1,7,5,2274,0.14349537962826248,0,0.5111346935856879,0,1.28,0.3484
5,3,1,1,2,6104,0.9820138208583419,3,0.8956771269188155,0,1.27,0.3359
15,6,1,5,4,7315,0.12517817360669015,1,0.7461229615504644,0,1.21,0.2668
5,3,1,3,1,9741,1.4951438774796135,0,0.7143776213005546,1,1.28,0.345
5,3,1,1,2,4090,0.5016692803174871,3,0.2798388283072277,0,1.29,0.3649
20,3,1,2,16,9500,0.9287390590803013,1,0.7296712003012239,1,1.04,0.0548
15,12,1,1,1,4695,0.17019075228715358,0,0.6474678523677071,0,1.46,0.5764
5,1,1,2,0,3866,0.41598441294161664,0,0.42780154035385354,0,1.25,0.3126
15,6,0,0,3,7733,0.8803790348851291,1,0.0847930004103567,0,1.03,0.0361
15,1,0,0,6,3620,1.3378127504013315,1,0.24161888264650727,0,1.04,0.0484
12,4,0,0,7,3708,0.0682169269590554,3,0.22207953615625015,0,1.1,0.1253
10,2,0,0,7,8003,0.20813994807827024,0,0.1499716284068957,0,1.08,0.1011
12,9,0,0,1,4135,0.3847989264164677,1,0.3999456521344085,0,1.25,0.3173
10,6,1,4,2,2101,0.689019556991012,1,0.10869964002116411,1,1.33,0.4156
20,20,0,0,0,7568,0.5724166108007407,1,0.17429557518829153,0,1.21,0.2665
10,1,1,7,2,5549,0.8889959252002421,3,0.21199672968484984,0,1.08,0.1038
5,3,0,0,1,2577,0.397396329333609,0,0.09791252442757886,1,1.26,0.3194
5,2,0,0,3,1312,1.435464284565466,1,0.1699213575749034,0,1.1,0.1272
15,3,0,0,6,7046,0.15885950426216677,2,0.14533313079968863,0,1.05,0.0667
20,5,0,0,8,7433,0.06279419358134986,1,0.14417071389734293,0,1.08,0.1046
10,3,0,0,4,3648,1.4602607753603543,1,0.35214570119082317,0,1.07,0.0918
12,5,0,0,1,4661,0.3890874111312838,1,0.33956386870043664,0,1.2,0.2542
20,7,0,0,11,6964,0.42183440163227603,0,0.4729267686989275,1,1.11,0.1437
10,4,0,0,3,9688,0.8332610284905684,2,0.3337741361671686,0,1.02,0.02
5,4,0,0,1,9018,0.3565940434173804,2,0.20135064311598194,0,1.17,0.2118
20,20,0,0,0,2853,0.5293843396396525,2,0.2835817796416323,1,1.26,0.3236
20,6,0,0,2,9608,0.5902208258829393,3,0.2863352915955605,0,1.07,0.0848
20,7,1,1,2,9014,0.3385276400178312,2,0.2753821739956607,1,1.19,0.2361
12,6,0,0,5,5856,0.9124730490348218,1,0.22864713969784178,0,1.07,0.0875
5,5,1,1,0,5420,0.05614796617960521,1,0.46332679017930334,1,1.49,0.6135
5,3,0,0,1,3877,0.2452019071594157,1,0.4800334915898185,1,1.26,0.3191
15,12,1,2,3,3974,0.5808927184097834,1,0.23501742561087588,0,1.31,0.3864
15,14,1,1,1,3726,1.383299585753528,0,0.6102554280749292,0,1.45,0.5569
10,6,0,0,1,2560,0.07676960350231415,1,0.08727774767848251,0,1.26,0.3242
10,1,0,0,7,7401,1.4481593401901613,2,0.4674174010876177,0,1.02,0.02
15,6,0,0,2,5835,1.4470283346702626,2,0.13245359674891005,1,1.1,0.1297
12,5,0,0,0,1545,0.21603053707754932,3,0.24110614087810472,0,1.21,0.257
10,10,1,1,0,2570,0.4909127899971751,2,0.23704361710506777,1,1.45,0.568
15,13,0,0,2,2032,0.2526211602077115,3,0.36219102575831685,0,1.26,0.3232
10,7,0,0,3,8503,0.7003832663455729,1,0.4645354574208553,0,1.09,0.1179
5,4,1,1,1,3763,0.7600676458991974,2,0.917671627450461,1,1.4,0.4996
10,7,1,4,0,1977,0.30855644246485475,1,0.6768024983534864,0,1.43,0.54
12,2,0,0,2,974,0.7180525228355252,0,0.3926473333613366,0,1.22,0.27
12,6,1,2,2,2897,1.3902245308925976,1,0.4541434040067488,1,1.29,0.3612
20,10,0,0,3,3059,0.49023019830031384,0,0.006558337886742205,0,1.14,0.1806
12,2,0,0,5,313,1.2021649030921713,1,0.13359225858534274,0,1.08,0.1043
20,9,0,0,6,6767,0.676076978298221,1,0.42807478629797074,0,1.08,0.106
15,6,0,0,8,3123,1.0256472371667067,2,0.32284266258712035,0,1.07,0.0856
5,5,1,1,0,6275,1.3512822449656918,2,0.4137800305201459,0,1.38,0.4756
10,8,1,1,2,89,0.9155426539828599,1,0.45926268849000196,0,1.42,0.5292
15,9,0,0,2,2655,0.16482295460280155,0,0.30135313470309877,1,1.29,0.3578
5,5,1,1,0,1232,0.26930887829938915,1,0.9577668899998564,1,1.56,0.6945
10,3,1,2,5,2051,1.079234175389113,1,0.5995767254255377,1,1.17,0.2075
10,4,0,0,4,8777,1.2857963808368311,0,0.3322567164911341,0,1.04,0.0549
15,15,1,1,0,2812,0.476200115448833,2,0.7592180312597064,1,1.49,0.6076
15,6,0,0,4,8743,0.478566047030494,2,0.3442622010539324,0,1.04,0.0552
10,6,0,0,4,6322,1.0229961709211004,1,0.36732724892653196,0,1.08,0.0979
20,6,1,10,7,3338,0.2648312883642608,1,0.8123793568002028,0,1.22,0.2788
20,6,0,0,4,9077,1.4891805273953795,1,0.00864698788354129,0,1.02,0.02
10,5,1,4,4,5663,0.48846716542483903,1,0.552384401160054,0,1.22,0.2787
12,2,0,0,6,3624,0.9517201097602204,1,0.0746742251597367,0,1.04,0.0548
20,7,1,14,2,4464,0.7583189069522462,1,0.13698938381771633,0,1.22,0.278
12,12,1,1,0,3450,1.4381769070875468,2,0.2778228499154293,1,1.41,0.5071
20,9,0,0,8,5529,1.1196896388326663,3,0.17496426688570382,0,1.02,0.02
12,1,1,8,3,8638,0.5175309999156998,1,0.1144327600275812,0,1.03,0.0337
5,2,1,4,0,6306,1.4385126654130893,2,0.6251765939793219,0,1.21,0.2581
15,1,0,0,0,990,1.1248146818969396,3,0.08974731362132404,1,1.1,0.1223
15,8,0,0,0,7613,0.30910537863093424,1,0.3817698675456932,0,1.19,0.2388
10,2,0,0,4,6714,0.7850227416287281,2,0.17689799273445256,0,1.02,0.02
10,6,1,1,4,3963,0.7237131666267488,2,0.9558713678071594,0,1.26,0.3253
15,6,0,0,7,2698,1.3021471414260697,1,0.13303965514985905,0,1.08,0.1035
5,5,0,0,0,8972,0.8458866868814449,3,0.17249142284793917,0,1.13,0.1646
5,1,0,0,3,4397,0.4041577361221375,2,0.14543986612210968,0,1.07,0.0819
5,5,0,0,0,9161,1.0433777614553161,2,0.19742683720183918,0,1.14,0.175
10,10,1,1,0,6299,1.4066884301801723,4,0.24225517026248441,1,1.35,0.4349
15,5,0,0,9,1552,1.012194644402334,1,0.33693269695984407,1,1.1,0.127
12,8,0,0,3,3533,1.2836370066007952,3,0.3746675898971876,0,1.08,0.097
10,8,0,0,2,373,1.3374990533036377,2,0.36226100116714643,0,1.23,0.2901
15,10,0,0,2,8561,0.22503626916977088,1,0.03731206070955145,0,1.18,0.2254
10,9,0,0,0,2576,1.4304050516261917,2,0.24630483942641335,0,1.21,0.2627
12,6,1,6,4,2220,1.3583124917262945,3,0.5975824541731941,0,1.18,0.2295
15,2,0,0,2,4006,0.8204022786723162,3,0.08885223059840702,0,1.08,0.105
12,4,0,0,5,9259,0.8297650592051348,3,0.3171487052601652,0,1.02,0.02
10,1,0,0,6,1350,0.7082950541371822,1,0.21207544002913326,0,1.09,0.1142
15,14,0,0,1,4137,0.08193230473355734,1,0.07989278105678521,0,1.28,0.3495
5,2,1,1,2,2098,0.11191986098603579,1,0.5600860689930696,1,1.35,0.4315
20,11,0,0,9,3726,1.3543784598495807,4,0.16230862115573869,0,1.05,0.0596
10,6,0,0,0,6881,0.4535535506639074,1,0.26211701894164424,0,1.19,0.2357
10,5,1,1,1,6586,0.6994683239189844,3,0.9566268416102494,0,1.26,0.3228
12,9,0,0,2,5303,0.27040730402756413,3,0.3612770483080781,0,1.2,0.2548
12,3,0,0,8,2598,1.4979718274013312,0,0.2616090099836461,0,1.1,0.1195
5,1,0,0,3,354,0.8588481808465334,1,0.16196778303901688,1,1.1,0.1251
15,9,0,0,4,4418,1.3549720013492785,2,0.3666391479338258,0,1.08,0.0997
12,12,0,0,0,9757,0.7337699423205544,0,0.1978087328966342,0,1.2,0.2461
5,1,0,0,2,7256,1.3548124874751082,0,0.23824091439431,0,1.11,0.1402
12,9,1,4,3,9487,1.3373250741193061,3,0.6546768848620247,1,1.18,0.2226
5,4,0,0,1,6370,0.045474906502733226,4,0.3091766894892778,0,1.21,0.2646
10,7,0,0,3,1407,0.932144067929257,4,0.4783171614319684,0,1.12,0.1489
5,4,1,2,0,8643,0.40331227401227226,1,0.6194820125133617,0,1.37,0.4649
5,2,0,0,3,8553,0.3522880394979008,1,0.07506692291501277,1,1.06,0.0758
5,5,1,1,0,6115,0.7130960577958245,1,0.6477133040772854,0,1.44,0.5521
15,10,1,6,4,14,0.49253602849080813,4,0.3092221361950871,1,1.28,0.3553
12,6,0,0,6,4158,0.9397396977528072,1,0.40150969114968327,0,1.1,0.1241
15,2,0,0,8,1787,1.0451115003144762,2,0.11470031334826125,0,1.04,0.049
20,13,0,0,6,1041,0.6438255777603967,1,0.04648899625641301,1,1.16,0.1946
5,3,0,0,1,1036,1.1919932314409427,0,0.4040593774926606,0,1.25,0.3068
12,11,0,0,0,1767,0.6408707943475566,3,0.46106019489881855,1,1.24,0.3038
5,1,0,0,3,9292,0.3610273638350113,4,0.36269562307947223,0,1.02,0.02
12,3,1,4,3,1656,0.5826554078288612,1,0.5485976563914949,0,1.19,0.2316
20,9,0,0,0,7230,1.0252449256471277,0,0.2245027896235215,1,1.14,0.177
20,7,0,0,6,9243,0.4653567921611016,2,0.3257295928580351,0,1.03,0.04
5,5,1,1,0,9967,1.4255032000025858,1,0.7136048090911109,0,1.38,0.4709
20,5,0,0,8,8720,0.7959430336457907,2,0.049883561311070024,0,1.02,0.02
10,8,0,0,1,2702,0.8249962282310368,1,0.2866883940007792,0,1.23,0.2932
15,9,0,0,6,136,1.283021503025434,5,0.4031976466674915,0,1.11,0.1402
5,1,1,1,1,3376,1.247869968856441,2,0.7378162469290859,0,1.19,0.2331
5,5,0,0,0,6817,0.5891997856507238,3,0.2786559859920117,1,1.18,0.2311
15,15,1,1,0,9698,1.4042873116728152,1,0.4500626370651436,0,1.36,0.4539
15,7,1,4,0,3970,0.4098546291959216,1,0.8846520187599194,0,1.34,0.4256
10,5,1,2,5,2064,1.056183531348652,1,0.42585026515524227,0,1.22,0.2714
15,13,0,0,2,9048,0.3947253894034938,2,0.41034400104712593,0,1.19,0.2343
15,8,1,8,2,4191,0.06104969288071144,1,0.3983430459293946,0,1.36,0.4442
12,11,0,0,0,3408,0.6376022604240112,1,0.13366878120583214,1,1.25,0.3066
12,6,1,1,0,2389,0.060221655043110556,0,0.5079561817038923,1,1.4,0.4938
12,2,1,11,4,454,1.459219292205322,2,0.7904943578554122,0,1.13,0.1681
5,5,0,0,0,4345,0.12474259969869733,4,0.10104215748871942,0,1.24,0.3004
12,5,1,7,6,8806,0.6728322840685574,1,0.730561922346071,0,1.16,0.1949
15,15,0,0,0,9730,1.202919413612663,2,0.3245946423182466,0,1.14,0.1767
12,11,1,2,1,9551,0.24062655814891387,0,0.6625202928867673,0,1.43,0.5432
10,10,0,0,0,5102,1.4506817673821213,0,0.23564741426665836,0,1.23,0.2923
20,17,0,0,3,137,0.991786349597907,1,0.4064738509723107,0,1.19,0.2321
5,4,1,1,1,7092,1.2315168894769104,2,0.18702854699170351,0,1.29,0.3672
10,6,0,0,3,469,0.9855013299473223,1,0.16629804219798372,1,1.14,0.1711
10,5,1,5,1,3623,0.774474842491755,1,0.8633226603728603,0,1.32,0.4056
10,8,1,1,1,6504,0.7646545102485736,1,0.7468335545517757,1,1.38,0.4711
12,1,0,0,8,2667,0.970813701742365,0,0.4651534564934441,0,1.09,0.1126
15,9,0,0,0,5516,1.399417552986216,1,0.11210490610442159,0,1.15,0.1896
5,4,0,0,0,696,0.842720820507463,4,0.2771820204142049,0,1.21,0.2675
5,3,0,0,0,988,0.8096617803643229,1,0.03288388491728783,0,1.22,0.2702
10,4,1,1,3,6628,1.4407196273414662,0,0.7147449082266071,0,1.17,0.2138
5,2,1,3,3,2737,0.9676585148795878,2,0.13479704756028996,1,1.14,0.1756
15,11,0,0,3,7906,0.05821797154027053,0,0.04529400106033288,0,1.15,0.1892
10,3,0,0,1,9898,0.9764528578612047,1,0.14535242795219105,0,1.07,0.0838
12,3,0,0,5,435,0.726552227013987,1,0.1622881678146837,0,1.12,0.1446
20,7,0,0,4,9184,1.0459115195639213,0,0.14649426863130321,0,1.02,0.0265
12,6,1,4,5,6107,1.00483630178761,1,0.43414023170356386,1,1.17,0.2115
12,4,1,2,7,4698,0.5010220061364814,3,0.5937745525260194,0,1.14,0.1769
12,2,1,9,7,4033,0.8547427204092681,2,0.4900004879724472,0,1.08,0.1049
20,16,1,3,2,9660,1.0479153330816426,1,0.277331577821167,0,1.29,0.3626
15,3,0,0,8,945,0.0012805461561049003,0,0.09419649120178691,0,1.18,0.2232
12,4,0,0,5,6733,0.7995649318328747,0,0.3952541905865781,0,1.08,0.1007
15,2,0,0,11,4043,0.1473133335732954,2,0.3702591823412246,0,1.1,0.1209
20,14,0,0,3,3590,1.1273295845235394,1,0.4362161787675725,0,1.13,0.1594
12,12,0,0,0,9259,0.8059653885054158,3,0.2841525522974184,0,1.14,0.1733
10,5,0,0,4,526,0.1394211996805595,0,0.0842798360281109,1,1.21,0.2599
15,11,0,0,1,7760,0.3793009504922108,0,0.10327398488444794,0,1.21,0.2639
12,2,0,0,6,7716,0.7372677306072651,1,0.22542834130880446,0,1.02,0.0269
10,5,0,0,1,9823,0.5736866751814673,2,0.32624969030458556,0,1.11,0.1431
20,15,1,1,5,4211,1.483974275263815,0,0.6280561705732197,0,1.3,0.3796
5,2,0,0,2,4655,0.7736041566215548,1,0.11080459411957544,0,1.16,0.195
5,4,0,0,1,2173,0.7301690262023155,1,0.2479887333463705,0,1.25,0.3076
10,10,0,0,0,529,1.3247639559214848,4,0.37659385192408706,0,1.23,0.2922
5,4,0,0,1,6619,1.244138106279498,0,0.08469956281630364,0,1.18,0.2275
12,6,0,0,4,4085,1.1657293623442104,2,0.24931223163314176,0,1.06,0.0803
12,6,0,0,1,5690,0.9371701510260952,0,0.3852058183556366,0,1.18,0.2267
5,1,1,2,1,9715,0.5226339716836396,1,0.33766042210629854,0,1.14,0.1804
20,1,0,0,13,6754,1.041578178767312,0,0.3436881953639357,0,1.03,0.0337
5,4,0,0,0,5312,0.739938264131335,1,0.27035497745809844,0,1.21,0.2613
12,1,0,0,5,4452,0.3417154360141972,3,0.45903828113432066,0,1.05,0.0683
12,3,1,2,0,227,0.9765766754669201,0,0.2834375443448602,0,1.26,0.3191
10,4,1,6,1,6433,0.5130442719069046,0,0.18234342760682123,0,1.26,0.3228
15,12,0,0,3,5573,0.8925126325450483,0,0.3783661565628135,0,1.14,0.1774
15,2,0,0,0,8651,1.1304328208765386,5,0.31931269955121283,0,1.03,0.0358
15,9,1,2,2,7521,1.1451267213310077,2,0.5407210379447934,1,1.25,0.3111
10,8,0,0,1,6106,0.8331975088630091,0,0.19362952012721701,0,1.21,0.2606
20,14,1,2,1,9055,0.4433287479528264,2,0.23287914337344295,1,1.29,0.3581
15,5,0,0,6,3501,1.4791078055082816,1,0.3750831581882287,0,1.08,0.1008
12,8,0,0,0,2039,1.2358160454387062,2,0.39041285641356704,0,1.2,0.2473
5,5,0,0,0,6227,0.8112181061971133,0,0.1592481566319393,0,1.23,0.2882
20,14,0,0,3,6520,0.539364601873874,0,0.06741707572610584,0,1.13,0.1587
12,5,0,0,2,3214,0.3081348848928941,0,0.15628486676147857,0,1.24,0.296
12,9,0,0,3,5378,0.4668909932243449,1,0.3735270410446636,0,1.15,0.1884
15,6,0,0,0,2305,0.6811142164685127,4,0.4609442427927286,1,1.17,0.2142
12,6,1,1,1,1154,1.4015635194606313,1,0.9286641421237506,1,1.34,0.4253
10,8,0,0,0,7841,0.21003853420482838,1,0.2726055394087001,0,1.22,0.2765
10,2,1,3,0,5681,0.5900256398454939,1,0.4011020135479749,0,1.19,0.2392
15,10,0,0,2,7258,1.3258775946514176,2,0.23408888144010015,0,1.13,0.1565
15,9,0,0,6,6944,1.4281523035656332,1,0.3009034461494358,0,1.07,0.0832
12,6,1,1,4,7548,0.31042972792294393,1,0.7084941789287426,0,1.22,0.2807
10,10,0,0,0,9482,0.5328532759957539,0,0.3453614471144844,0,1.23,0.2821
5,1,1,3,3,2483,0.9030743153240262,6,0.19799345442804916,0,1.07,0.0863
15,2,0,0,9,3985,0.100736673574232,2,0.05280852263086799,0,1.08,0.101
20,13,1,7,7,6278,0.5436159627199524,1,0.8153472354438941,1,1.27,0.3435
5,5,1,1,0,3651,0.17436862903490696,2,0.69237766739203,1,1.5,0.6199
10,2,0,0,8,9784,0.6825024277919587,3,0.36726007892371654,0,1.02,0.02
10,1,1,6,5,8794,1.4260229052106237,0,0.12962239179505633,0,1.02,0.02
10,5,1,3,0,6251,1.427599663536639,2,0.514908863955659,0,1.23,0.2891
5,5,0,0,0,1809,0.6782821567688796,0,0.024544374974495298,0,1.29,0.357
12,6,0,0,6,461,0.15720598430938354,2,0.3598936312341423,0,1.18,0.2278
12,5,0,0,0,1663,0.21933862382687064,1,0.49431791924464175,1,1.26,0.3285
15,12,0,0,1,2850,1.361206540257757,0,0.4284279606878168,1,1.25,0.3115
5,5,0,0,0,3274,0.7716696422029645,1,0.3556136407352512,0,1.26,0.3255
5,4,0,0,1,4637,1.3059012638635674,0,0.24287067830842712,0,1.22,0.2699
5,3,0,0,1,8046,0.8867771806741098,1,0.42645354386270745,0,1.15,0.1881
15,13,0,0,0,9244,1.317175083158523,5,0.0760853580565648,0,1.09,0.1174
15,10,0,0,4,9246,0.5129684840034561,0,0.2911983021181073,0,1.11,0.1333
20,18,0,0,2,5208,1.257288052175376,1,0.1474812080818762,0,1.19,0.242
12,8,1,4,0,6705,1.2578664995571374,2,0.22982618270493238,0,1.26,0.3245
20,12,0,0,0,7746,1.1333657929258094,1,0.2545541661957179,0,1.13,0.1675
15,4,0,0,5,4785,1.0027877076691705,2,0.4933877986927788,0,1.04,0.0544
15,12,1,4,0,2509,0.6233399916557133,0,0.39725831124289923,0,1.44,0.5438
20,9,0,0,3,6625,1.1100794950136774,4,0.47576491820915023,0,1.02,0.0262
12,5,0,0,4,2350,0.34648480979992835,2,0.2901611229571015,0,1.13,0.1625
5,3,0,0,1,1017,0.8456627976444613,3,0.11127685486383548,0,1.18,0.2191
20,4,1,3,3,6625,0.3826670807496575,1,0.6680232065870187,1,1.13,0.1671
10,10,1,1,0,4685,1.0604954454456272,1,0.8913241387700063,1,1.45,0.5644
20,19,1,2,0,8160,0.9410056656379797,1,0.8356116910445105,1,1.4,0.4942
15,2,0,0,0,9010,0.3266439278235267,0,0.1791614642946916,0,1.13,0.1665
12,12,0,0,0,6681,1.3798150915128615,1,0.27783203657439304,1,1.2,0.2453
20,12,1,2,1,2817,1.2885272315561525,0,0.1455001385836508,0,1.32,0.4034
5,1,1,1,3,3157,1.2134781010067828,1,0.5856442615119932,0,1.12,0.1508
5,4,1,1,1,1498,0.2280895916670485,1,0.17346848486620448,1,1.44,0.5539
12,10,0,0,0,6150,1.4362373368064274,2,0.2892877056916119,0,1.16,0.2026
5,4,0,0,0,231,0.43684399234689636,3,0.26675383125824337,0,1.25,0.3142
15,11,1,1,3,5335,1.0414156756194588,2,0.7117377663511856,1,1.25,0.3096
10,10,0,0,0,5449,0.8819809674137076,3,0.16842969108804345,0,1.17,0.2135
5,2,0,0,1,5956,0.25290253685632863,0,0.3049058289893508,0,1.22,0.2698
15,12,1,2,3,7562,0.4038904747064664,1,0.9468609591330414,0,1.33,0.4073
5,3,0,0,2,7760,0.2498493751266091,0,0.19775847155377857,0,1.21,0.2644
10,8,0,0,1,7117,1.2610222629263732,4,0.3222152467573093,0,1.13,0.159
20,11,0,0,6,7826,0.46001095753211413,2,0.13178724410069192,0,1.06,0.0763
5,4,0,0,1,8136,1.1328547967999278,2,0.48061735194609445,0,1.15,0.1831
15,12,0,0,3,2051,1.1951592908547681,2,0.07408886516473684,1,1.11,0.1418
12,6,1,3,4,2639,0.2978744673391251,1,0.49486348675937086,0,1.27,0.3385
10,8,1,1,0,6878,0.22896229638925508,0,0.10392445300736675,1,1.4,0.4942
5,3,0,0,0,4834,0.02748925281779796,3,0.3628459244573729,0,1.21,0.2638
10,8,0,0,2,2332,0.8328573448589978,3,0.06992725125890892,0,1.18,0.2273
12,3,0,0,3,93,1.3142096770260108,2,0.03102552631771638,0,1.07,0.0853
10,3,0,0,4,7734,1.3304008945638053,3,0.2538886430347823,0,1.02,0.02
5,2,0,0,3,7059,1.42548680845091,3,0.27355755416431776,0,1.02,0.02
15,3,0,0,9,2407,0.1273151172242159,4,0.2401987940937651,1,1.1,0.1204
15,8,0,0,2,9308,0.8359163449725157,1,0.12241240923116192,0,1.11,0.1399
10,8,1,1,1,1748,1.0012932273362543,6,0.8613657574263602,0,1.38,0.4747
20,2,0,0,16,4720,0.4923026258064262,4,0.19389157872318946,0,1.02,0.0305
20,5,1,8,15,8759,1.267647981861301,3,0.3730614054787018,0,1.02,0.02
20,8,0,0,3,1644,0.569439699619067,1,0.15666391607565777,0,1.13,0.1643
10,1,0,0,1,8914,1.3341171464305597,3,0.4291322742558734,0,1.03,0.0356
20,9,0,0,6,3301,0.6098513623510662,1,0.3054592887586306,0,1.12,0.1548
10,8,1,3,2,9325,0.7569370243975464,3,0.30492884208324333,0,1.27,0.3408
10,8,0,0,0,5204,0.7444456374604225,3,0.06874667726501615,1,1.15,0.193
20,5,0,0,7,7582,1.3890641193706608,0,0.025900516707905052,0,1.02,0.0258
20,12,0,0,4,3996,1.1121599280664038,0,0.33812340603092,0,1.13,0.1571
15,13,0,0,2,2183,0.2120360623325681,0,0.21638993612945123,0,1.31,0.3934
15,6,1,9,6,5293,0.11554837223064163,2,0.4615042499276816,0,1.2,0.2486
12,5,0,0,2,1915,0.6585648907041795,0,0.23216632630901712,1,1.23,0.2865
5,3,0,0,0,3468,0.20768078048550803,1,0.05581340425677034,0,1.24,0.295
20,11,0,0,2,5468,0.8578135747064275,3,0.09195602561641253,1,1.11,0.1421
5,3,0,0,0,2555,0.5182113055335891,0,0.2899477991138921,0,1.26,0.323
15,5,0,0,10,6732,1.1008900854487296,2,0.09626740886188667,0,1.02,0.02
15,7,1,3,3,6539,0.22158529259569748,1,0.422562014824435,1,1.22,0.2689
10,1,1,2,2,8455,0.8409852802510227,0,0.2904537946144433,0,1.12,0.1513
15,7,1,2,6,1726,0.14833625997347544,0,0.3758119582154056,0,1.3,0.3713
20,7,1,8,8,7774,1.409150434344281,3,0.1807104309934421,0,1.04,0.0543
20,15,0,0,4,3573,1.1733435007081852,2,0.17306427003579394,1,1.1,0.1194
10,10,0,0,0,3333,0.13154506374346397,3,0.487136120263973,0,1.28,0.3458
15,14,1,1,0,5982,0.7652883883704089,1,0.7017468330401475,1,1.42,0.5272
12,9,1,2,3,6386,0.5289248995892062,1,0.5811514068667881,0,1.29,0.3636
20,4,0,0,6,1040,0.4869048051688971,0,0.20849430164175248,0,1.15,0.1824
5,4,1,1,1,6010,0.2403998985608804,1,0.8017849497512097,1,1.43,0.5353
5,3,1,2,0,5439,0.7513941066247583,1,0.44956705048475676,0,1.31,0.3866
10,3,0,0,4,9260,1.0534644849767971,3,0.015138550665563077,0,1.02,0.02
12,12,1,1,0,8352,0.4014722435502738,3,0.664981369535437,1,1.4,0.4978
20,13,0,0,7,5284,0.7431775371621094,2,0.056827984533067144,0,1.08,0.0951
10,9,0,0,0,3683,0.9536082480401001,0,0.23680966052040764,0,1.24,0.3033
15,10,0,0,0,2694,0.08759433608873085,0,0.4807354422623746,0,1.31,0.3893
20,4,0,0,4,2422,1.098326340079292,0,0.4783300442121067,0,1.11,0.1319
15,6,1,1,3,5363,1.240465315831421,0,0.8181520938031802,0,1.19,0.241
5,4,1,2,1,7071,1.3247294795577478,2,0.5406322213500403,0,1.32,0.3959
15,9,1,1,0,3616,0.3259181681507046,4,0.6376590020684376,0,1.33,0.4182
12,5,0,0,3,5264,0.1996299587591961,2,0.3828066420110826,0,1.11,0.1409
5,5,0,0,0,6097,1.1669791780807608,1,0.4882078121369143,1,1.22,0.2709
5,4,0,0,0,1046,0.6630414126456357,0,0.22497978818430475,1,1.28,0.356
15,4,1,8,5,7444,0.2777113275630533,1,0.5218759543909727,0,1.14,0.1797
15,4,1,12,7,4434,0.5609990505383939,2,0.43549934121035805,0,1.13,0.1629
10,6,1,4,1,4358,0.8642781187609085,1,0.6469504730534137,0,1.33,0.4073
12,7,1,3,1,8980,1.1910886973591028,0,0.8293846321583365,1,1.29,0.3592
20,14,1,5,1,2316,0.39352222510016355,0,0.5733613893412366,1,1.44,0.5448
15,2,1,7,2,611,1.1162992872909248,1,0.4643489762648516,0,1.2,0.2533
20,13,0,0,4,8208,1.200764468693532,2,0.49967646493501644,0,1.05,0.061
15,13,0,0,0,7918,0.6901549487643935,4,0.2879553791843185,1,1.15,0.1853
5,2,0,0,2,9006,0.4965065039747722,2,0.44723268965754526,0,1.13,0.1577
10,7,1,2,3,9579,1.0610174387865843,2,0.14242537744284256,1,1.15,0.1874
10,7,0,0,1,4757,0.5427110520532352,1,0.2951076178143035,0,1.22,0.2763
15,13,1,3,2,4147,0.560600275247201,0,0.8930914592189623,0,1.47,0.5912
20,8,1,11,0,599,0.49454233005757764,0,0.7524218285671089,1,1.37,0.4578
20,9,0,0,8,7972,1.2728650610937007,1,0.025579757098135647,0,1.02,0.0233
15,8,1,4,2,7983,0.6999687011270632,2,0.5930095014283921,0,1.25,0.3124
5,5,0,0,0,802,0.41853026612796806,0,0.16564917023033654,0,1.33,0.4094
15,1,0,0,4,2870,0.2566670000061445,3,0.3022813323021188,0,1.07,0.0855
20,16,0,0,1,5461,0.32997030734727223,2,0.24330502184469116,0,1.22,0.2712
12,1,0,0,7,9189,0.5457409403450663,0,0.4243043784195984,0,1.04,0.054
10,3,0,0,2,35,0.7216977162411975,5,0.4156881418571853,0,1.18,0.2256
20,8,0,0,6,2846,1.0374442358981983,1,0.4782543731173725,0,1.1,0.1289
20,19,1,1,0,6066,1.441686602777576,0,0.9490417470952759,1,1.44,0.5554
10,9,0,0,1,6512,0.9168101277872901,5,0.42591812938095025,0,1.16,0.1997
12,7,1,5,4,3284,0.5647794610447274,3,0.9916073661440703,1,1.26,0.3211
5,3,1,3,0,9837,1.1507296532148374,1,0.5992351668583544,1,1.25,0.3077
5,1,0,0,3,3552,0.06766350942800414,1,0.4083393696379617,0,1.14,0.176
12,1,0,0,1,7098,0.5448854060222413,2,0.07431877783103308,0,1.08,0.1042
20,7,1,8,13,3201,0.4317515104522677,0,0.18469717186380352,1,1.21,0.2601
5,4,1,2,1,7728,0.7500934898853122,2,0.9247716262903849,1,1.35,0.4417
10,4,0,0,3,8784,1.4925468375090531,0,0.44992400300355073,1,1.05,0.0642
20,10,0,0,0,5399,0.0878964538144128,2,0.42871927923491904,0,1.21,0.2662
20,19,1,2,1,9964,0.36280445417068546,1,0.8957535926597975,0,1.42,0.5298
5,5,0,0,0,4320,0.89224556603848,3,0.3728910790006359,1,1.2,0.2458
20,20,1,1,0,1382,0.23946377850116146,1,0.2113552793684247,1,1.51,0.6356
12,8,1,3,1,9871,0.5838951944726551,1,0.5886226093099153,1,1.3,0.374
15,8,0,0,1,124,1.3111644415772261,3,0.21115693892801612,0,1.17,0.215
10,4,1,6,5,7106,1.223313656128511,2,0.16392489220115297,0,1.09,0.1092
5,4,0,0,1,2504,0.15921697923208777,2,0.44930590381711116,0,1.28,0.3491
20,14,1,2,0,1897,0.9639595059975397,2,0.8920690379954599,0,1.37,0.4662
5,1,1,2,2,2221,1.3232134713387915,4,0.9840334670836324,0,1.19,0.2434
12,7,0,0,3,3978,0.050071055001922105,1,0.4739256442670662,0,1.19,0.2341
20,12,0,0,1,981,1.0955594898663203,1,0.2995506778097981,1,1.22,0.2726
12,8,0,0,1,4462,1.0484721039161318,0,0.44416731338938004,0,1.21,0.2686
12,2,1,2,5,170,0.007600671745893406,2,0.8530456289271604,0,1.22,0.2766
10,5,1,1,5,9145,0.6155025993224676,0,0.8845380198075704,0,1.21,0.267
5,1,0,0,3,7202,1.1419706618088674,3,0.24714265570242455,0,1.02,0.02
10,3,1,7,3,2089,0.3700581109125428,2,0.7635218395274898,0,1.21,0.2564
12,10,0,0,1,7430,0.7423984865088542,2,0.3412890685450414,1,1.17,0.2133
20,7,0,0,0,689,0.04296889696538492,3,0.3544875729696695,1,1.23,0.2862
10,3,0,0,1,4866,1.0187331041094452,0,0.2053020335744562,0,1.15,0.1884
15,3,0,0,6,1642,0.8715243543724043,2,0.4479994758404567,0,1.08,0.1007
10,4,0,0,6,6745,0.5832547755711,2,0.3248315817347638,0,1.06,0.0732
20,13,0,0,3,7659,0.722341451666019,1,0.3425806003070931,0,1.09,0.1111
5,3,0,0,1,5521,0.421421738699551,1,0.16056952019820037,1,1.2,0.2512
15,9,1,7,1,5718,0.6449096216776782,0,0.45063572359476534,1,1.34,0.4198
20,2,1,5,5,7940,0.5800372419581821,2,0.1584912343048916,0,1.02,0.0212
12,10,0,0,0,2684,0.20304369264038669,0,0.37767100771706696,0,1.32,0.3946
10,4,0,0,4,1729,0.4322354241926173,0,0.1150363105518517,0,1.16,0.2
10,5,1,6,3,4137,1.479404620943348,0,0.557426772687631,0,1.22,0.2775
5,4,1,1,0,7262,0.4916791037426352,2,0.9328194163892062,1,1.38,0.4752
10,5,1,4,3,7222,0.9115821063929538,4,0.7669768691356205,0,1.14,0.1769
10,2,0,0,0,7206,1.102429737175154,1,0.030172752700940497,1,1.08,0.0977
20,16,0,0,3,9219,0.9840688042332075,1,0.3290494424037516,0,1.07,0.083
10,8,0,0,2,3919,0.6437580416385931,2,0.049630074654597456,0,1.2,0.2475
12,3,0,0,1,2620,0.9532245233197323,0,0.4476474070781694,0,1.19,0.2387
5,5,0,0,0,1840,0.2069265157025355,0,0.28856741743462877,1,1.34,0.4248
15,8,1,7,3,4687,0.6114707319880452,3,0.4129613701872539,0,1.18,0.2296
20,14,0,0,6,8995,1.4927719887424884,3,0.15869478681663624,0,1.02,0.02
10,6,0,0,3,1805,1.2352145639823198,4,0.19387076416343674,0,1.08,0.0984
12,8,1,5,1,9459,0.4574932774540287,1,0.14587486193700094,0,1.29,0.3574
10,1,1,1,6,4941,0.015702859974753958,4,0.740721030313575,0,1.11,0.1426
10,1,1,2,1,2334,0.10640647771247919,1,0.3736763456605732,1,1.24,0.2966
5,4,1,2,0,2784,1.1059045246885566,1,0.510666294815019,1,1.39,0.4844
20,11,1,8,6,5456,1.3549816579038816,5,0.7093366166329456,0,1.17,0.2094
12,10,1,3,1,8102,0.5606538822190528,0,0.9627199134803776,1,1.42,0.5244
12,4,0,0,3,125,0.06520259898557224,4,0.47519214718955877,1,1.16,0.1996
20,6,1,3,11,3972,1.3073957264273415,2,0.2855483601680864,0,1.1,0.1269
10,6,1,4,3,2788,0.6195849348202549,0,0.9587951351512362,0,1.33,0.4069
10,1,0,0,1,9507,0.8454880494525228,2,0.0694729679713742,0,1.03,0.0401
12,12,1,1,0,1367,0.8056113238549891,4,0.9579487517008569,0,1.47,0.5856
5,1,0,0,4,4453,0.647673741248244,2,0.32493801461575983,0,1.06,0.0711
5,5,0,0,0,6623,1.0389492241485683,0,0.18419868511051074,1,1.21,0.2654
12,12,0,0,0,9080,1.4870688276724433,0,0.11718579320190287,0,1.18,0.2232
20,17,0,0,2,2747,0.6247356185536048,4,0.3175255351012446,1,1.22,0.2692
12,6,0,0,0,6063,0.5447647512241438,0,0.24974835273402002,0,1.2,0.2496
20,17,0,0,1,7288,1.2591050158417583,3,0.36772862583771065,0,1.13,0.1676
15,2,1,9,13,7476,0.6577025116832366,4,0.842986622356619,0,1.05,0.0615
10,8,0,0,1,3868,0.3365207795576468,1,0.2729970677114875,1,1.26,0.3235
20,17,0,0,0,7847,0.8866060644715588,4,0.2881544099445283,0,1.13,0.1642
12,8,1,5,1,5431,0.8749807173656563,2,0.18211815470234882,1,1.28,0.3523
20,1,0,0,14,4075,1.3665752260706567,0,0.03209592796174071,0,1.04,0.0489
20,9,1,2,7,9434,1.437170293348979,0,0.7963585632440133,0,1.16,0.1977
15,3,1,4,0,5554,1.0614815746771802,3,0.7607037709579771,0,1.14,0.1755
15,2,1,12,5,5544,1.0541092325858026,1,0.8753431417467626,0,1.09,0.1122
5,2,1,1,3,9837,1.1788074383896583,2,0.7516687796113629,0,1.09,0.1152
20,4,0,0,2,7261,0.2665023447587388,3,0.08616797273407029,1,1.1,0.1213
20,4,0,0,10,1365,1.3561618581864536,0,0.34068278779027983,0,1.11,0.1368
10,3,1,5,3,4015,0.6855379207214091,0,0.498931607223401,0,1.18,0.2281
10,3,1,5,0,8894,0.6660971060913778,2,0.12444517130828803,0,1.14,0.1736
20,16,1,2,3,7661,0.2827831666627001,0,0.8224040982842913,0,1.35,0.4346
15,11,0,0,1,832,0.061310966228449726,2,0.4890336544231113,0,1.3,0.3772
12,7,1,2,1,4274,0.9258368791370944,4,0.4133147721351419,0,1.26,0.3239
5,2,0,0,3,2403,0.6688319331329351,5,0.32069015549008484,0,1.08,0.1027
15,4,0,0,1,9412,0.2681644313257307,1,0.4661759489506219,0,1.15,0.1826
5,4,0,0,1,3172,1.3361369505134872,3,0.2174679501817045,0,1.17,0.2098
10,8,0,0,1,8316,1.3340064180321725,3,0.4996497379817492,0,1.12,0.1552
5,4,1,1,0,3331,0.998301000255021,3,0.7641532074549884,0,1.35,0.4433
20,13,0,0,0,247,1.4399028806815932,0,0.019494709909114172,0,1.24,0.2954
12,11,0,0,0,882,0.16526427409946354,2,0.057122815395988735,0,1.29,0.359
10,7,0,0,1,8011,0.6444021212514704,1,0.3689792859546661,0,1.18,0.2232
20,12,1,6,2,554,1.4277125821038636,2,0.8479416226385769,0,1.35,0.4402
12,2,0,0,1,5530,1.0842688130149338,2,0.35988906341123494,0,1.09,0.1175
15,4,0,0,9,9375,0.11192858335306227,1,0.35945490766260546,0,1.07,0.0903
5,3,0,0,1,4206,0.5000499571142945,1,0.4483800238528128,0,1.23,0.2861
12,9,0,0,2,5229,0.23327482185783893,0,0.2341279544103218,0,1.26,0.3295
15,13,1,1,2,4864,1.3445468431216452,2,0.14768091397233724,1,1.34,0.4235
10,6,0,0,0,5892,0.9087794525758437,2,0.3877072574832118,0,1.15,0.1884
12,3,0,0,7,7300,1.0113152405814716,2,0.05008550360071662,0,1.02,0.02
12,12,0,0,0,8313,0.1988231686573116,1,0.12214514726858228,0,1.23,0.2885
20,2,0,0,18,2959,0.6121509727113086,3,0.1963795672773463,0,1.04,0.0451
20,12,0,0,6,8418,1.2945389416802637,3,0.0016811891614683105,0,1.02,0.02
15,6,1,8,0,6731,0.8524077814500501,0,0.38115763724684726,1,1.24,0.3003
15,6,0,0,5,8999,0.6423760503898548,2,0.4767784033600492,0,1.04,0.0456
5,1,1,1,1,1429,0.6843645387694417,2,0.15729699991690685,1,1.2,0.2474
20,14,0,0,0,5402,1.0306327081555562,1,0.3424341700134237,0,1.18,0.2247
10,7,1,1,3,9656,0.5876026444276816,1,0.5978469517042511,0,1.23,0.2906
12,12,0,0,0,1502,1.484312635680123,2,0.24981600387487113,0,1.24,0.2941
10,2,1,6,2,5621,0.4035765826207285,1,0.14776550395423044,0,1.19,0.2385
15,7,0,0,0,3608,0.7461170692371393,1,0.24984530144306016,0,1.19,0.2346
15,1,1,7,0,2748,0.5978450816910397,0,0.5740886539818211,0,1.22,0.2709
15,2,1,5,8,4978,0.9536051673829036,1,0.14722991274646346,0,1.05,0.0671
5,1,0,0,3,4413,0.9731979368683329,2,0.44848156085530844,0,1.04,0.049
10,7,0,0,1,8118,0.15047924878991914,4,0.4942515349641031,0,1.18,0.2277
10,2,0,0,2,3632,0.6798477018750004,1,0.3445371670749253,1,1.17,0.2084
5,4,1,1,0,8971,0.2512957324564148,0,0.5723182123479372,0,1.4,0.4981
12,3,0,0,2,8868,0.5138132484890263,1,0.24310434425992133,0,1.12,0.1459
5,5,1,1,0,9096,0.02716415593193333,2,0.9961734043535766,0,1.46,0.5772
20,19,0,0,0,7025,0.5382429103715753,2,0.4692109260493849,0,1.21,0.2675
15,6,1,2,4,605,1.398068754357934,2,0.5894111709368849,0,1.19,0.2407
20,14,0,0,2,3518,0.9377397100092997,2,0.392733632993096,1,1.19,0.2365
20,18,0,0,1,6812,0.4589946131358548,1,0.03230232404316047,0,1.21,0.2628
12,1,0,0,4,6721,0.9035438145110793,1,0.30011270543024804,0,1.02,0.02
20,5,1,10,7,2688,0.8186662281084158,3,0.4200835895485271,0,1.1,0.1289
5,2,1,2,1,5588,0.09446466021999106,3,0.64342069121097,0,1.27,0.3342
5,2,1,3,1,7158,0.07086238810897916,1,0.8206874079144024,0,1.3,0.3805
15,9,0,0,4,4002,0.3257162367598782,0,0.06523118070986306,1,1.16,0.2026
10,2,0,0,2,9623,0.481579928069978,1,0.12968310103874175,1,1.1,0.1212
5,5,0,0,0,4991,1.3071780969282647,2,0.28981426379157205,0,1.2,0.245
12,8,0,0,3,5624,0.6032384959104717,2,0.4462462300016545,1,1.11,0.1377
12,10,1,2,1,5456,0.1572387742837391,2,0.992166226210358,1,1.44,0.5535
12,4,0,0,3,9859,0.7231217373484099,3,0.3028859183111869,0,1.02,0.02
5,1,1,5,2,1694,0.7831257137434147,0,0.7205402406942615,0,1.27,0.3319
20,10,0,0,9,3620,0.19887914460743816,2,0.4289817159995026,0,1.15,0.1818
20,17,1,4,1,683,0.4029197891289333,0,0.5804305428325104,0,1.5,0.6274
15,2,0,0,8,1357,0.6387257197675523,1,0.47440041483881773,0,1.12,0.1471
15,1,0,0,6,1360,1.315557943564957,0,0.15184923456447336,0,1.08,0.1017
15,6,1,7,5,7000,1.1078565579523407,1,0.7386109447582548,0,1.15,0.1834
10,2,0,0,2,7740,0.5129787079319774,4,0.16382751496082143,0,1.08,0.0957
5,2,0,0,3,1256,0.03320874441321886,0,0.053735701984340634,0,1.19,0.2421
10,9,0,0,0,4993,1.0680527081299265,0,0.3031957778881534,0,1.23,0.2844
15,8,0,0,5,2753,0.14930349166622403,2,0.13035431949687526,0,1.14,0.1809
12,4,1,7,3,6731,0.8587098419080634,3,0.22928262856490766,0,1.07,0.0815
20,16,0,0,1,1198,1.1595478480585757,2,0.31983213339492095,0,1.22,0.2743
20,11,0,0,1,7549,0.7041401274884376,3,0.2073438548247158,0,1.11,0.1354
12,9,1,1,0,3188,1.1898644730018508,1,0.2806065118909026,1,1.35,0.4405
20,10,0,0,3,6667,1.1171260395778573,2,0.28847262132198015,0,1.04,0.0447
5,3,1,1,1,2293,0.08018327097479755,1,0.6637285970928152,1,1.41,0.518
5,4,1,2,0,3684,0.17763104102740224,2,0.488536532207418,1,1.42,0.5247
12,10,1,3,1,7859,0.2000825839756749,2,0.5754628946154782,0,1.38,0.4798
15,9,0,0,6,2120,1.2478056140264457,1,0.03739408225143259,0,1.11,0.1345
20,5,1,7,4,2803,1.4988340680358483,3,0.6713391857768554,0,1.1,0.1292
10,1,1,9,7,9938,0.9495318293070277,1,0.5129220838224628,0,1.02,0.02
10,10,1,1,0,6501,1.418607632984179,2,0.3450289234460195,1,1.37,0.4668
10,9,0,0,0,5870,0.6446118061849118,1,0.29458034087360724,0,1.22,0.2794
10,6,0,0,2,1455,1.3973089952362985,4,0.09686439309829464,0,1.16,0.1959
5,5,0,0,0,400,0.038851961218459186,1,0.2066871479375097,0,1.34,0.43
10,10,1,1,0,26,1.3548157594357018,3,0.5830195706764957,0,1.45,0.5563
12,12,0,0,0,1558,0.9052489424575513,0,0.1547544793811158,0,1.28,0.3485
10,7,0,0,1,2582,0.8739258771933798,1,0.0012342514929979953,0,1.2,0.2523
15,12,1,1,1,715,0.57976372247236,1,0.8725022322839915,1,1.47,0.5864
10,10,1,1,0,9077,0.9360299911710958,2,0.26167868408533723,0,1.34,0.4278
10,5,0,0,4,2430,1.2120171301451603,2,0.41207470259994566,0,1.09,0.1182
15,8,1,5,5,6987,0.8604086791857048,3,0.9345360932142736,1,1.17,0.2119
10,9,0,0,0,5091,1.1493474933055752,1,0.2190075881290406,1,1.2,0.2495
20,11,0,0,7,6690,0.0409314759758484,1,0.319948218041626,0,1.14,0.177
20,9,0,0,3,4340,1.2557618555166659,2,0.11204129578900163,0,1.05,0.058
12,8,0,0,2,7092,1.4823540447822472,3,0.4952285037018757,0,1.12,0.1532
5,4,1,2,0,3574,0.576493832645552,0,0.42108992340597373,0,1.43,0.5344
5,1,1,1,3,7997,1.0472526166439735,1,0.5685165435833464,0,1.06,0.0769
5,5,0,0,0,5178,0.9767525836906258,2,0.17439529426601047,0,1.19,0.2353
12,12,0,0,0,9352,0.3071097245206452,2,0.3620794746031661,1,1.2,0.2546
10,9,0,0,1,5969,0.0061797260890048,2,0.29968780503351167,1,1.25,0.3155
10,9,0,0,0,483,0.6346582219144947,2,0.1618621154934542,0,1.26,0.3239
15,11,1,2,3,6373,0.5625884161696594,0,0.47456889484032616,0,1.3,0.3721
20,18,0,0,0,6469,0.4625331588434272,2,0.14756302200303856,0,1.2,0.2502
5,2,0,0,2,3210,1.3800236654940101,0,0.1713056852307367,1,1.18,0.2256
15,8,0,0,7,9119,0.17635060570984168,2,0.3683781726657116,0,1.08,0.1017
5,2,0,0,1,527,0.5421522226897538,1,0.32837919787898395,1,1.24,0.2975
15,4,0,0,2,7207,1.1909080597979345,3,0.4042011498987806,0,1.07,0.0842
10,8,0,0,2,2421,0.10412543788520645,0,0.4566221128918168,1,1.33,0.4098
10,8,1,1,1,5075,0.44480164403221867,1,0.14783463295565313,1,1.38,0.4766
10,2,0,0,0,3949,1.3268546183648122,1,0.4163329749135429,1,1.14,0.1774
10,8,1,1,1,6068,0.22068051760137697,1,0.4982834941995641,0,1.41,0.5121
10,2,0,0,4,6900,1.4695021956335985,0,0.12926236927247725,0,1.03,0.0368
20,17,0,0,1,1605,1.3924275174761116,1,0.3327562913545821,0,1.24,0.3034
12,3,0,0,9,2372,1.1811848143621106,1,0.19075993015299525,0,1.07,0.0905
15,12,1,4,3,5487,1.4593069872328583,0,0.1616526667919178,0,1.27,0.3426
12,9,1,1,3,1360,0.9043445091696105,1,0.5396225340249418,1,1.32,0.3982
12,1,0,0,1,7281,0.9749559333758322,2,0.26064339524959473,0,1.06,0.0733
15,10,1,6,0,641,0.2427134392157988,3,0.996202355021321,0,1.42,0.5258
12,8,1,4,1,1946,0.8730139213228694,1,0.48130876865606287,0,1.36,0.4553
5,4,1,2,1,6090,0.4334303482920541,1,0.10127950482789108,0,1.37,0.4587
10,3,0,0,6,9735,1.0257895875132497,3,0.12296329726579192,0,1.02,0.02
15,4,0,0,9,3101,0.5510653299710768,0,0.2960124082638611,0,1.13,0.1621
15,7,0,0,8,5372,0.5429311074723433,2,0.0065126401564621905,0,1.07,0.0823
20,9,1,6,5,552,0.689673662763749,1,0.7213867813536333,0,1.26,0.3293
12,8,0,0,0,4080,0.1054961740266594,2,0.3854578230177117,1,1.24,0.3058
5,5,0,0,0,9816,0.7422586017298123,5,0.1964700639087002,0,1.13,0.1643
20,19,0,0,1,4173,1.1967210996619764,4,0.2868657719110951,0,1.18,0.2229
10,7,1,4,2,2057,0.9058924265779649,2,0.9378756228185599,0,1.38,0.4733
12,12,1,1,0,1444,1.0268940751744902,2,0.452096348537279,0,1.44,0.5512
10,4,0,0,2,1753,0.5264299870910694,0,0.059547165093377485,1,1.23,0.2858
20,7,0,0,5,5229,0.9304546350650698,2,0.3601601066430167,0,1.05,0.0565
20,15,1,1,2,4054,1.1014879702424987,1,0.37900001009039064,0,1.35,0.4353
20,7,1,1,5,5439,1.0100343455758065,0,0.8338187207353291,0,1.18,0.2216
15,10,1,4,0,26,0.6072482009778379,0,0.3452944555554809,1,1.42,0.5265
15,12,0,0,2,2411,0.8731438984238127,2,0.15737434972923142,0,1.2,0.2558
15,6,1,9,3,2988,0.4308663527672933,0,0.4154591440870843,0,1.24,0.3013
20,14,1,7,6,4834,0.0510248232690485,2,0.5875912030390231,0,1.31,0.3891
12,7,1,2,5,4012,0.5128219830841725,1,0.1344377304903712,0,1.24,0.3001
10,10,0,0,0,1612,0.8332044315155085,2,0.3629686069998946,0,1.25,0.3182
15,13,0,0,1,637,1.0947676330678533,4,0.34241174603353136,1,1.21,0.2678
5,1,1,1,2,6124,0.4382714991270255,2,0.619137808832127,0,1.19,0.2385
15,4,0,0,5,2679,0.13046812659631674,2,0.1177234127758322,0,1.11,0.1429
5,3,0,0,2,6511,0.0754243055317178,2,0.2638526460764862,1,1.2,0.2526
20,9,0,0,9,5774,0.6092546489358521,0,0.27279588464235177,0,1.11,0.1418
5,3,0,0,2,705,0.15538298194804373,2,0.2946280364513373,1,1.27,0.3341
5,4,0,0,0,2807,1.0098081149453253,1,0.06742995233523585,0,1.21,0.2566
20,13,0,0,3,2864,0.5248675623299515,1,0.102509612436045,1,1.15,0.1836
15,8,0,0,4,713,0.12670829484340784,2,0.007730387352305024,1,1.16,0.2039
12,10,0,0,1,8751,0.42277643777923474,5,0.10435020807090467,0,1.14,0.1798
20,2,0,0,17,8779,1.3161727254764641,4,0.11030666584177129,0,1.02,0.02
5,4,0,0,0,4659,0.061250318029595074,3,0.2330597096338795,0,1.23,0.2826
10,2,1,4,8,195,0.13436450594164356,5,0.16250304344896083,0,1.16,0.1946
10,3,0,0,1,2435,0.45606790445371137,2,0.31420374821927677,0,1.19,0.2347
5,4,0,0,1,1283,0.29446169984311205,3,0.08797081623913106,0,1.24,0.2983
5,1,0,0,3,4715,0.15880988335878155,0,0.25183878671053117,0,1.13,0.1635
20,16,0,0,0,7373,1.1769598717033987,2,0.3548685962627606,0,1.15,0.1845
20,10,0,0,7,6256,1.0795887534010629,1,0.47110033073827334,0,1.07,0.0922
15,13,0,0,2,1363,1.3312277800610037,1,0.024248684446969093,1,1.23,0.2848
20,5,1,3,1,7896,0.02854838038910762,0,0.42353510664449134,1,1.25,0.3101
20,3,0,0,4,4661,0.9987848160868158,1,0.49650401814208217,0,1.05,0.0658
20,14,0,0,0,9865,1.4824328840308592,4,0.4723650641630151,0,1.09,0.1148
15,7,1,4,3,5145,0.5925876517684125,5,0.18534935243728795,0,1.14,0.1804
12,4,1,6,7,6044,0.4291680348417945,2,0.22697102936743696,0,1.13,0.1612
20,14,0,0,5,1715,0.821130077809584,3,0.38135336161164185,1,1.12,0.1477
20,10,1,11,4,7630,0.6431261119474674,3,0.2724345711126956,0,1.13,0.158
20,8,0,0,12,7547,0.9617296932902348,2,0.09820704340735054,0,1.02,0.02
5,5,1,1,0,2407,1.3889007785596479,2,0.1335004165804557,0,1.41,0.5112
5,5,0,0,0,7530,0.19281101625246883,1,0.49094952723899893,0,1.26,0.3304
15,9,0,0,1,3959,0.169632433396242,4,0.487991213798154,0,1.22,0.2727
10,8,0,0,2,5862,1.435013305619236,0,0.2689573500988694,1,1.2,0.2536
10,8,1,2,2,9900,0.47973043020126976,1,0.3508552390018418,1,1.33,0.4169
5,5,0,0,0,5679,0.5277268731302116,1,0.06643087421376248,1,1.23,0.2907
20,16,1,2,4,1836,1.4627687043820368,1,0.8174602524351801,0,1.34,0.4232
5,1,0,0,2,2204,1.4910839351521703,3,0.09724111536523017,0,1.1,0.1247
15,11,1,3,2,6123,0.08629017557198121,2,0.15263133725432027,1,1.36,0.4444
10,3,0,0,4,2500,0.9954734842560578,1,0.26761966845736673,0,1.08,0.1027
5,4,0,0,0,2804,0.271548063564002,1,0.06880779052404018,1,1.26,0.3296
5,2,1,3,3,265,0.4142794348883384,1,0.2577408579333319,0,1.24,0.3045
12,1,0,0,5,5027,0.7204332296858105,3,0.4474536023410566,0,1.02,0.0208
10,3,0,0,1,5021,1.0303306778885977,3,0.35151430826897295,0,1.09,0.1178
15,5,0,0,10,2787,1.006641096202912,0,0.08923604710706118,0,1.09,0.1153
5,2,0,0,2,8574,0.5737713367084465,2,0.2458305627691118,0,1.11,0.1403
10,2,1,8,1,9121,0.18586204589542,0,0.9901665787310625,0,1.24,0.3018
15,2,1,13,3,1832,1.0625834521640534,2,0.9166161443651821,0,1.12,0.1445
15,3,1,13,10,7598,0.41085370660341575,4,0.2251144474878491,0,1.05,0.061
15,3,1,13,10,1664,1.2947009437847419,1,0.18146790815429192,0,1.11,0.1409
5,4,1,2,0,8601,0.8740780531995331,3,0.7143235049281733,0,1.3,0.3727
12,4,1,8,7,2379,0.04270683881523174,2,0.2493145398706205,0,1.21,0.2567
10,10,0,0,0,6807,1.110546858234142,2,0.3448877279980347,1,1.18,0.2222
15,7,1,7,8,3559,0.6950389595964521,3,0.5178367276983848,1,1.18,0.2205
15,14,0,0,0,2424,0.8069394474661484,1,0.17993900616691716,1,1.25,0.3107
20,6,1,14,11,1148,0.7316381439415924,2,0.22781983970903835,0,1.15,0.1915
12,4,0,0,1,7421,0.8227296691438727,0,0.17632201556836463,1,1.14,0.1705
20,5,1,10,10,3402,1.1997886517221275,0,0.10915609334140604,0,1.12,0.1552
12,5,1,2,0,6226,0.019253402095105343,1,0.24901401323758704,1,1.29,0.3604
20,16,0,0,2,1015,0.6505924196619146,1,0.40725643980820164,0,1.28,0.3456
15,11,0,0,3,4604,1.2380084632865014,0,0.3323136449582794,1,1.13,0.1675
10,2,1,5,7,297,0.34820842854799916,0,0.7836226750135653,0,1.24,0.3014
15,3,0,0,4,5615,1.447841489258536,4,0.45283981768849035,0,1.02,0.02
15,4,0,0,5,3620,0.9884262705081701,1,0.02701979617395117,0,1.05,0.0624
12,5,0,0,3,9245,0.6795102205401886,2,0.019630960518287055,0,1.02,0.02
10,10,0,0,0,5132,1.1222865679696188,2,0.08798065933049282,0,1.18,0.2267
10,3,0,0,1,1185,0.7763982373131575,2,0.49917717566161324,1,1.19,0.2362
10,9,0,0,0,3435,0.1023093521140882,0,0.2780850340248767,0,1.32,0.3955
5,1,1,4,1,5414,0.16425927078024588,4,0.6169848375315485,1,1.2,0.2497
5,3,1,2,1,1172,1.4332197104181226,2,0.6738879554937081,1,1.33,0.417
15,7,0,0,7,6345,0.14148614497765832,1,0.4863097316114865,0,1.14,0.1729
15,7,1,5,2,9146,0.4878573481600655,2,0.4249537284503757,1,1.22,0.2767
15,9,0,0,5,3948,1.1858343581439559,0,0.24252633404773632,0,1.12,0.1502
10,6,1,5,4,744,0.1721972868999126,5,0.6269034623361607,0,1.3,0.3758
15,14,1,2,1,1356,1.3452409936304197,2,0.4307136698174302,1,1.42,0.5248
5,5,0,0,0,6951,0.15625608999305746,2,0.06685134105483498,0,1.23,0.2821
20,18,1,1,2,5060,1.1493583526196338,1,0.9211389523576464,1,1.42,0.5221
12,10,1,2,0,8155,0.09897135467431978,3,0.3864926917506406,1,1.35,0.4437
10,8,0,0,0,5696,0.20838451855646056,4,0.28631197564625227,0,1.21,0.2566
15,2,1,2,11,1757,1.1072194267010846,1,0.9322918177923115,0,1.14,0.1736
12,9,0,0,3,8444,1.240024540906756,0,0.41604415884041535,0,1.1,0.1191
15,9,1,3,5,6828,0.08910446083615647,1,0.43503277770527704,0,1.26,0.3308
20,12,1,5,4,6992,0.2206500157549457,1,0.6620876176058303,0,1.27,0.3334
10,6,0,0,1,2139,0.23923595074681497,0,0.4593822718471131,1,1.3,0.3707
20,1,0,0,18,6286,1.226174271714451,3,0.45497052669618443,0,1.02,0.02
12,6,0,0,6,6896,0.5573721567775516,4,0.45022499308683667,0,1.06,0.0718
15,15,0,0,0,1075,1.4194817664968127,1,0.08906425393162809,1,1.25,0.3143
5,5,1,1,0,4433,0.028815799610272252,1,0.9819462147152014,1,1.54,0.6725
15,15,0,0,0,571,1.1544095846707867,1,0.49112664231649966,0,1.28,0.3541
15,11,0,0,3,260,1.1874837530817453,0,0.40768100173558985,0,1.19,0.2387
10,6,0,0,3,9137,0.42526505347741506,2,0.26714087261415875,0,1.06,0.0785
12,7,0,0,4,2201,0.8433572892576406,3,0.26181833706865726,0,1.09,0.1111
5,2,1,1,0,2446,0.473308906094782,1,0.11416655000504619,0,1.28,0.3544
12,9,1,1,3,971,0.95044865589917,0,0.8457956240089776,0,1.36,0.4506
10,10,1,1,0,4951,1.096986265011657,1,0.3437524339260992,1,1.41,0.5166
10,9,0,0,1,5261,0.3598110885540773,2,0.2485654017421064,1,1.23,0.2867
20,5,0,0,3,868,1.081597660954331,0,0.3353188731632228,0,1.12,0.1513
5,4,1,1,1,1935,0.3081094958997131,2,0.7752087988518672,1,1.45,0.5608
5,3,0,0,0,9776,1.4132945082535948,1,0.1800450479067754,0,1.1,0.1311
10,4,0,0,0,7203,0.15662182271021663,1,0.4163581457187802,0,1.19,0.2429
15,14,0,0,0,9369,0.5131696183379262,2,0.14848547867578515,0,1.17,0.2067
15,12,0,0,0,1294,0.38878653166153265,2,0.009200777340090283,1,1.25,0.3091
12,10,0,0,0,5311,1.3518821956543974,1,0.43249980630302653,0,1.2,0.2533
5,1,0,0,4,7022,1.321738000431518,0,0.3616379702453855,0,1.04,0.0536
15,3,1,5,12,9752,0.5999642236307131,3,0.14091330303134608,0,1.02,0.02
20,3,0,0,0,9411,1.0775857344054218,2,0.199229445409913,1,1.04,0.0439
20,5,1,1,3,3560,0.4376177523617514,1,0.3345638620033681,1,1.16,0.2004
5,3,0,0,1,7597,1.1699452873975043,0,0.18243380466020565,0,1.15,0.1906
10,1,0,0,4,9327,0.8941970821923928,4,0.17836566405615273,0,1.02,0.02
12,5,0,0,4,9916,0.5117728671125492,2,0.26970473063999323,0,1.02,0.0308
10,4,0,0,0,1226,0.3785425226182795,3,0.40353957812936603,1,1.2,0.256
15,3,0,0,2,8830,0.8085123563404495,0,0.46348678539588406,0,1.12,0.1538
5,3,0,0,2,3228,0.6980088400980764,1,0.05183456774111839,1,1.2,0.2493
15,3,0,0,9,3787,1.077567427164265,2,0.20249638545811305,0,1.03,0.0361
10,8,0,0,1,3032,0.9919662750740904,2,0.23556394249847723,1,1.19,0.2408
5,4,1,2,1,3656,1.314026504476164,0,0.3709177084244093,0,1.39,0.4868
12,12,1,1,0,6995,0.7920965484128615,1,0.2755242865196885,0,1.4,0.5012
20,5,1,13,3,166,0.3901277042046695,2,0.3606201153370169,0,1.19,0.2315
5,4,0,0,1,5409,0.2712379967285608,0,0.11172047484467473,0,1.26,0.3207
5,5,0,0,0,3639,1.485772673175319,1,0.2352356255375152,1,1.23,0.2876
10,8,1,2,0,258,0.7029620978753294,0,0.7139133599558806,0,1.48,0.5949
15,1,0,0,11,6126,1.3837148006714695,1,0.2181756619815946,0,1.02,0.02
12,3,1,5,2,7284,0.08870911802338838,4,0.13733187660500715,1,1.17,0.2104
5,5,0,0,0,5700,0.692108450757775,1,0.4752135748150687,1,1.25,0.3066
15,9,0,0,3,3472,1.3954497231499499,1,0.22022615766063103,0,1.1,0.1289
5,3,0,0,1,6704,1.2633660631258126,4,0.4724085357750035,0,1.12,0.1472
12,10,0,0,2,834,1.4627450698721527,0,0.08452666508370033,0,1.26,0.3193
20,11,0,0,5,3534,0.5015081706228535,1,0.3077384451309443,0,1.14,0.1773
20,18,1,3,1,4252,0.5548103079205169,0,0.22433985095728115,1,1.44,0.5497
5,1,1,1,0,6249,1.3703438337589544,3,0.48573334638565424,0,1.11,0.1431
20,19,1,2,1,8624,1.3755773880605693,1,0.6470687359970122,0,1.37,0.4662
10,10,1,1,0,6285,0.633007208772882,1,0.8597260018586798,0,1.46,0.5745
15,1,0,0,11,1066,1.3726498614117941,1,0.3512485584119559,0,1.08,0.0954
12,7,0,0,2,8095,0.6872075443862096,3,0.3823179971424868,1,1.12,0.1479
20,20,1,1,0,9620,0.7110946862317615,5,0.6159931875001572,1,1.36,0.4439
5,5,0,0,0,2927,0.6571571844713644,2,0.20951570854206375,0,1.24,0.3038
12,9,0,0,3,1128,1.2588542221706436,2,0.27839884885620403,0,1.13,0.1645
10,1,0,0,1,8828,0.9530993362186684,2,0.0718706280098596,0,1.03,0.0397
12,2,0,0,9,3432,0.39412906171861967,1,0.35963565189435215,0,1.11,0.1362
10,4,1,5,4,7637,0.6976634343538964,1,0.2511587839306728,0,1.13,0.1651
20,7,1,11,13,7661,0.8687107510701588,2,0.440863432534395,1,1.09,0.1166
12,10,0,0,2,841,0.1565461493165921,1,0.1643968799967101,0,1.31,0.3832
5,5,1,1,0,9161,0.3759616772626249,2,0.8901312510099947,0,1.43,0.5329
12,10,0,0,1,2204,0.5778760775428828,1,0.15788377961258526,0,1.26,0.3201
12,8,1,5,4,3684,1.3953592365645804,5,0.9663155975450737,0,1.24,0.302
10,8,0,0,0,1160,0.8387074032596282,0,0.09356860429891073,0,1.26,0.3262
12,8,0,0,1,7234,0.45730198891116935,2,0.0051305142022476935,0,1.15,0.1928
20,18,0,0,2,2392,0.5237331022017777,1,0.38766449047671286,0,1.28,0.3511
20,1,0,0,2,3357,1.0848002140898307,2,0.19787692511179755,0,1.1,0.1196
15,5,0,0,9,26,0.4188821713716795,3,0.403274217580529,1,1.13,0.16
10,1,0,0,9,3777,0.5111090335665194,0,0.43278753134856046,0,1.11,0.1419
20,15,0,0,0,921,1.3152591091127785,1,0.21657910967359867,0,1.23,0.2893
10,9,0,0,1,151,0.3455514951372241,1,0.3292532235961981,1,1.32,0.3979
15,1,0,0,14,4728,0.9168817596341362,0,0.25954962088109185,0,1.05,0.0682
5,5,0,0,0,7046,1.4310306785036635,2,0.3896533255942157,0,1.18,0.2221
15,9,1,1,6,8545,1.058614119296256,1,0.36028079874190433,0,1.17,0.208
5,3,0,0,1,9491,0.7883791390489508,0,0.2084534826117383,0,1.15,0.1855
20,15,0,0,3,1488,1.1949430681009556,1,0.2702619294694245,0,1.15,0.1851
10,9,1,2,0,6195,0.7260822037735073,2,0.48139457210156966,1,1.38,0.4706
5,5,0,0,0,356,0.7786607755524533,0,0.14432602415648293,0,1.3,0.3783
20,12,0,0,5,4876,0.02283370723723621,3,0.21711388849648605,1,1.12,0.1519
20,11,1,10,8,1192,0.44641713708213915,3,0.47425064524122673,0,1.25,0.3099
10,6,1,3,3,6721,1.1309362410181505,2,0.3294339094188181,0,1.16,0.2062
12,10,1,3,2,9584,1.2703851271646929,1,0.5399253169614477,0,1.32,0.3978
15,14,0,0,0,4505,0.5912342702009188,3,0.48314716485907305,0,1.22,0.272
12,4,1,6,6,721,0.7056974739264036,1,0.6728005250638814,0,1.22,0.2758
20,11,0,0,5,8818,0.49351586596110103,2,0.13485038262284188,0,1.05,0.0583
15,1,1,8,9,6823,0.5654248667495843,1,0.6905580678697752,0,1.08,0.0957
15,9,1,3,5,2745,1.1467748415541978,0,0.9257187029993235,0,1.29,0.3669
5,5,1,1,0,6567,0.10289023561184363,1,0.6398439124206795,1,1.48,0.6057
5,2,1,1,1,3926,1.0117556681493562,2,0.8955302877651362,0,1.25,0.3154
5,2,1,1,1,7102,0.21868205283084458,2,0.8320770247876129,1,1.27,0.3408
12,4,0,0,8,3146,1.452616183036727,0,0.09546839217538278,0,1.09,0.1104
5,3,1,2,2,6958,0.3128899800188369,2,0.31769618318450876,1,1.3,0.3704
10,3,0,0,2,2759,1.3736457962716762,1,0.11190496254776533,0,1.15,0.1859
15,4,1,7,0,8965,0.8674599741715937,1,0.9942084994179837,0,1.19,0.2356
15,3,0,0,10,1586,1.4094587873243671,1,0.010476085147262448,1,1.06,0.0804
10,6,1,3,1,2749,0.47674641962686715,1,0.3920189421465009,0,1.36,0.4498
5,1,1,4,0,2501,0.9045814018987226,1,0.7645529487575285,0,1.23,0.2845
5,5,1,1,0,3746,1.1582994828140074,1,0.875399414203208,1,1.46,0.5772
15,10,0,0,0,8743,0.8701755495630461,3,0.010970733798781995,0,1.08,0.1027
12,10,1,1,0,9363,1.4402631580774998,4,0.8308964759853701,0,1.3,0.371
20,5,0,0,4,4645,1.0722701628152558,4,0.17001206764798987,0,1.02,0.02
20,14,0,0,3,3588,1.301533315771713,3,0.05476830248868564,0,1.06,0.0756
20,16,0,0,2,3736,0.9989484274605499,1,0.15240656730721774,0,1.2,0.2496
10,10,1,1,0,8479,0.719530131930729,3,0.7950898407037293,1,1.38,0.4745
5,2,0,0,2,1568,1.1239393674966558,0,0.3297734975463198,0,1.21,0.2629
20,20,0,0,0,9119,1.4117174208058199,3,0.3502379506607703,0,1.13,0.1612
12,7,0,0,0,5406,1.2358681911849434,4,0.1753583587460829,0,1.11,0.1404
5,1,1,2,2,4993,0.7875798117023499,1,0.5165225903431754,0,1.19,0.239
15,14,0,0,0,9525,1.1318069642266555,0,0.013541827414103869,1,1.16,0.1982
12,8,1,4,2,5974,0.9936236191217378,1,0.40191572272704035,0,1.3,0.3765
12,11,0,0,1,3371,1.1653108683282325,2,0.20469341840822458,1,1.2,0.25
20,15,0,0,4,7790,0.6461352725414826,2,0.4845735904791225,0,1.09,0.1165
15,10,1,4,4,5502,0.8721071553204862,4,0.5533183321252605,0,1.2,0.2545
10,5,0,0,3,5442,1.3060417533842306,1,0.31466755742602864,0,1.07,0.0919
20,8,0,0,2,6599,0.962567223426432,2,0.4286673224614384,0,1.12,0.1457
5,4,0,0,0,5817,1.1189472712173893,0,0.15700735512241742,1,1.2,0.2453
5,3,0,0,0,1892,0.0399475303711575,1,0.4867013044641781,1,1.3,0.3699
10,5,1,1,1,7221,1.2820248121393027,1,0.2882464150890386,0,1.23,0.2831
20,10,0,0,4,9939,0.7719191868566424,3,0.3769131308465141,0,1.02,0.02
12,5,0,0,1,1215,1.1711817689696886,1,0.2021630614247394,0,1.19,0.2338
15,5,0,0,10,1087,0.8607822493533468,1,0.4279572377160222,0,1.12,0.1552
10,8,1,1,1,8505,1.495807715961452,4,0.936938439083481,0,1.3,0.3794
5,1,1,3,4,3397,0.8700098630285478,2,0.20528941211414914,0,1.08,0.1031
12,6,0,0,5,2446,0.09648629179357421,1,0.2562030717300748,1,1.18,0.2225
20,11,0,0,6,1961,0.02381163269077169,2,0.019609250640007292,0,1.16,0.1989
12,11,1,2,0,6268,0.041352361253768455,1,0.10089267802266437,0,1.43,0.5407
20,17,1,1,3,4953,0.710035030564805,2,0.458479051312045,1,1.3,0.3695
12,7,1,5,3,1055,0.7614903118142248,3,0.5746398967882572,1,1.24,0.3015
20,18,0,0,0,8297,1.0233684465741275,2,0.3125472792806932,0,1.15,0.1822
20,6,1,13,14,6684,0.6704070560476325,2,0.19229331333218191,0,1.09,0.1117
15,15,0,0,0,5967,0.9565671358300702,5,0.16239725143168432,0,1.16,0.1978
12,1,1,12,10,1437,0.13767814647281013,3,0.6568643270958694,0,1.14,0.1697
20,3,0,0,11,782,0.6735438683789056,0,0.047264382000247795,0,1.12,0.1472
20,11,1,5,0,3146,1.3601841058290378,0,0.7207791768799741,0,1.34,0.425
5,1,0,0,0,8664,1.2706067065367053,1,0.3905153521669595,0,1.08,0.1046
20,14,0,0,0,8310,0.700391082360487,0,0.08115993104250602,1,1.17,0.2168
5,2,0,0,2,3978,1.2741173819239793,0,0.20667113207440768,0,1.17,0.2169
20,20,0,0,0,4911,0.5185540572760898,1,0.054832110746399154,0,1.24,0.3022
12,2,0,0,10,2425,0.9773246744302176,3,0.28575796051178814,0,1.03,0.0338
15,12,1,4,1,6844,0.5166240903835158,0,0.3819526564501553,1,1.39,0.4882
5,2,1,3,3,4112,1.4127712411326714,1,0.5368494693492741,1,1.17,0.2106
20,8,1,13,9,4038,0.9568525935739789,2,0.2081927881247912,0,1.13,0.1631
20,19,1,2,0,256,1.4538689013166355,1,0.41819794918519626,0,1.46,0.5734
20,12,0,0,1,4379,1.1777715310849155,2,0.4878193595488169,0,1.17,0.21
15,6,0,0,6,7081,0.4531181989102452,1,0.08463237535770951,0,1.07,0.0886
10,10,0,0,0,1017,0.09966244772685046,4,0.3987244600381551,1,1.3,0.3767
15,10,0,0,3,7864,0.5510809337279368,2,0.16806471101404352,0,1.07,0.087
20,15,0,0,0,3456,1.4158468353820437,2,0.12491160654305844,1,1.17,0.2173
5,5,1,1,0,3576,0.8845932381988202,1,0.19588302424753473,0,1.43,0.5369
20,12,0,0,3,4171,0.87794346057339,2,0.1992203474311533,0,1.08,0.1022
10,8,1,2,0,6405,0.19933273380730143,2,0.4676006552032178,0,1.38,0.4801
5,5,0,0,0,5612,0.04595353830921489,2,0.10735718475990613,0,1.25,0.3165
10,1,0,0,2,8622,0.2762827882850571,1,0.3675069042303989,1,1.13,0.1608
20,12,1,2,2,136,0.835998637126127,3,0.7965928635104309,1,1.35,0.4321
12,6,0,0,6,6122,0.5479094130529607,1,0.471225722367033,0,1.11,0.1394
20,4,0,0,8,2280,0.465440128930161,1,0.172156889325771,0,1.11,0.1364
12,5,0,0,2,2648,0.1803984329831993,0,0.4141990597492408,0,1.27,0.3379
12,10,1,2,1,4983,0.4442147466021308,0,0.5369228387071429,0,1.44,0.5488
12,12,0,0,0,4891,0.9547366520564283,1,0.43559129771000155,1,1.23,0.2893
20,13,1,6,7,9695,1.321363147486651,0,0.7065278866760828,0,1.21,0.2646
20,9,1,6,5,9463,1.2637181925853485,0,0.7024866979871213,0,1.15,0.1898
15,5,0,0,2,9253,0.5382058208533004,2,0.3655331866492289,1,1.11,0.1333
5,4,0,0,0,8180,0.801569723014889,1,0.08437690388338653,0,1.16,0.1972
5,3,0,0,2,2012,0.019770056624176968,2,0.02570530349326805,0,1.25,0.3066
20,8,0,0,5,1155,1.0659860656002849,2,0.08971638606774107,0,1.08,0.0965
12,8,0,0,3,8246,0.39593770237056225,1,0.3265682054090617,0,1.11,0.1362
15,3,0,0,11,3611,1.2611192320302227,2,0.19661087940211808,0,1.03,0.0382
15,4,1,9,0,9998,0.4794267338771342,1,0.13480303961692913,0,1.15,0.1902
20,16,0,0,1,284,1.4126297068673768,0,0.3836440978209915,0,1.28,0.3464
10,6,0,0,3,2228,1.0730205319312112,4,0.3133562879783938,0,1.08,0.1016
10,8,1,1,2,5310,0.4693243688938992,1,0.7651363487486098,1,1.42,0.52
15,12,0,0,2,436,0.2670442944080455,0,0.3090363398608309,0,1.33,0.4115
12,9,0,0,1,1076,0.16047271144808417,2,0.4628367469645987,1,1.29,0.364
10,9,0,0,1,4865,0.079257562433321,1,0.05210321876892565,1,1.27,0.3316
12,9,0,0,1,1143,0.7367748006444046,1,0.12890195849598463,0,1.24,0.3053
5,2,0,0,1,7651,0.19881615768761363,3,0.09394875997220087,0,1.12,0.1529
20,15,0,0,0,9453,0.9635360261792856,2,0.4665827874857546,0,1.13,0.1583
15,3,0,0,8,5963,0.9925265343549974,1,0.48360172792109674,0,1.04,0.0533
5,3,0,0,1,5969,0.2132316279829758,0,0.3027082921758745,0,1.24,0.3034
10,10,1,1,0,3508,0.20371065835378843,2,0.5157532433122858,1,1.48,0.6049
12,11,0,0,1,459,0.8287796705504669,2,0.28169446529841563,0,1.25,0.3169
5,1,0,0,0,9382,0.8875206292980024,1,0.16611829762342972,0,1.07,0.0871
12,3,0,0,1,2397,0.700968567232602,3,0.2854610759001865,0,1.14,0.1743
10,4,0,0,6,9017,0.004470196173496421,1,0.0467465058272154,0,1.08,0.1014
15,3,1,11,12,1361,1.482081691043264,0,0.5284460745374361,0,1.16,0.1999
5,3,1,3,2,2712,1.1082652638817896,1,0.6015576943001505,1,1.33,0.4148
15,9,1,7,1,105,1.0343959354915997,0,0.27160172291905593,0,1.36,0.4542
15,7,1,9,0,3491,1.0353939137781016,4,0.8385600288548383,0,1.25,0.3167
20,18,0,0,2,1646,1.0906945777699408,2,0.19856151280255957,1,1.22,0.2729
15,6,1,2,8,9730,0.14310515130773793,1,0.10148723932777405,0,1.14,0.1772
5,4,1,1,0,7904,0.27487932859163017,2,0.3461978265116601,1,1.35,0.4403
10,6,0,0,2,2944,0.1823116039862911,1,0.2561435421559714,0,1.26,0.3214
10,6,0,0,2,5209,0.9701569332239157,0,0.4214659784769928,0,1.2,0.2486
20,16,0,0,3,5627,0.396427831818723,3,0.20080928703961853,0,1.11,0.132
10,8,1,2,0,5289,0.7174029441911774,1,0.7648421838642349,0,1.4,0.4954
15,11,0,0,1,9807,0.10107596119465106,0,0.410725551479874,0,1.23,0.2856
20,9,0,0,10,5358,0.10797290558464312,4,0.26357729479031694,1,1.09,0.1174
20,8,1,7,10,7913,0.625239755887278,1,0.3932360911951148,1,1.14,0.1796
12,9,1,1,0,9248,1.2684071926475946,3,0.8362854055412919,1,1.27,0.3407
10,9,1,1,0,6777,1.0932800548106487,2,0.3208258503877923,0,1.34,0.4217
10,4,0,0,0,9150,0.30096961333409167,0,0.36300369232759794,0,1.18,0.2217
15,7,0,0,1,9579,0.6944273994579717,4,0.2570194246062715,0,1.08,0.0974
10,3,1,5,6,5659,1.0625316587144544,1,0.7411252735374634,0,1.13,0.1647
20,4,0,0,16,7850,0.077821209855721,1,0.49946125423166643,0,1.09,0.1178
20,12,0,0,6,8227,1.098441399210131,1,0.10247883111614031,0,1.04,0.0481
20,14,0,0,4,5066,1.3352726739175904,3,0.20040061543101156,0,1.05,0.065
10,1,0,0,1,2674,1.3909071667999777,0,0.04790578982839849,0,1.14,0.1787
5,4,1,2,0,1585,1.4521099212956137,1,0.1981132700810554,1,1.38,0.4774
15,15,0,0,0,3390,0.9594573139552437,2,0.47915468135146744,0,1.23,0.2882
20,3,0,0,1,1953,1.4738405428897052,2,0.18590643646533234,0,1.12,0.1547
12,12,1,1,0,5526,0.4096114400528206,0,0.3676713730086767,1,1.48,0.5956
15,13,0,0,1,6826,0.5139530874422567,3,0.1479619055313166,0,1.17,0.2081
12,5,0,0,2,5669,0.42043492647058583,1,0.3027238029836063,0,1.19,0.233
20,8,0,0,1,5485,0.742952480534415,3,0.3486917620438234,0,1.12,0.1513
15,14,1,2,0,6288,0.14336306030779594,0,0.4132470582918407,1,1.47,0.5884
12,6,1,1,3,9530,1.429237075404204,2,0.11793895040774761,0,1.09,0.1082
12,7,1,5,0,9234,0.6916481319511655,4,0.1648332325166681,0,1.2,0.253
12,3,1,2,4,6466,0.9486533744104355,1,0.5150822249189224,0,1.1,0.1202
10,3,1,5,2,5160,0.2874965805237117,0,0.5076395835161077,1,1.28,0.3515
20,16,1,3,1,5334,0.42933465153857087,1,0.5128599944230678,0,1.4,0.5034
12,1,1,5,8,2384,1.0059511422522895,0,0.9018717723078895,0,1.14,0.1689
5,1,1,5,2,7909,0.021663156352718205,3,0.9891571313859082,0,1.21,0.2563
15,5,1,4,7,5238,0.8590657932076609,2,0.7764093883391027,0,1.14,0.1743
5,3,0,0,0,4073,1.0777113221638879,1,0.2724267789180192,0,1.18,0.224
10,3,1,2,5,1256,1.3376031915866906,0,0.8729898186328587,0,1.21,0.268
20,18,1,1,0,4866,0.401693959747139,0,0.7598093725722425,0,1.48,0.5986
20,14,0,0,3,7053,1.452440337409427,1,0.15149546533217734,0,1.07,0.0847
20,12,0,0,4,484,0.4901335129980228,2,0.18143191494835254,0,1.16,0.1949
15,4,0,0,8,4540,1.1488197236756699,4,0.3284828484946578,0,1.02,0.02
12,12,0,0,0,1813,1.4420427000534204,2,0.10951751659200176,1,1.22,0.2782
20,5,0,0,3,6615,0.7244196503601643,2,0.4008183897865812,0,1.04,0.0446
10,10,0,0,0,3429,1.3134270299110387,1,0.16481941216386176,0,1.23,0.2851
20,13,0,0,5,1338,0.8630526104655678,1,0.27664320799047126,0,1.15,0.1866
5,2,1,3,3,464,0.9971954865456876,1,0.5798989020773183,1,1.22,0.269
12,7,0,0,4,1585,0.7339966202736423,6,0.21302205173213096,0,1.1,0.1274
5,2,0,0,0,5561,0.46540292801982364,0,0.19515660627574266,0,1.2,0.2457
10,9,1,2,0,9846,0.45037327037420777,2,0.7721622774045794,0,1.37,0.4667
20,19,0,0,1,8793,0.9345113784367989,0,0.15952112145507852,0,1.18,0.2299
10,6,0,0,3,7794,1.0280928688643078,3,0.4200565821002249,0,1.02,0.0267
15,7,0,0,2,6164,1.2170905685166165,2,0.06946661472022725,0,1.1,0.1298
10,1,0,0,9,7958,0.2693681409157995,0,0.008433590867429341,0,1.06,0.0694
5,3,0,0,2,5051,0.09121539222071579,2,0.2277040569906434,0,1.22,0.27
15,3,0,0,3,90,0.025491374380696208,0,0.19794178279442465,1,1.19,0.2419
10,7,0,0,2,2547,0.5768182689638073,1,0.44194273161957703,0,1.25,0.3178
15,12,1,3,3,5897,0.8346815678937598,1,0.9902669756748314,0,1.31,0.3926
5,4,1,2,0,3669,1.4820835779361634,2,0.15523563683213099,1,1.33,0.4161
12,8,0,0,2,7408,1.117841821246609,2,0.16925684438532862,0,1.12,0.1491
5,1,0,0,0,2261,1.0678458754600282,1,0.19787885186115828,0,1.15,0.1852
10,2,0,0,1,9681,1.2457234876292915,1,0.19013243930666046,0,1.06,0.0733
10,5,1,5,3,1196,0.41278360864131247,3,0.1329092001181976,0,1.21,0.2664
5,5,1,1,0,8560,1.127232836056434,2,0.5013626556982431,1,1.36,0.4484
10,7,1,1,0,53,0.9303072479112888,1,0.28918109300726824,0,1.38,0.4756
5,5,0,0,0,531,1.0136079969803127,0,0.49479109615938915,0,1.31,0.3816
5,2,1,1,2,7559,0.4623540763949128,3,0.4134694756475694,0,1.2,0.2495
5,2,0,0,3,5056,0.9126133063201035,1,0.185697121206772,0,1.06,0.0811
12,5,1,2,5,4936,1.3138222757501878,0,0.7843750694168747,0,1.2,0.2512
15,2,1,13,7,7286,1.2886397013104796,1,0.4882314694642046,0,1.04,0.0551
15,2,0,0,12,258,0.326324145021537,0,0.38613831285097155,0,1.17,0.2144
15,14,0,0,1,5713,1.0807024756645052,2,0.10395409208988649,0,1.17,0.2093
15,9,0,0,2,7102,0.21766322568794733,1,0.32745176614257004,1,1.21,0.2612
12,4,0,0,1,9153,0.5347217379908267,2,0.1929304066708009,0,1.1,0.1213
10,4,0,0,4,6564,1.226774180405028,1,0.10505282114318482,0,1.03,0.0433
12,1,0,0,10,8199,1.1083113405695595,3,0.3633902761776338,0,1.02,0.02
12,4,1,5,3,4516,0.09360348041530597,1,0.2578310222863396,0,1.2,0.2469
15,14,0,0,0,2344,0.1978559082462013,0,0.1975227094848339,0,1.32,0.4009
15,8,0,0,2,5161,0.5046713804894866,0,0.4455145093056261,0,1.23,0.2878
20,13,1,1,7,6436,1.3925577655815764,1,0.6524257610578903,0,1.23,0.2825
12,7,0,0,5,837,0.41879503673486945,0,0.22720122946935073,1,1.2,0.2512
10,9,0,0,0,7219,0.3951627608178059,1,0.45793728366047454,0,1.24,0.2972
10,9,0,0,1,2884,0.9372634463966811,1,0.3172833996724971,0,1.24,0.2967
20,6,0,0,1,9369,0.5246093862659753,1,0.3662250579336531,1,1.12,0.1546
12,10,1,2,0,3198,0.13582453422562812,3,0.3683858332037563,0,1.41,0.5129
5,2,1,2,1,6603,0.3642969757968994,0,0.6334936477687201,0,1.3,0.3712
5,3,0,0,1,1729,1.402786545686355,4,0.27173746019218165,1,1.16,0.2058
12,1,1,8,2,7674,0.6619141048078296,3,0.30631524649482894,1,1.08,0.0957
10,7,0,0,3,6210,0.9593608099981216,1,0.18890455021621683,0,1.08,0.1044
5,3,1,1,1,1328,0.17813337639966326,1,0.8269572516242756,1,1.43,0.5358
12,1,1,10,5,7063,1.188805839171485,0,0.9834839886594401,0,1.08,0.1052
15,11,1,4,2,7530,0.1104916080255891,3,0.32459715299360803,0,1.33,0.408
10,3,0,0,1,6011,1.162485974242362,3,0.08195860147179246,0,1.07,0.0814
15,14,0,0,0,1305,0.299770888628345,1,0.09701497411980209,0,1.3,0.3715
20,13,1,6,2,4875,0.1287044433390362,2,0.3352918387181523,0,1.35,0.441
12,8,0,0,3,7737,0.5381967857360288,3,0.45060823213039514,0,1.07,0.0862
12,10,1,3,2,3584,0.8448499631152606,1,0.6491647097531353,0,1.41,0.512
20,2,1,1,6,4268,0.2850139422468784,1,0.5323074186000042,1,1.13,0.1624
12,6,1,3,2,2719,0.37788805553496363,1,0.6259038724730097,0,1.35,0.4398
12,10,0,0,1,1360,0.8366096104966678,1,0.3987617737208028,1,1.26,0.3262
15,14,0,0,1,3012,0.826782539311722,4,0.43721999270019146,1,1.21,0.2671
10,2,0,0,0,1425,1.2982641579092202,1,0.3041937889050165,0,1.17,0.2063
15,13,0,0,0,2390,0.1740277669187093,0,0.3300064971042302,0,1.32,0.4031
5,3,0,0,0,7265,0.0033685627164828924,0,0.48331533394721216,1,1.26,0.3194
15,10,0,0,3,4380,1.163633685930307,3,0.2223222071626808,0,1.06,0.0721
20,6,1,13,7,8579,1.0052590380884023,2,0.7075045797241214,0,1.07,0.0916
15,11,1,3,2,9959,0.3304853660438309,4,0.39020034861854214,0,1.28,0.3548
12,10,1,3,1,6028,0.5205687438718269,0,0.7249557370080687,1,1.43,0.5405
20,1,0,0,8,2903,1.2429869388615404,2,0.052514032390066134,0,1.02,0.02
12,7,0,0,5,122,1.1691459117050147,6,0.05187508846026695,0,1.09,0.1098
20,8,0,0,5,3403,0.16072869380874832,0,0.17902745611619902,0,1.17,0.2072
5,2,1,3,3,2946,0.6152069785821621,1,0.36934560346962775,0,1.2,0.2532
12,2,0,0,2,2002,0.1617994114748862,0,0.16056945847294818,0,1.23,0.2916
10,2,1,9,6,91,1.2995121537755856,1,0.6535840292869614,0,1.16,0.2023
12,1,1,6,10,6840,0.20305128075450357,2,0.6819243841848991,0,1.09,0.1108
20,2,0,0,8,5901,0.15044545039183388,2,0.07994868014696904,0,1.05,0.0645
20,1,0,0,3,4783,0.6011012681915522,1,0.45025532181873834,0,1.07,0.085
10,10,0,0,0,705,1.0531538696788152,0,0.1377947840364218,0,1.28,0.3504
5,4,1,2,0,5628,0.6613085572426163,3,0.9239062317535885,1,1.36,0.4554
12,1,0,0,5,9726,0.3301015721322928,1,0.485320623374944,0,1.04,0.0458
20,14,0,0,1,2936,0.114328452582871,2,0.03559221212758684,0,1.24,0.299
5,2,1,2,3,7643,0.1448808454034185,3,0.6873666724677013,0,1.16,0.2019
15,13,0,0,1,5686,0.4068558470342038,1,0.3142913982720868,0,1.24,0.3025
20,15,1,1,0,9274,0.059593730047036275,0,0.9689922261045508,1,1.42,0.525
10,10,0,0,0,9734,1.377965339678555,1,0.08217918785121836,0,1.15,0.1839
20,9,0,0,7,5408,0.4399924998097653,2,0.4671526343182367,1,1.1,0.1264
15,3,1,8,10,2122,0.26557920547502845,4,0.22767992754562505,0,1.13,0.1578
12,2,1,8,4,5877,0.6160712575527119,1,0.5781003254937339,0,1.11,0.1348
12,4,1,7,4,8331,1.2749768032488127,0,0.13768722907589326,0,1.09,0.116
20,15,0,0,1,3496,0.36222455431121003,1,0.022460027621067802,0,1.24,0.299
12,12,1,1,0,998,0.29081459908922896,3,0.21516234769747256,1,1.47,0.5832
20,8,1,6,12,5945,0.6835980619201325,3,0.3497112953991496,0,1.12,0.1464
5,3,1,3,1,7645,1.2851391773699952,2,0.655003030102481,0,1.25,0.3184
5,4,1,1,1,4667,0.28369400523856,1,0.47135770755313144,0,1.42,0.5247
10,3,0,0,5,7150,0.8712643144855463,1,0.28331714821092024,0,1.04,0.0466
5,5,0,0,0,5247,0.8922987763314028,2,0.050228011556754104,0,1.19,0.2328
10,3,0,0,4,2389,0.9245932871652889,1,0.4950864027092159,0,1.1,0.1296
10,4,1,6,4,5237,0.6661992761370401,1,0.7276829123399997,0,1.19,0.2424
5,5,1,1,0,9753,1.2635419118495281,4,0.28145200982321406,0,1.31,0.3862
5,1,0,0,1,3911,1.1675433956918018,2,0.14162453113868723,1,1.1,0.1293
5,2,0,0,2,4996,1.2153726666360254,0,0.39174007425440543,0,1.17,0.2164
5,4,0,0,0,6263,1.0862670527106797,3,0.2795338638046187,0,1.13,0.1684
5,1,1,1,1,6766,0.03785232838020314,1,0.971940824611452,0,1.26,0.3238
20,15,0,0,1,3165,1.2765398944526123,1,0.26565240098309695,1,1.21,0.2596
10,6,0,0,0,9201,0.17080500390804726,3,0.14392014653840096,0,1.13,0.1664
20,7,1,7,1,6003,0.061260664424982514,4,0.44336849697038827,1,1.24,0.2958
15,9,1,1,2,402,1.3046747454666152,0,0.37726839639069765,0,1.37,0.4582
20,13,0,0,5,6896,1.4481931125663081,1,0.35529959567087577,0,1.08,0.0958
10,1,0,0,6,1463,1.266489696490682,0,0.4161695900443402,0,1.1,0.1263
20,17,0,0,0,989,0.6691920141287796,2,0.12573298524553794,1,1.24,0.3025
10,5,1,5,4,8614,1.4752804615841018,6,0.8012860662414057,0,1.12,0.1499
5,1,0,0,3,6879,0.4180982886792706,3,0.1135797858195095,0,1.02,0.02
15,8,0,0,6,762,1.3802695233579496,0,0.37204326808156046,1,1.16,0.1983
20,5,1,11,4,5890,0.8118459881417162,3,0.6919633710887251,0,1.08,0.1033
10,10,0,0,0,4808,1.304354617413969,1,0.17656570425552626,0,1.21,0.2653
20,4,0,0,15,1097,1.3710000555139168,3,0.12186833101390493,0,1.03,0.0433
12,2,1,4,4,4641,0.8662819318686648,1,0.3639947529616825,0,1.09,0.1112
12,10,0,0,2,7511,1.0715137995817219,1,0.15021009371531613,1,1.16,0.1977
12,3,1,5,5,2071,1.069024224066094,0,0.21662608341228662,0,1.15,0.1838
12,12,0,0,0,2859,1.452622294043427,3,0.29746996949699706,1,1.2,0.2509
12,11,0,0,0,6281,1.050869498786732,1,0.09891349480233674,0,1.18,0.2245
15,10,0,0,0,9304,0.38098117380753255,1,0.3114000692386549,1,1.18,0.2206
5,5,0,0,0,7058,0.20087638304463667,2,0.09877344020352852,1,1.22,0.2786
10,10,1,1,0,5196,0.800841333902071,0,0.3054921966284284,0,1.45,0.5564
5,2,0,0,3,3480,1.2436214851650564,3,0.4304319810844343,0,1.05,0.0622
20,10,0,0,10,3166,0.2741081271864561,1,0.18687472087321794,0,1.15,0.1884
20,4,1,1,3,7418,0.6164307516978058,3,0.8559435524677097,0,1.07,0.0936
5,5,1,1,0,3499,0.34223059238861864,1,0.37365718375585244,1,1.49,0.6065
5,4,1,2,1,8950,0.6146683073654626,1,0.3471988704219282,0,1.33,0.4174
15,5,0,0,0,2879,0.3884597774863491,2,0.0833200938761619,0,1.18,0.2213
10,10,0,0,0,8111,0.7321427343315499,1,0.2160777275543176,0,1.2,0.2457
12,5,0,0,2,2642,0.13855625891384493,0,0.302095975371832,0,1.27,0.3332
12,7,0,0,4,9419,0.367189359623656,1,0.45244635024895813,0,1.1,0.119
5,5,0,0,0,114,1.3627562696557045,3,0.3947964690698589,0,1.24,0.2999
12,8,1,2,2,6844,0.04327234525850693,2,0.4010217407975959,0,1.35,0.4318
10,3,1,5,6,8973,1.040073366291716,4,0.16488916223516195,0,1.02,0.02
15,8,0,0,3,6457,1.1335441499498198,2,0.47650029914978576,0,1.05,0.0679
15,8,0,0,7,5942,0.42023367886540736,1,0.3606206374964296,0,1.12,0.151
20,9,0,0,2,3672,0.09944847057779366,1,0.4265883041698014,0,1.25,0.3099
20,3,0,0,12,6223,0.9561954433164346,5,0.4298898274852483,0,1.02,0.02
12,5,0,0,0,9905,1.3350718648109114,1,0.22814005513681457,0,1.08,0.1055
15,8,1,1,5,9688,0.04034458286528558,5,0.9427402259723136,0,1.2,0.2541
12,11,1,2,1,2720,1.4839268359639102,2,0.29331243840040394,1,1.39,0.4868
10,5,1,1,4,8828,0.7392724214765947,2,0.8758650418751036,0,1.16,0.2054
15,4,0,0,11,6528,0.9009670516053268,1,0.46848804485524,1,1.05,0.0628
10,10,1,1,0,8355,0.9009194653657773,1,0.270938500477815,1,1.38,0.4696
10,3,0,0,4,1700,0.7928376936505225,5,0.46421035547196315,0,1.08,0.0974
5,2,0,0,0,9640,1.370734543192894,2,0.07888799889622261,1,1.05,0.0684
12,9,1,3,2,9909,0.8626149217387458,0,0.2591780274415071,1,1.3,0.3783
12,11,0,0,1,1086,0.697960794628022,2,0.2630454188918806,0,1.26,0.3191
12,9,0,0,0,3128,0.7386775572930973,1,0.47481810181098294,1,1.24,0.303
15,12,0,0,1,474,0.7420277232248729,2,0.26302181244547773,1,1.25,0.3064
5,4,1,1,0,9321,0.07476397513158939,1,0.7008167110150916,1,1.4,0.4941
15,9,0,0,1,9164,1.1278281429284465,2,0.1634243092517722,0,1.09,0.1123
10,6,1,1,1,6743,0.39156049996049475,0,0.48264737018978465,0,1.35,0.4323
12,2,1,10,6,2987,0.059042912613193055,3,0.9976072019754678,0,1.17,0.2141
5,2,0,0,3,3043,0.5415555102135611,2,0.3117073262411373,0,1.11,0.1318
15,4,1,8,11,6664,0.5695578339658331,0,0.41812047378735484,1,1.14,0.1805
12,1,0,0,7,3470,0.21054409707915084,1,0.220440116567432,0,1.1,0.1304
10,5,1,6,5,1619,0.33608499456896507,1,0.6956239156141754,0,1.29,0.3661
20,1,0,0,8,661,1.1564445367280656,1,0.018682830069305545,0,1.06,0.0724
5,5,0,0,0,6471,0.31362630441735123,1,0.2805561928540393,0,1.25,0.3174
5,5,1,1,0,7618,0.6868526782172069,2,0.735244205753899,0,1.41,0.5125
12,9,0,0,2,952,1.4048641261105976,2,0.07168357610669152,0,1.2,0.2506
20,16,0,0,2,4908,0.045345437461798754,0,0.4720917680928407,1,1.3,0.3796
15,1,1,13,13,5626,1.1708080389592503,3,0.8276785081950578,0,1.02,0.0278
12,8,0,0,2,7069,1.104362080388292,0,0.17212006935947544,0,1.17,0.2077
15,13,0,0,2,2750,0.10338483201771792,0,0.2771959891834577,1,1.32,0.4006
5,5,0,0,0,112,1.1077848698570905,2,0.3223627931704476,0,1.26,0.3208
12,1,1,7,3,9296,1.47865140873722,3,0.12792559817622903,0,1.02,0.02
12,6,0,0,3,357,0.6078719867579563,1,0.4980990247928473,0,1.18,0.222
12,2,1,8,9,244,0.858560246017946,2,0.9634579591827235,0,1.16,0.1992
5,2,1,2,1,9000,0.7810087716029406,0,0.3812766588355265,1,1.22,0.2734
10,2,1,9,2,7548,0.31478370072680917,2,0.9117383131836383,0,1.2,0.2529
12,6,1,6,5,6533,0.9993724056049372,2,0.9810869370305811,0,1.18,0.2222
10,2,0,0,4,8820,1.1352738982524704,1,0.1279694788383131,0,1.02,0.02
20,10,0,0,7,3921,0.5614712374255176,2,0.4090307801361293,0,1.11,0.1394
12,12,0,0,0,9067,1.0236743795261871,2,0.01774170257284874,0,1.13,0.1621
12,9,1,1,0,8821,0.6327432038621907,3,0.6066723114137826,0,1.29,0.3654
5,1,0,0,1,7626,1.2863380595440543,1,0.4021792556681662,1,1.1,0.1211
15,5,0,0,7,6813,0.6598302582968097,1,0.056915328703732504,0,1.05,0.0597
5,4,1,1,0,9834,0.6783941437854126,0,0.8921549625766809,1,1.37,0.468
20,15,0,0,0,4747,0.3238437004425421,0,0.1622063839820816,1,1.26,0.3219
20,16,0,0,3,496,1.1990936135022545,0,0.37372161838334605,0,1.19,0.2425
5,2,1,3,2,1728,1.4372261216398223,2,0.5726430629001255,1,1.26,0.3226
5,2,0,0,1,3302,1.022692783383943,2,0.19789239098694683,0,1.14,0.173
12,5,0,0,3,3847,1.024564120626879,2,0.25973630842966283,0,1.06,0.0722
12,2,0,0,10,4188,0.7113529467279076,2,0.43767014351810074,0,1.06,0.0727
15,7,0,0,8,2023,1.1958249991447443,1,0.3695522681043536,0,1.11,0.1426
12,2,0,0,10,4838,0.4789752756251036,1,0.14150690154047368,0,1.07,0.0892
5,4,1,1,0,7546,0.31587584112396666,1,0.1975372365638529,1,1.37,0.4564
20,17,0,0,1,1683,1.469535155086557,2,0.11425357275723269,1,1.21,0.2581
5,3,0,0,2,1237,1.3673897603361673,4,0.07484283355031912,0,1.16,0.1974
15,13,0,0,2,6187,0.9135883742912223,1,0.36359007397298954,0,1.2,0.2483
10,9,1,2,0,1547,1.1146627699236489,0,0.14135253516685267,0,1.43,0.5391
20,18,0,0,0,9979,0.6948551036060118,3,0.1921402842298776,0,1.12,0.1512
15,7,0,0,0,2346,0.602887431463926,0,0.2921632172316932,0,1.24,0.2979
10,8,0,0,2,6918,1.3555686474455875,0,0.07016818339625297,1,1.18,0.2218
15,5,0,0,2,4003,0.038680414928376095,2,0.37490887363750286,0,1.21,0.2627
12,12,1,1,0,4931,1.3128924114869969,2,0.24987147663779785,1,1.39,0.4827
20,19,1,1,1,2109,1.0592404846857901,1,0.5200055371467805,0,1.44,0.5538
20,11,0,0,6,6562,0.26925210793650217,1,0.14896557870664795,0,1.11,0.1424
12,5,1,8,7,2812,0.23500784187522145,1,0.48148726909101813,0,1.25,0.3087
20,18,0,0,0,4578,1.4471756366181148,1,0.09665699862260729,0,1.2,0.2474
12,3,0,0,5,7015,0.9407421738196748,2,0.07478196774591295,0,1.02,0.02
12,11,0,0,1,4734,0.2397652320003456,0,0.1866123716108239,0,1.29,0.3574
20,14,0,0,6,6315,0.07518964848122422,0,0.10532077117739719,0,1.17,0.2112
12,1,0,0,2,5586,0.34911022108624157,2,0.38421627712881223,0,1.14,0.1712
12,8,1,2,2,102,0.9140890745695845,2,0.7382188500018291,0,1.38,0.4728
12,12,0,0,0,4802,0.3742500093559171,0,0.11178630178843052,1,1.28,0.3495
10,6,0,0,2,6254,0.34879942107792694,3,0.16324514747873436,0,1.16,0.1944
15,15,0,0,0,8935,0.13444901716489305,2,0.10219980943796969,0,1.21,0.2574
10,4,1,3,6,6480,0.04246720107784524,2,0.43566959147128925,0,1.19,0.2361
5,2,1,4,0,7300,0.2537063899837107,2,0.8791368449725322,0,1.27,0.3381
12,5,1,8,6,9158,0.758009117843878,1,0.736006500027191,0,1.15,0.1815
20,9,0,0,11,4335,0.7639114376436502,2,0.2963639896199303,0,1.08,0.0965
12,1,1,2,6,9372,1.0645234845859668,0,0.7802543128390073,0,1.04,0.0543
20,20,0,0,0,9692,0.006430652125400338,2,0.47239667085178594,0,1.23,0.2884
5,1,0,0,2,9507,0.9386706493293416,1,0.1958636755756646,0,1.07,0.0825
5,2,1,2,3,4570,0.802242117360172,1,0.562849142087867,0,1.18,0.2256
10,8,0,0,0,3844,0.4473955396138476,1,0.27107905376167446,0,1.25,0.3126
5,1,0,0,3,3483,0.7197486040876963,2,0.49009374492218527,1,1.07,0.0917
10,3,1,1,2,8666,1.4967113164756607,3,0.9828951227948006,0,1.15,0.1856
10,10,0,0,0,6741,0.5213476838938766,2,0.3632617359567582,0,1.22,0.2725
15,12,0,0,1,245,0.4695850308245845,0,0.20930749298742768,0,1.31,0.3861
15,10,0,0,3,9320,0.5798252770874077,1,0.07283177593183793,0,1.07,0.0814
20,11,0,0,4,4835,0.1969686542678254,3,0.31724769548277815,0,1.11,0.1357
20,4,1,7,2,7644,0.8078051531511357,3,0.3107658662823594,1,1.1,0.1274
10,9,0,0,1,1024,1.4874893186219436,0,0.187878189253456,1,1.27,0.3347
20,9,1,8,11,2193,1.247139892047171,4,0.8330531333456465,0,1.18,0.2292
20,16,1,3,0,5179,1.1203475028627503,1,0.4064428778756808,1,1.35,0.4402
15,4,0,0,10,6742,0.07242153028305276,1,0.36179229746023667,0,1.11,0.1339
15,2,0,0,11,3763,0.019700438284594113,4,0.04945176316618699,0,1.07,0.0855
20,20,1,1,0,8093,1.1937964712658524,1,0.2727296272817339,0,1.37,0.4638
12,4,1,6,8,3984,0.9160611934946046,2,0.1988058935759952,0,1.11,0.1412
15,2,1,10,12,2487,0.09085512474591678,0,0.5421369304730906,0,1.2,0.249
5,2,0,0,1,5647,0.09458778836436554,2,0.2773107045643058,0,1.19,0.2347
5,2,1,1,0,459,0.9283363680235415,1,0.4074129725509822,1,1.29,0.3622
15,11,1,1,2,5378,0.7905589873763983,0,0.5169587041597914,0,1.37,0.4676
15,8,0,0,6,5773,0.5833467459602094,1,0.12541992986085726,0,1.09,0.1184
10,3,1,8,3,5349,0.372824336921694,1,0.48856936809243356,0,1.17,0.2119
5,5,1,1,0,8260,0.10583693289813628,2,0.5144829596532781,0,1.43,0.5433
12,9,0,0,3,6018,0.22036183510831042,1,0.15919691929272617,0,1.15,0.1863
5,1,0,0,4,4953,0.5693520428548886,1,0.34741855731515653,0,1.08,0.0999
20,11,0,0,4,3685,1.3380349585666336,1,0.027295138525598284,0,1.08,0.1027
5,2,0,0,3,2523,0.2518331355461337,2,0.16580447744497417,1,1.13,0.1569
20,8,0,0,5,490,1.279162806247844,1,0.2721300109047414,1,1.12,0.1478
15,13,1,1,2,9726,1.23991644952795,3,0.1517769988948721,1,1.26,0.3243
15,2,0,0,6,7179,0.414791638672779,0,0.1239250569379674,0,1.06,0.0807
15,1,0,0,4,6768,1.1550555355368286,1,0.16653788393807062,0,1.02,0.02
20,9,0,0,10,8796,0.3257125324392823,3,0.3634601692905118,0,1.04,0.0521
20,5,0,0,11,8327,1.4605214315973096,1,0.08340087018541753,0,1.02,0.02
15,15,1,1,0,779,1.160248551488698,1,0.16058167607938859,1,1.45,0.5645
20,19,0,0,0,3796,0.4364842725786303,1,0.04308941371401798,1,1.25,0.3187
12,10,0,0,2,1596,0.6416581530091492,6,0.43560864343798744,0,1.23,0.2917
12,9,1,3,0,5667,0.2231528642856086,4,0.31562885664463003,0,1.34,0.4304
10,2,0,0,6,5535,0.8479303325220455,0,0.05313510706789243,0,1.05,0.0664
10,3,0,0,6,4921,0.11260693886807538,1,0.40256001241035505,0,1.13,0.1655
15,10,0,0,3,854,1.015198971669197,1,0.17219123124001906,0,1.14,0.1743
10,9,1,2,0,7906,1.2718266259763493,3,0.8971544874132609,1,1.34,0.4242
15,6,1,8,2,5041,0.16755918334945724,3,0.462729101088294,1,1.26,0.3206
15,3,1,2,12,3403,0.7117832486702191,2,0.4331894203385991,0,1.11,0.1371
10,7,1,4,3,9029,1.2440382943146764,3,0.7646349726998585,0,1.17,0.2187
5,3,0,0,0,370,1.0827146938285757,2,0.4677606427322015,0,1.21,0.2685
5,2,0,0,0,5258,1.3425664316962258,1,0.1200167921871651,0,1.13,0.1641
20,17,0,0,0,4856,1.0558102996424246,2,0.04093220199742281,0,1.16,0.2046
20,19,1,1,1,2168,0.18210524976411951,0,0.3481092979083528,0,1.52,0.6476
15,10,1,2,3,7318,1.47672222470747,3,0.37846099038523184,0,1.16,0.2005
15,12,0,0,0,2340,0.3875167997556812,3,0.3471247189469694,0,1.24,0.2939
5,5,0,0,0,3345,0.359491778739287,0,0.07960028052196355,1,1.3,0.3702
10,9,1,2,0,844,1.247006493720764,1,0.6550872789105465,0,1.45,0.5641
15,8,1,4,6,1781,0.9475463892346605,1,0.2083698187448101,1,1.22,0.2765
15,6,0,0,1,4887,0.7549650463214235,2,0.41343941012981344,0,1.15,0.1909
5,3,0,0,2,4761,1.0733718036160425,0,0.3520166107448267,1,1.2,0.2467
12,9,1,1,3,8591,0.4915196609436273,0,0.35242979647820327,0,1.27,0.3427
10,9,0,0,1,2117,1.2628399290010088,2,0.10664345897446548,0,1.21,0.2584
12,1,1,11,2,598,0.7473967489425268,2,0.6695463817491505,0,1.2,0.249
10,7,1,3,0,43,0.05041386031934503,1,0.1872356053968392,0,1.44,0.5556
15,10,0,0,3,3638,0.3768470727216932,3,0.48678977710082466,1,1.13,0.1667
5,3,0,0,0,6165,0.042661818868668044,4,0.35042723890458244,0,1.19,0.2413
5,4,1,1,0,4380,1.4190654664206381,1,0.940503264199841,1,1.4,0.4949
10,5,0,0,0,7059,0.7613004103805712,1,0.25942393755804954,0,1.15,0.1871
20,4,1,14,3,6271,0.4426642018224073,3,0.9084955923314677,0,1.11,0.1323
5,4,1,2,1,8003,1.4566556159837387,1,0.3201035958381604,0,1.31,0.3909
12,6,1,2,5,1549,0.7863745970128112,1,0.6368010305570775,0,1.25,0.3174
15,7,0,0,5,6565,1.4126225433468071,2,0.2511334694260997,0,1.03,0.0383
20,14,0,0,0,1459,1.4479995963472367,3,0.4195958455710908,0,1.19,0.2367
10,2,0,0,1,2373,0.9518382850361977,1,0.2960296646782337,1,1.16,0.1962
5,1,1,3,1,4590,0.5768609196078743,0,0.5223446617266362,0,1.23,0.2933
10,3,0,0,7,4000,0.5720459627723495,1,0.15987722495636325,0,1.09,0.1139
10,6,1,5,1,2931,0.7010886918307164,3,0.8126620235813439,0,1.32,0.4049
15,11,0,0,3,8522,1.3021733598352205,1,0.343444155918001,0,1.07,0.083
12,5,1,7,1,5321,0.48834550166678176,2,0.37812962331203004,0,1.25,0.3108
15,8,1,6,6,7197,0.11425599283788734,2,0.6120143384541491,0,1.23,0.2842
15,5,1,3,1,7037,0.9611309956141884,3,0.5015205217713675,0,1.15,0.1885
5,2,0,0,3,6009,0.6300520599949232,3,0.4821764483200829,0,1.05,0.0654
20,5,0,0,3,8275,0.9353481092509022,1,0.26547186553618235,0,1.02,0.02
12,9,0,0,1,3498,0.3654038134247187,3,0.3486371118372715,1,1.22,0.2714
12,7,1,1,5,4014,0.32733530338797473,0,0.9337208226130697,1,1.33,0.4093
10,8,1,3,0,2136,0.7487696347626989,3,0.33938235225405394,0,1.36,0.4522
20,17,0,0,2,7249,1.0080560680767858,1,0.4443215904470431,0,1.18,0.2276
5,3,1,2,2,7300,1.4831311581201099,0,0.6406200026736247,0,1.3,0.3757
20,11,1,2,0,792,0.7455014373520295,0,0.10660386270082117,1,1.35,0.4366
12,7,1,4,0,4635,0.7184621704599612,2,0.6928751539596034,1,1.31,0.3882
15,6,1,8,3,7940,0.07791562898437077,2,0.25312041833080845,0,1.16,0.196
5,4,0,0,1,2917,0.08254157095855108,1,0.06326844170940937,0,1.28,0.3464
5,2,0,0,1,2390,1.3193555062853295,3,0.40374271764500685,0,1.14,0.1764
20,10,0,0,8,8860,0.9874513176066049,2,0.1309086091335891,0,1.02,0.02
15,1,1,12,12,7409,0.05958180277765346,1,0.2751438070193496,0,1.08,0.1043
20,20,1,1,0,5378,1.0369890405191948,1,0.5205963671072499,0,1.42,0.5243
5,1,0,0,1,4080,0.43933738380583304,0,0.21500590057704866,0,1.19,0.2421
10,4,1,1,5,4887,0.9470527936509554,2,0.6111084060551573,0,1.15,0.1835
5,5,0,0,0,6898,1.2402024995637961,0,0.000424554810859068,0,1.2,0.2466
5,3,1,3,0,9664,1.1587794068295347,2,0.688720667476004,1,1.23,0.2908
12,7,0,0,4,5615,1.1843437752314494,0,0.41058300309489243,0,1.11,0.1361
15,2,0,0,6,8231,0.838803912445178,1,0.14524338565472988,0,1.02,0.02
10,5,0,0,0,6822,1.268093256240772,2,0.27517624183572614,0,1.11,0.1414
20,17,0,0,1,2249,0.8721092352848496,0,0.39895137944706305,1,1.27,0.3385
20,20,0,0,0,5185,0.37683827896848443,1,0.2555869243588674,0,1.26,0.3283
12,5,1,4,1,8306,1.39347362279131,0,0.8669405874771452,0,1.25,0.3073
20,9,0,0,9,1568,1.4772353029919238,3,0.061546851808349734,0,1.06,0.0689
12,10,1,1,0,4167,1.358122220004153,1,0.5326160827126858,1,1.38,0.4784
10,10,1,1,0,4907,0.5354273542711295,2,0.6978714402339357,0,1.45,0.5653
10,9,0,0,1,3043,1.2339503329742467,1,0.2926111437540231,0,1.23,0.2861
10,7,0,0,0,9616,1.239459940951317,0,0.29847560858036787,0,1.15,0.1846
20,14,1,5,3,9782,0.24665367493335277,1,0.9000237477665399,1,1.28,0.3469
15,4,1,6,1,5869,1.4277124289033283,2,0.8801459848911812,1,1.19,0.233
10,4,1,3,6,8769,1.0258741650461938,1,0.5988114320043963,0,1.12,0.1457
15,11,0,0,2,8562,0.7067250594291568,4,0.1628986973728126,0,1.12,0.1439
20,2,1,16,18,4918,0.443627545895295,1,0.4468435779473806,0,1.1,0.1299
10,1,0,0,1,8082,1.0554111156917336,2,0.37654806231700133,0,1.06,0.0706
15,7,1,1,7,9965,0.16596514987209937,3,0.27555554953251693,0,1.13,0.158
5,2,1,3,3,7663,0.3495074219663938,3,0.31394622341871303,0,1.12,0.1512
12,4,0,0,7,2127,0.2987206747801746,2,0.29578243130212223,0,1.13,0.1586
15,15,1,1,0,947,0.32696144616014416,2,0.44661844640510273,0,1.5,0.6255
20,2,0,0,17,2142,1.1130346547307304,1,0.03871457525015248,0,1.05,0.0593
12,5,1,8,2,7380,0.9347398111204077,3,0.5724934810672764,0,1.18,0.2241
12,6,0,0,2,7816,1.135217728863526,0,0.13737763808725617,1,1.14,0.1688
20,5,0,0,8,7093,0.9456383542037554,2,0.20037168249863702,0,1.02,0.02
12,7,0,0,5,5140,1.3592786565495754,3,0.4656284600477993,0,1.05,0.0677
12,4,0,0,8,4738,0.5161627009844533,0,0.4532325323257701,0,1.13,0.1636
10,10,0,0,0,5210,1.4506775317424736,1,0.2681045855341667,0,1.21,0.2666
5,4,0,0,1,334,1.1609371196746352,2,0.1983229029275656,1,1.22,0.2775
5,1,0,0,4,2748,0.6254376359471614,1,0.231698323303,0,1.09,0.1181
10,7,0,0,2,5337,0.73574197745553,3,0.24551680993340075,0,1.15,0.191
12,1,1,11,10,7219,0.03487565292622807,1,0.38682625407478033,1,1.1,0.125
20,6,1,5,6,9907,0.18497101841301683,2,0.8036449413840209,0,1.13,0.1609
12,11,0,0,1,8446,0.46672736740557014,2,0.13748279186013412,0,1.18,0.2218
20,20,1,1,0,4521,0.34772407457213,0,0.5498352436675726,0,1.51,0.6314
12,10,1,3,0,2995,1.3989307001338176,5,0.24301673378266092,1,1.34,0.4195
10,10,0,0,0,1474,1.0742967457010435,1,0.14393366421125386,0,1.25,0.3127
5,1,0,0,0,3973,0.5177158790843286,1,0.11696419632694594,0,1.16,0.2013
10,1,1,3,0,444,0.23197509300692043,0,0.5589989781033444,1,1.28,0.3539
15,14,0,0,1,4688,0.16555180303384098,2,0.13274010226983962,0,1.25,0.3104
10,5,1,6,0,9323,1.4705677035881144,2,0.5856829484773285,0,1.2,0.2487
15,6,0,0,7,1441,1.02146613403983,2,0.41306933017766584,0,1.09,0.1181
20,17,0,0,2,8801,0.8100209793889218,2,0.4492316742392767,0,1.16,0.1971
10,8,0,0,2,9943,0.3300002260712197,2,0.3936985198368602,1,1.17,0.216
10,10,1,1,0,7513,0.016963030020150816,2,0.631604111508252,0,1.46,0.5728
20,6,0,0,7,3338,0.2410791151489925,2,0.25791289924622474,0,1.11,0.1381
10,10,0,0,0,3145,0.06528313293496446,0,0.16234642830000812,1,1.33,0.4093
5,5,0,0,0,8544,0.12500666604180877,4,0.427921571752367,0,1.21,0.2636
10,8,0,0,0,774,1.0057737655659478,1,0.2206311007531903,0,1.24,0.2994
5,2,1,4,0,5510,0.1832238118359017,2,0.49040146044539734,0,1.27,0.3409
12,1,0,0,8,6870,0.54632556712242,0,0.2967258695852802,0,1.06,0.0786
10,10,0,0,0,8086,1.2659265360507708,2,0.16011274723838748,0,1.15,0.1882
12,8,1,3,1,5999,0.770103277988432,0,0.9515852962433549,1,1.38,0.4691
10,1,0,0,2,5578,1.4794870629686936,1,0.3497851649227047,0,1.11,0.1326
20,1,1,10,14,9004,1.4308216441472816,7,0.12196736073334742,0,1.02,0.02
12,6,0,0,0,148,0.9742199182190479,1,0.16422969657320335,0,1.21,0.2618
12,6,0,0,3,8418,1.488486981020174,0,0.2077258868395438,0,1.05,0.0653
20,13,1,6,3,8495,1.418540827323788,1,0.7519627002861019,1,1.21,0.2596
20,14,0,0,0,947,0.7305664492049448,3,0.09424188758380886,0,1.2,0.2453
12,3,0,0,8,7723,1.4282208140717998,2,0.36254239849326075,0,1.02,0.02
12,1,1,7,2,3681,0.2390975110086463,4,0.7530806694526005,0,1.19,0.2336
15,12,0,0,1,9699,0.04986048747991517,0,0.037434314711337346,0,1.22,0.2725
10,9,1,2,1,1416,1.0138304409037346,3,0.9602533332775337,1,1.42,0.5266
15,3,0,0,1,3536,0.2787261859481921,3,0.4544657481066513,0,1.16,0.2054
20,20,0,0,0,4235,0.9687920828487668,0,0.01935625418353304,1,1.23,0.2911
5,4,1,2,1,227,0.858886371096687,0,0.6488133195620406,1,1.46,0.5746
12,1,0,0,3,698,0.30457321515734825,3,0.1564286781559715,0,1.08,0.1041
10,6,1,4,2,8906,1.1909916250047525,2,0.11586717293738125,1,1.21,0.2563
10,9,1,1,1,1737,1.0639043162583006,3,0.46798350485820817,0,1.39,0.4824
10,5,0,0,4,4974,0.9234822261245399,1,0.3815250798643444,0,1.09,0.1119
20,11,1,7,6,6386,0.477490955783689,0,0.3724560945747506,0,1.24,0.3008
20,15,0,0,4,9345,0.9912986376026195,2,0.4891026018999584,0,1.05,0.059
10,5,0,0,0,7605,0.4365124942062287,1,0.005765018366569397,0,1.15,0.1911
15,6,1,3,6,3602,0.7932650613281391,3,0.33759422608645845,1,1.14,0.1697
15,4,0,0,9,7057,1.390205049659678,1,0.44562590657408313,0,1.03,0.0431
20,3,1,18,16,4768,1.2291953762650971,1,0.40492937820760966,0,1.07,0.0927
5,1,0,0,1,8593,0.8812129655269096,1,0.14552235683610082,0,1.08,0.098
5,5,0,0,0,7281,0.7325236249764271,1,0.08297724874313084,1,1.2,0.2475
15,15,0,0,0,1855,1.404189031322701,1,0.23142112851716412,0,1.25,0.314
5,2,0,0,2,9056,1.3815788106547713,2,0.4793473508843306,0,1.09,0.1092
5,1,0,0,0,374,0.15309165527913465,2,0.3453331948807145,1,1.23,0.2834
15,15,0,0,0,8065,0.38814220895033563,2,0.4383553413298775,0,1.22,0.2719
20,13,1,7,3,2768,1.4643861595761316,1,0.11706974625793706,0,1.24,0.2947
5,4,0,0,1,7900,1.4686981940900123,3,0.3320079452641733,0,1.12,0.1481
12,7,0,0,3,8303,1.1996750020302276,0,0.11839599892822783,0,1.06,0.0724
12,12,0,0,0,8498,0.7216065343460303,2,0.048000502197188266,0,1.16,0.2009
15,12,1,3,3,1961,1.3460951791836755,2,0.4811124460621584,0,1.29,0.3677
10,7,1,4,0,9435,0.4311234256209302,1,0.4761892217699861,0,1.32,0.3998
15,12,0,0,3,542,0.2358516066568559,1,0.13752653167032686,0,1.22,0.2726
12,12,0,0,0,9726,1.1353453156633229,1,0.12876772512029172,0,1.15,0.1877
12,1,1,9,10,9589,0.7489382219564683,3,0.3759019765354894,0,1.02,0.02
12,9,0,0,1,6571,0.6519666589660454,2,0.042201698842231294,0,1.16,0.1988
5,3,1,2,0,5449,0.9524522094993931,1,0.6721504765391831,1,1.31,0.3841
5,3,0,0,2,7421,1.3920787861031905,1,0.35308367144476227,0,1.14,0.1803
10,9,1,1,0,8555,0.46571734967591727,0,0.9399709434116751,0,1.44,0.5513
10,9,1,2,1,5513,1.2286032372096105,0,0.7481000069873798,1,1.42,0.5282
12,3,0,0,9,229,0.9698819257932388,1,0.17449386349834645,0,1.1,0.1244
15,6,0,0,9,3474,0.28587002809465206,3,0.37929440963759037,0,1.1,0.1296
20,3,0,0,2,5489,1.2314207361824523,0,0.39011668357590046,0,1.14,0.1714
5,2,1,2,0,189,0.8544269513786402,2,0.28654359941660723,1,1.27,0.3373
10,6,1,4,2,9256,0.2992135276659851,0,0.39785761463570013,1,1.32,0.3971
5,5,1,1,0,4792,0.27211217595831527,4,0.9728012874805823,1,1.47,0.5887
20,14,0,0,5,8884,1.2412533612024876,1,0.08062817376249248,0,1.04,0.0515
10,3,0,0,3,6914,1.2170793353819938,3,0.2801277275005786,0,1.02,0.02
5,2,0,0,1,1601,0.14736976132786783,5,0.043688457953395377,0,1.2,0.2447
10,3,0,0,3,2177,0.4824776074543681,0,0.14693552355477218,1,1.14,0.1759
10,7,1,1,2,6968,0.2547748135379446,4,0.249430731098849,1,1.31,0.383
5,3,0,0,2,9102,0.13430347823660477,6,0.31411223823879136,1,1.15,0.1852
12,11,0,0,1,6120,0.19354334525860256,3,0.07410206633435668,0,1.2,0.2523
10,10,1,1,0,877,0.7160460365763048,6,0.20854794101672464,1,1.43,0.5419
20,4,1,16,5,9172,0.03904897473540847,1,0.5372346575560785,0,1.12,0.1528
15,9,0,0,6,1300,0.6517307124997929,3,0.4733327725392313,0,1.13,0.1632
20,7,1,1,12,1610,0.42880175346941607,0,0.5495038473930786,0,1.25,0.3134
10,9,0,0,1,8160,1.1696144465837663,4,0.18760660568872528,1,1.12,0.1476
12,2,0,0,3,2285,0.4645192522808047,3,0.28792302895178523,0,1.07,0.0873
10,4,0,0,1,3420,1.1188764164443494,0,0.10022773065268997,0,1.17,0.2167
10,2,0,0,5,9678,0.6250489230651584,2,0.2353953890211078,0,1.02,0.02
15,13,1,1,1,6992,0.10943683457184544,1,0.25779489628296626,0,1.41,0.5161
15,10,0,0,1,7198,0.9915219105491069,3,0.06175663144340826,0,1.09,0.1178
15,15,0,0,0,4197,0.44829323778996516,1,0.21258393649338508,1,1.27,0.3326
10,8,0,0,0,8246,0.04224749102514913,1,0.2925210240723712,0,1.23,0.2888
15,15,1,1,0,91,1.0855810357709816,1,0.7416641599879866,0,1.5,0.6213
10,6,1,3,0,2925,0.6085604397283101,2,0.46383521251062054,0,1.33,0.413
5,1,1,2,3,6103,1.045509769492241,6,0.8332598537127757,0,1.06,0.0731
12,10,0,0,1,9030,0.5176776966520273,1,0.473674498177267,0,1.2,0.249
10,6,1,5,4,9708,1.1209034822751511,2,0.909530443408248,0,1.17,0.2078
5,3,1,1,2,218,0.7160455686532535,0,0.6550484932706048,0,1.41,0.5115
5,3,0,0,0,9916,1.3332346000525424,1,0.4373297170666841,0,1.12,0.1496
10,10,0,0,0,6696,0.01535700386399308,1,0.08349317647124616,0,1.26,0.328
12,8,0,0,1,4881,1.080860652089952,1,0.4124273872068695,1,1.19,0.2331
15,6,0,0,2,596,0.33939347890159766,1,0.04932644813544873,0,1.24,0.2944
12,7,1,3,2,7221,0.7661108555623404,1,0.891086968573656,0,1.31,0.3872
5,2,0,0,1,7851,0.7923372978457632,3,0.2843857887951672,0,1.08,0.1058
12,6,0,0,1,1953,0.17021460301460611,3,0.010973741196377895,0,1.2,0.2496
10,3,0,0,5,2786,1.1017751614106541,0,0.3103066219729869,0,1.1,0.128
10,6,0,0,1,7297,0.21573776767877145,2,0.46922696854276047,0,1.19,0.2432
10,10,1,1,0,5897,0.6392374877179154,2,0.6396207940225432,1,1.43,0.5355
20,11,0,0,2,9663,1.325480008244867,0,0.3925189279332,0,1.14,0.169
15,1,0,0,11,1213,0.4829603998009953,2,0.3268175132034175,1,1.09,0.1163
12,8,1,3,1,7655,0.38459572527154473,1,0.7582881901848452,1,1.35,0.4407
12,3,1,7,7,2395,0.35562210739690725,0,0.5494848372980585,0,1.22,0.27
12,10,1,1,1,7187,0.24675276825219544,2,0.11313084235889473,1,1.36,0.4482
10,1,0,0,9,3464,1.2624475980706775,1,0.005605511623640147,0,1.03,0.0368
12,2,1,6,10,2611,1.0117458453099193,2,0.6680051608873883,0,1.1,0.1259
5,4,1,2,1,8560,0.8098699452929385,3,0.5647187463998463,1,1.29,0.3678
12,9,0,0,2,9545,0.40577424702184445,3,0.4401227799011722,0,1.15,0.184
20,1,0,0,14,2754,0.621766416066485,2,0.4299404822243352,0,1.07,0.0851
5,1,1,2,3,2803,0.15347888498249646,0,0.7426155797296083,1,1.22,0.28
5,4,1,1,0,5430,0.5043409329623447,0,0.43315938024771217,0,1.41,0.5148
15,6,0,0,9,2597,0.3267607836300394,1,0.4127181751114108,0,1.16,0.1947
5,2,0,0,3,869,0.88757167624075,3,0.05768382983840831,0,1.07,0.0828
20,5,0,0,14,5684,1.1353502031431082,1,0.14563051973061342,0,1.03,0.0372
5,5,1,1,0,7835,0.29742166618056287,2,0.692466413692132,1,1.44,0.5448
15,9,0,0,0,6662,1.252910685018273,2,0.06837102273688522,0,1.11,0.1422
20,12,1,1,8,3559,0.4157142623693599,3,0.32833342676093097,0,1.23,0.2853
5,5,0,0,0,7416,1.0888417083491975,3,0.4380940661207643,0,1.16,0.1938
10,8,0,0,0,121,0.13166454154738022,0,0.33646745114317517,0,1.35,0.4319
20,12,1,3,3,3808,1.4608585101555054,1,0.9891740990992166,0,1.26,0.3293
12,10,0,0,1,9295,0.9239014294145073,1,0.1051060169494305,0,1.14,0.1749
15,3,0,0,8,7656,0.03204161077673606,3,0.1993472457248469,0,1.04,0.0479
20,5,0,0,8,5347,1.2170155456740372,1,0.20420033422624606,0,1.04,0.047
5,4,1,1,1,2105,1.4299687439682043,3,0.10532578473792287,0,1.33,0.4089
10,5,0,0,3,234,0.7367125854778811,0,0.2203438406159295,0,1.17,0.2154
5,2,0,0,2,6160,0.4069213492541182,2,0.4615422970021582,0,1.17,0.2105
10,6,0,0,3,8734,0.11095129972301648,3,0.4884796034059949,0,1.09,0.107
12,9,0,0,3,4151,0.14756546659362174,0,0.0009514216124279495,0,1.19,0.2356
15,8,0,0,7,8505,0.06293185693594344,1,0.4169790623324784,1,1.12,0.1528
10,1,0,0,4,1737,0.6292033547538024,1,0.44048730591673285,0,1.11,0.1346
15,14,0,0,0,6292,0.29533717131185816,0,0.02285524303597386,1,1.25,0.3179
20,5,0,0,13,4790,1.3341221848820515,2,0.23008770682546742,0,1.02,0.0307
5,5,1,1,0,8105,1.0474535335772077,2,0.4120201671820384,0,1.36,0.4481
10,9,0,0,0,7755,0.6516153350078127,2,0.3507375308514704,0,1.18,0.2282
5,4,0,0,1,5313,0.005349649019391833,1,0.21303949593214416,0,1.26,0.3301
12,12,0,0,0,3503,0.10170216556726797,0,0.4270933932097325,0,1.34,0.4215
20,6,1,6,3,2808,1.4478867467328178,0,0.3650162176105498,0,1.16,0.2041
15,8,0,0,0,5796,0.6791499139171135,2,0.05614736070494886,0,1.14,0.1763
15,5,0,0,3,6237,0.2301555438135905,0,0.26161637446252134,0,1.12,0.1544
12,10,1,3,0,1598,0.3040483625253158,0,0.18160718555165412,0,1.47,0.5852
12,6,0,0,5,89,0.25045908907078407,1,0.24937063978165241,0,1.19,0.2419
12,12,1,1,0,9832,1.3848130390672837,4,0.24071511100318105,1,1.31,0.3818
15,6,1,9,3,8629,0.7633091105344143,2,0.5350992385731159,0,1.11,0.1397
15,2,0,0,7,7235,0.07848221561439933,3,0.4683702146568624,0,1.05,0.0611
10,2,0,0,3,412,0.049255020945185024,1,0.3260992310960282,0,1.17,0.2183
5,4,0,0,1,2882,0.17593418583820802,2,0.24223566218867892,1,1.26,0.3252
12,3,1,4,6,5038,0.6202229377695011,1,0.6848907980037995,0,1.15,0.188
12,4,1,5,5,538,0.9664572610787104,2,0.39697806558492266,0,1.16,0.2037
20,20,1,1,0,4984,1.0494086214558305,3,0.1846396683789882,1,1.36,0.45
20,9,0,0,2,2934,0.8608038253608086,0,0.2714581749664699,0,1.21,0.2591
12,8,0,0,2,7609,1.2555043030813775,2,0.2402795623972157,0,1.12,0.1518
12,8,1,4,1,4661,1.348646094212614,1,0.48993090732030076,1,1.32,0.4026
20,5,0,0,6,84,1.124630148488343,2,0.3123869585165843,0,1.09,0.1079
5,4,0,0,1,3439,0.4260770362631025,1,0.18783153250281354,1,1.25,0.3142
15,5,0,0,2,4495,0.1750459997144599,0,0.47314455069466677,1,1.24,0.3029
12,11,1,2,0,8846,0.5511258674751145,1,0.2368849633485663,1,1.37,0.462
15,2,0,0,1,8501,0.12486112181802578,0,0.3816581940372603,0,1.17,0.2105
20,2,0,0,11,4109,0.8656933367811955,0,0.0879735701366689,0,1.06,0.0738
15,8,1,5,7,9038,0.24870670623987018,1,0.21323572112335337,0,1.19,0.238
10,6,0,0,3,6546,0.31205500249704254,2,0.34470074561812614,0,1.11,0.1348
15,6,0,0,6,9964,0.6897225355039502,3,0.34167037664086186,0,1.02,0.02
15,2,0,0,8,3410,0.9151272704109589,2,0.040014715085849806,0,1.02,0.0272
12,7,0,0,0,2625,0.3928627270116626,0,0.4356820174097969,0,1.27,0.3437
15,11,1,2,1,2728,0.28813047353403626,1,0.5552000875414557,0,1.43,0.534
10,2,0,0,5,923,0.5911962731589397,0,0.05854358367742235,0,1.13,0.1617
12,7,0,0,2,82,0.1359157813070888,1,0.48297210206671665,0,1.31,0.3846
5,5,1,1,0,2698,0.6235459186113144,1,0.8971472307992922,1,1.51,0.6323
10,1,0,0,6,383,0.10766997500442033,2,0.36937919488242194,0,1.14,0.1747
20,1,1,11,5,7316,0.6139677856278123,0,0.6691099837525756,0,1.08,0.1019
15,9,0,0,0,688,1.0427069587912465,3,0.07179544914157449,0,1.16,0.2054
15,6,0,0,5,1752,0.39217627315102055,1,0.21140231524522246,0,1.15,0.1847
5,2,1,3,3,1189,1.236361874176767,3,0.5042235254095763,0,1.16,0.1985
20,11,1,5,3,2323,1.0153359248832365,0,0.2092455478875332,1,1.24,0.2964
20,13,1,7,3,3696,0.19028553556637368,4,0.7612884471702671,0,1.29,0.3599
20,15,1,6,3,5167,0.10246278127333958,2,0.17121045436905835,0,1.29,0.3651
12,12,0,0,0,7263,1.3365718903892327,0,0.4466438839262664,1,1.22,0.2768
10,9,0,0,0,4547,0.4023070282837508,1,0.3868942545390249,0,1.26,0.3308
10,10,1,1,0,370,1.3143045615622226,2,0.7501593240024109,0,1.47,0.5911
15,4,0,0,8,7806,0.6623163954534862,2,0.18915245649174028,0,1.02,0.02
12,4,0,0,2,1606,1.1240981914903705,2,0.27447475502331975,0,1.16,0.1945
15,5,1,2,6,7732,1.1174031716186974,2,0.2635321836900565,0,1.07,0.0818
5,3,1,3,0,1606,0.6906325651151367,0,0.9001066603915877,0,1.41,0.5129
10,2,1,2,4,3550,0.8203303500432791,4,0.9400929314796576,1,1.11,0.1379
5,3,1,1,1,2645,0.7597440022087827,0,0.12245427654046954,0,1.34,0.4281
15,6,1,4,5,6958,0.2780743493320928,0,0.6267950677452151,0,1.22,0.274
20,13,1,1,7,2256,1.0064897205428927,1,0.7485188761804069,0,1.28,0.3529
5,4,0,0,0,9551,0.13206151155647367,4,0.2805665281794616,0,1.16,0.206
15,3,1,8,2,6516,0.9251232888499561,1,0.5682852765196408,1,1.17,0.2065
10,6,1,4,1,7108,0.7014052717776674,0,0.2885764614602639,1,1.3,0.3803
20,12,1,9,6,9775,0.3520948222355583,2,0.20941571814466853,0,1.17,0.2156
20,5,0,0,8,4482,0.3015478954986321,0,0.1697610432369273,0,1.12,0.1537
12,4,1,1,7,463,0.041883895857959985,2,0.504258756540701,0,1.24,0.3059
20,1,0,0,9,7697,0.6399295979128439,1,0.442899093941005,0,1.03,0.0368
10,6,0,0,0,5577,0.5186463267323072,2,0.23438039623761203,0,1.18,0.2199
10,8,1,3,0,4571,1.2911163279064595,1,0.977610056761755,1,1.4,0.495
5,2,0,0,1,891,0.08429993199451347,2,0.024402012278688046,0,1.23,0.2868
10,10,0,0,0,6957,0.2594533141561496,1,0.2241537191196672,0,1.25,0.311
15,12,0,0,0,3414,0.5243371687665426,5,0.0010868918907937508,0,1.19,0.2364
12,2,0,0,1,1024,1.008765738913099,1,0.05391068881004829,0,1.15,0.1873
12,5,1,4,7,5325,1.2271195254993472,1,0.5025896317007339,0,1.16,0.1962
5,1,0,0,3,9559,1.1748167330685773,4,0.30352995119553866,0,1.02,0.02
15,10,0,0,2,3828,0.26563986978306275,2,0.25484345012688225,0,1.23,0.2831
15,6,0,0,1,8526,1.0666733982400103,1,0.03807669276466269,0,1.09,0.1085
20,14,0,0,1,2989,0.24407811347133235,0,0.2763082904909134,0,1.29,0.3579
12,12,1,1,0,7386,0.31251354651457164,2,0.6944225161319053,0,1.44,0.5502
12,3,1,8,8,555,0.7835459217628542,3,0.5744636527123903,1,1.14,0.1768
15,1,0,0,13,5144,0.13160294812954698,4,0.14036546856642007,0,1.04,0.0509
10,3,1,1,2,309,0.4310397545724523,3,0.32159831791288296,1,1.25,0.315
20,1,1,7,13,619,1.2138242114010966,0,0.5151106709328696,1,1.12,0.1514
15,2,0,0,10,2533,1.1935645786070832,3,0.41539814249213936,0,1.03,0.0352
12,1,0,0,7,5642,0.4999442325929215,1,0.4350666416893895,0,1.07,0.086
15,11,0,0,2,4225,0.0005165519768116078,0,0.21628015025967168,0,1.29,0.3639
12,10,1,2,0,4495,0.6411174588109978,1,0.996116580273735,0,1.44,0.5465
20,9,1,3,3,805,0.6187884667780845,1,0.3525817522679342,0,1.24,0.3031
15,9,1,5,5,2456,0.06407800150150578,1,0.26870960725387416,0,1.31,0.3856
12,4,0,0,3,9223,0.5258008080305285,1,0.37201414274291095,0,1.05,0.0622
15,4,0,0,1,229,0.6966908727485959,0,0.24033451812294848,0,1.23,0.2861
12,6,1,5,4,5887,1.3030991949869755,0,0.3148897750858378,1,1.19,0.2319
15,13,0,0,2,6856,1.2644425122571468,0,0.4482470170751067,0,1.21,0.263
20,16,0,0,3,4533,0.3866065857225294,3,0.13354488858778407,0,1.12,0.144
20,1,0,0,19,3471,1.1730641245604319,0,0.40779410233312646,0,1.07,0.0881
5,3,0,0,1,91,0.5678502752837049,1,0.2463477907504748,0,1.26,0.3249
15,1,0,0,2,1981,1.2806445061872802,1,0.32434489227494434,0,1.14,0.1796
10,9,1,2,1,5175,0.7989183219615048,0,0.5568839467158698,0,1.43,0.538
10,7,0,0,3,3706,0.990268655455043,2,0.016917387100180203,0,1.08,0.0984
10,4,0,0,1,1717,1.0584559415523596,1,0.18470028558311896,0,1.18,0.2224
20,12,1,4,7,2948,0.13175147251851077,3,0.7811917772326119,1,1.29,0.3591
15,10,0,0,5,3716,0.34855158635947286,0,0.3267475348572716,0,1.19,0.2355
15,11,0,0,0,2843,0.2500126257639809,2,0.009943458231718216,1,1.23,0.2898
10,5,1,6,2,1596,0.5798467075391931,1,0.6802511406658291,1,1.35,0.4408
12,8,1,5,4,4512,0.7038029810291335,5,0.40790122068774926,0,1.22,0.2746
5,5,1,1,0,4881,0.7096311557207767,0,0.42525878383600557,0,1.46,0.5798
5,1,0,0,1,2383,0.8581438774157198,3,0.1975220303480002,0,1.12,0.1442
12,7,0,0,4,5063,1.1866363686463521,0,0.34552532636038974,0,1.11,0.1392
15,15,0,0,0,8153,0.2736985121878973,0,0.07351547026024141,0,1.24,0.3062
20,3,0,0,17,1748,0.9819314028004715,0,0.2909575775632889,0,1.1,0.1214
10,7,0,0,3,9591,0.9961633357245434,3,0.0203452185755717,1,1.02,0.02
10,7,0,0,1,3692,0.38912062662866154,2,0.4422504816325794,0,1.23,0.2928
5,1,0,0,1,969,0.25347661433933893,0,0.16916313514414988,1,1.24,0.3037
15,4,1,7,5,2489,1.0370147242338645,1,0.5137385557973755,0,1.14,0.1811
12,5,1,6,6,6773,1.0802804014787561,1,0.5924151588074792,0,1.15,0.1816
5,5,1,1,0,9178,0.7524706433954984,0,0.3994849760527561,1,1.41,0.509
15,7,0,0,5,9609,1.095335004878349,2,0.2327657406999593,0,1.02,0.02
5,3,0,0,0,9123,0.9467149339341533,1,0.4401822047622863,0,1.13,0.167
5,3,1,1,2,2674,0.7066284855386213,0,0.8660796498537275,1,1.39,0.4925
5,5,1,1,0,8572,1.4704474979793094,4,0.37388741277289506,0,1.33,0.4113
12,12,1,1,0,2134,1.054093174592643,1,0.471669933488176,0,1.46,0.5691
20,10,0,0,8,5494,0.32192765431303755,1,0.4087218932184582,0,1.13,0.1664
10,2,0,0,4,3774,0.4458940791581347,1,0.138644951683897,0,1.09,0.1132
20,12,0,0,0,6601,1.4114418950098329,1,0.13980313526214194,0,1.14,0.1755
15,13,1,3,1,5534,0.9326724429063844,3,0.15853461374907396,0,1.32,0.3944
15,11,0,0,3,3100,0.16303396382757074,2,0.4621802061319835,0,1.18,0.2308
5,2,1,1,3,9202,1.4876334742568136,1,0.22993794818463545,0,1.09,0.1097
5,2,0,0,2,9362,1.2902194677014904,2,0.3746290576729644,0,1.08,0.0962
10,9,1,2,1,8503,0.4045776061438638,1,0.5862819409368687,1,1.4,0.5032
20,5,0,0,12,3133,0.9221621277297387,3,0.39448577780507244,0,1.04,0.0498
20,5,0,0,14,9233,0.4113650278891504,2,0.10493535492555378,0,1.02,0.02
20,8,0,0,12,4156,1.4954266379436159,2,0.0030802541513372805,0,1.04,0.0446
15,15,0,0,0,8058,1.129555442926371,2,0.3512774934813254,0,1.16,0.2039
10,9,0,0,1,4533,0.0821259092663097,4,0.20184342499932512,0,1.24,0.2949
12,5,1,1,5,8567,1.2649663413918617,1,0.326598339004453,0,1.11,0.1335
10,6,1,3,4,9166,0.7657784215948499,4,0.33445220630865863,0,1.13,0.1667
5,2,1,2,1,2294,0.6027898585336146,3,0.6943315506736485,0,1.27,0.3369
20,17,0,0,0,2615,1.4072393409096888,1,0.06865127083943046,0,1.21,0.2671
5,5,1,1,0,9641,0.07338232196249922,3,0.14287684907146417,0,1.38,0.4695
15,11,1,1,1,1401,0.7304546830804275,2,0.7011032942247727,0,1.4,0.4947
15,8,1,3,1,9237,1.395039169869444,1,0.3758995617633638,1,1.22,0.2729
12,5,0,0,2,6098,1.162113174769322,2,0.13217183131908739,1,1.1,0.1283
10,3,0,0,4,5726,1.031161091194261,4,0.09296397312424098,0,1.02,0.02
10,7,0,0,2,643,1.437051779534415,2,0.11004496604345843,0,1.2,0.2508
10,8,0,0,1,6596,0.4818244483445434,3,0.4546113785520733,0,1.18,0.2292
12,11,0,0,1,3225,0.3213717734131101,3,0.00562526117397627,1,1.22,0.2774
12,7,1,1,4,2237,0.47243017421319466,0,0.23928274120613346,1,1.29,0.3658
10,7,1,4,0,8043,1.0774502706297115,2,0.31758359311453016,0,1.26,0.3244
5,4,1,2,1,5413,0.6357562273308732,2,0.9580182335952598,0,1.39,0.4905
20,9,0,0,10,1541,0.6856544889637401,1,0.03715795691795881,0,1.12,0.1521
10,6,0,0,3,7987,0.24665625803634927,3,0.3547104413346755,0,1.08,0.0939
12,6,0,0,3,1732,0.19019489728010125,1,0.008754377188925466,0,1.16,0.204
15,13,0,0,0,4832,1.0710173149151012,1,0.42091672287784804,1,1.21,0.2645
12,5,0,0,6,96,1.1612900641912347,1,0.36720546483534416,0,1.13,0.1638
5,1,1,3,1,661,1.3303282574770148,2,0.993141092288102,1,1.24,0.2942
15,5,0,0,5,6690,0.7143786133916588,0,0.24802407585805064,0,1.08,0.0981
15,10,0,0,2,7023,1.4491787310007997,0,0.30116707897058015,1,1.17,0.2187
12,6,0,0,6,3445,1.0015526356239643,2,0.38486670128702216,0,1.08,0.1008
5,3,0,0,2,9249,0.3588468291898953,1,0.302046432790749,0,1.17,0.2129
10,5,0,0,4,3277,0.9907903349799243,0,0.20016734098796846,0,1.11,0.1428
15,14,0,0,0,9608,1.2532648918192075,4,0.07260757072675783,1,1.1,0.1217
12,7,0,0,2,937,0.48229485377106185,2,0.3446935247812845,1,1.24,0.2995
12,8,0,0,4,8310,0.09272856451712874,0,0.004788648065061074,0,1.13,0.1665
20,1,0,0,4,6221,1.2335431786240694,2,0.03730507938987393,0,1.02,0.02
20,15,1,3,0,7546,0.43782281564033326,3,0.56079606313837,0,1.32,0.4004
15,1,1,15,0,9844,1.1656064869843126,0,0.2109737850292394,0,1.08,0.0952
15,7,1,7,4,204,1.31267503936661,1,0.6408144873980334,0,1.24,0.3035
20,20,0,0,0,8016,0.6104565456420106,1,0.21773804618091014,0,1.21,0.2595
5,2,0,0,2,6757,0.1541188658091316,1,0.4756931092002389,0,1.2,0.2546
5,1,1,2,2,3614,0.3210013525675862,2,0.6684761709325119,1,1.23,0.2918
20,11,0,0,1,7341,1.456807741785597,0,0.020347386173514226,1,1.14,0.174
15,1,0,0,13,4778,0.7497309893626234,3,0.33921931279802553,0,1.02,0.02
5,1,0,0,2,2224,0.04059098107067299,2,0.28948483200812286,0,1.21,0.2624
20,16,0,0,2,2507,0.46464007501375726,2,0.032319765976901504,0,1.23,0.2852
15,2,0,0,8,2153,0.4824159003837325,1,0.20057995362376047,0,1.1,0.1288
15,14,1,2,0,6358,1.2458000234336446,0,0.6866685713591285,1,1.42,0.5236
10,3,1,2,3,8052,1.0010679593112377,3,0.8850379035881454,0,1.07,0.087
20,3,0,0,7,2497,0.353764498414913,0,0.19863532592099464,0,1.13,0.1656
12,10,0,0,1,8112,0.1233655158768096,1,0.09784458679020969,0,1.22,0.2721
15,13,0,0,1,387,0.6938719273520517,0,0.3985325948008603,0,1.31,0.3867
12,12,0,0,0,8608,0.2742031204339212,0,0.022478166744743677,0,1.24,0.2953
5,2,1,4,1,9455,1.11929086137946,0,0.42409940123074985,1,1.2,0.2481
20,5,0,0,8,865,0.45053973258495134,1,0.2617491921442711,1,1.14,0.1737
15,3,0,0,1,3076,1.2126718802386784,2,0.11344816997811136,0,1.11,0.1396
10,7,0,0,0,7875,0.2843431857229652,2,0.07853954219017151,0,1.17,0.2114
10,6,1,5,2,675,0.5013096627468984,0,0.6566036232276005,0,1.42,0.5263
15,4,0,0,8,7811,0.9346070932244211,1,0.1777841774805291,0,1.02,0.02
15,2,0,0,11,3945,0.9476934312071599,4,0.4481133868891762,0,1.02,0.0219
10,1,0,0,6,350,0.9867785728703042,1,0.33089346673246156,0,1.09,0.1109
10,2,0,0,7,6592,0.05878408955570347,0,0.05023328965218066,0,1.1,0.1293
15,5,1,7,0,2920,0.10484408611630519,1,0.8649453796801717,0,1.33,0.4182
5,2,0,0,0,9593,0.810012528239367,3,0.33426143251798335,0,1.07,0.0818
10,7,0,0,2,1387,0.7797077208914864,5,0.2655773112150377,0,1.2,0.2475
5,5,1,1,0,6119,0.5800039268627843,2,0.9260109187402453,1,1.45,0.561
15,5,0,0,0,8305,0.6495159683855993,1,0.11682802312885787,0,1.11,0.1432
12,6,0,0,1,8671,0.15874561811785204,3,0.41817802361356055,0,1.15,0.1825
20,16,1,1,0,740,0.840578481279155,0,0.23928568917129966,0,1.43,0.536
5,1,0,0,2,7604,1.3767294956469946,1,0.2948486373385553,1,1.09,0.1129
12,6,1,5,0,9464,0.47209236059372256,2,0.9989347107297176,0,1.27,0.3324
15,8,1,4,1,4521,0.4399863438929493,0,0.7275592161245578,1,1.36,0.4544
5,4,1,1,0,7173,1.1666150317390382,3,0.8109467248645992,1,1.31,0.3893
5,1,1,1,0,2433,1.0627987903397451,2,0.9013217531094192,0,1.21,0.2603
15,6,0,0,5,2317,0.7278465798735165,1,0.33532099509423546,0,1.12,0.1526
5,5,1,1,0,2175,1.3416931897939721,1,0.4009565598590753,1,1.45,0.5628
20,10,0,0,10,4009,0.8072028388491499,2,0.37994816441045554,0,1.09,0.1112
20,2,1,9,9,3440,1.257752009315822,1,0.2617688364276233,0,1.07,0.0817
20,17,0,0,0,6642,0.13931578424171132,1,0.44698111274770075,0,1.26,0.323
12,10,1,2,0,9511,1.3162317643254038,2,0.4865653452966875,0,1.29,0.3679
5,2,0,0,1,9972,1.2869137976616243,0,0.10675959042753319,0,1.1,0.119
15,6,0,0,8,1204,1.1903607483714673,0,0.42452429254653185,0,1.14,0.1759
15,5,0,0,4,5926,0.8137693485582226,3,0.37049770661546244,0,1.02,0.0294
20,10,1,9,7,1794,0.09038593630760039,0,0.8063538693320749,1,1.34,0.4236
5,1,1,3,3,6398,0.4949004431960693,0,0.6592363257803038,0,1.15,0.1853
15,3,0,0,6,6479,1.4981706086230855,2,0.2993351287534819,0,1.02,0.02
12,2,0,0,4,5031,0.09683788525995335,2,0.40109603380843545,0,1.09,0.1186
10,3,0,0,6,8724,1.0930630569024737,1,0.050049756423626635,0,1.02,0.02
5,3,0,0,2,8412,0.4854565025086825,0,0.236611868053079,0,1.19,0.2342
5,4,1,1,1,7301,1.2752086944468433,2,0.7420672573398273,0,1.33,0.4085
10,2,1,3,5,7485,0.6631004372487614,5,0.3569011141484524,0,1.04,0.048
12,7,0,0,4,9002,0.9362722940190926,1,0.2228374893287089,0,1.04,0.05
5,1,0,0,2,9320,0.814323648446895,1,0.0009810091554776634,1,1.07,0.0822
15,6,1,7,3,5548,0.5309446966386187,1,0.6504714586081641,1,1.2,0.2451
20,8,0,0,10,3973,0.07349850568300509,0,0.2425568670016625,0,1.17,0.2125
15,10,0,0,4,5935,0.9638580186369632,3,0.12637588623060247,0,1.04,0.0447
10,10,1,1,0,3965,1.4889382102287927,2,0.5470001379641487,0,1.42,0.521
10,10,0,0,0,4183,0.6286079371790081,0,0.22152275384573333,0,1.27,0.3421
5,2,0,0,2,2499,0.04756211383734332,4,0.02950633283652493,0,1.19,0.2401
5,1,0,0,3,7193,1.1179159053459364,2,0.3660956862617045,0,1.02,0.02
5,4,1,1,1,7849,0.22984795504984012,1,0.8366487032953095,0,1.41,0.5115
15,13,0,0,2,7974,0.07526816537454495,3,0.03238568024141836,0,1.18,0.2255
5,3,0,0,1,4903,1.3661613662060323,1,0.40798833280482705,0,1.18,0.2224
12,12,1,1,0,4309,1.4573971687830745,2,0.9382324492136405,1,1.44,0.5471
15,11,0,0,1,747,1.310301301597973,2,0.058578041559851635,0,1.2,0.2501
20,8,1,10,5,4432,0.977975565507176,1,0.3282722592771277,0,1.15,0.1913
10,6,0,0,1,5175,0.6459631232607369,0,0.0373066045094701,1,1.2,0.2508
10,10,0,0,0,7977,0.47372906947695836,0,0.20575266766096745,1,1.24,0.2994
15,13,0,0,2,3392,0.1347284101909233,4,0.08815738709345766,1,1.23,0.2927
12,12,1,1,0,1963,0.04225891695765693,1,0.6459668632474498,0,1.55,0.6813
15,10,1,2,0,6074,0.15822580039244705,1,0.7229778451968826,0,1.39,0.4842
10,9,1,2,1,5450,0.6188616397836295,4,0.43352172791686727,0,1.37,0.462
10,2,0,0,3,7305,0.29947501725910847,2,0.2793929134576622,0,1.05,0.0595
20,16,1,4,4,4047,0.3079554340182151,2,0.45402359183483365,0,1.32,0.4035
12,3,0,0,3,4385,0.7864309002540406,2,0.12068713119254626,0,1.04,0.0494
10,2,0,0,2,802,1.27805684651744,1,0.4593167912489197,0,1.18,0.228
10,7,0,0,2,6305,0.007647583935297186,2,0.3418974470695302,0,1.23,0.2837
20,9,0,0,11,7235,0.7722963486682649,1,0.010320741622933172,0,1.04,0.0559
12,10,1,3,1,4807,1.1641440207585725,0,0.7850927715864746,0,1.41,0.5157
12,2,0,0,6,175,1.0258969888790357,3,0.40932897531215195,0,1.06,0.0751
5,1,0,0,3,9160,1.1407581355785954,0,0.02062758018147831,0,1.02,0.02
15,1,1,1,9,3884,1.1843607520113002,3,0.7854518301998528,0,1.04,0.0506
10,5,1,1,4,2754,0.03990034569450812,0,0.523924518639047,0,1.31,0.3916
5,3,1,1,2,5355,0.9046023941292068,2,0.3354306364072604,0,1.27,0.3367
5,3,0,0,1,9439,0.3411608839718665,0,0.333170534017394,1,1.19,0.241
10,10,0,0,0,7184,0.29266955293974656,1,0.17672328114975971,1,1.24,0.3004
15,15,1,1,0,6603,0.371583188101347,2,0.7237358662809363,1,1.45,0.5584
10,1,0,0,7,9543,0.6102543075808091,0,0.370797523395491,0,1.03,0.0405
5,4,1,1,1,3239,1.3329836435707025,0,0.7963161066949825,1,1.42,0.5271
15,8,0,0,6,5383,0.8058478637541783,0,0.11905950067460958,1,1.1,0.1282
15,1,0,0,10,1605,0.514101404801065,0,0.28773533382821,0,1.13,0.1575
20,10,0,0,7,2444,0.3265057828602883,1,0.2973243332112474,0,1.16,0.2028
15,3,0,0,5,478,1.2906249173720183,2,0.3251481540453399,0,1.08,0.0955
20,3,0,0,2,6564,1.3149789091541195,1,0.06218617189229392,0,1.08,0.1023
5,4,0,0,1,9781,1.1746392686413363,0,0.36514140367697245,1,1.16,0.2025
20,20,1,1,0,9562,1.044209244306134,0,0.47050437208459994,0,1.39,0.4842
5,2,1,3,0,3927,0.42977942269264874,0,0.8645964606957994,0,1.34,0.4233
5,5,1,1,0,3999,0.556379315896053,4,0.13715422011326542,0,1.4,0.5053
12,4,0,0,6,1962,0.7790670520716552,2,0.2876262042923645,0,1.09,0.1123
5,4,0,0,1,8132,0.9724204875686551,3,0.3932327660722724,0,1.12,0.1522
5,1,0,0,0,679,1.21884406558631,1,0.07264867683793841,1,1.16,0.199
15,14,0,0,1,6463,0.22750705958885892,2,0.3923733230613753,1,1.24,0.2984
12,2,1,6,0,4570,0.3945531334346799,0,0.2527248776448787,0,1.22,0.2772
10,10,0,0,0,6699,1.2152298148442575,4,0.255225117338122,0,1.15,0.1899
15,14,1,1,1,2154,0.11332689991644318,1,0.9129417350450356,1,1.53,0.6667
20,12,0,0,7,1273,0.35258914506288347,1,0.0658622986805269,0,1.17,0.2142
15,8,1,5,0,1610,1.3696322670779084,2,0.8568309353171135,0,1.32,0.3991
5,3,1,3,1,1755,0.6362684868104975,2,0.8134632948423122,0,1.36,0.4558
10,1,0,0,9,3450,1.1257353652065507,0,0.03169244814975419,0,1.05,0.0658
12,4,0,0,4,3818,0.9979406072858195,2,0.2240230573345765,0,1.05,0.0575
15,5,1,4,4,2797,1.4838514499069326,0,0.85088864083815,0,1.2,0.2561
5,5,0,0,0,3362,1.1804504822066895,2,0.36063623630155034,0,1.22,0.2751
12,1,1,10,9,2377,0.8212644717186846,0,0.7907543548729068,0,1.14,0.178
5,3,0,0,0,6570,0.4279499636923228,2,0.41940316751156775,1,1.18,0.2289
10,2,0,0,8,3112,0.1167354283440456,2,0.45230174177201143,0,1.12,0.1545
10,1,1,10,1,9633,1.2523809648769046,0,0.8754666164029986,0,1.13,0.1645
5,5,0,0,0,8262,0.14204855238035585,1,0.44821114940425133,1,1.26,0.3211
15,15,1,1,0,5613,0.5467048476183056,3,0.36254739148963666,0,1.4,0.5001
15,5,0,0,1,894,1.3605121818909311,2,0.3158403504464467,0,1.17,0.2085
12,1,1,1,5,4833,1.4743756740467795,1,0.6927187313468305,1,1.07,0.0888
5,4,0,0,1,4673,0.07741827460605971,0,0.309565935023557,0,1.29,0.3669
12,4,0,0,0,5317,0.48586717432730425,1,0.02131545683424879,0,1.16,0.1967
10,4,1,2,3,6270,1.0268096107576288,1,0.2632309842437289,0,1.13,0.1563
12,4,0,0,8,8809,0.5978210990765,4,0.0725020381708783,0,1.02,0.02
15,11,1,4,2,8895,1.1791293437751746,2,0.8841416705383797,0,1.3,0.37
15,5,1,11,1,3482,0.2407542141084037,2,0.12607281648763935,0,1.25,0.3104
15,14,1,1,0,1743,0.8285519590944863,2,0.4118925307922603,0,1.43,0.5346
15,1,0,0,8,7376,0.5308599360153461,2,0.34523297189069196,0,1.02,0.0206
20,16,1,5,1,6027,0.19215091794072076,0,0.9060837746567113,0,1.46,0.5749
20,20,0,0,0,6274,0.2557745378170224,2,0.055856141051209285,1,1.23,0.2814
5,5,0,0,0,5303,0.6312498055891009,1,0.43062448155036165,1,1.25,0.3151
10,2,1,5,1,5595,0.7607657411528647,1,0.18896457633995134,0,1.17,0.2064
5,4,0,0,1,2377,0.9414278809986367,3,0.06913038055900111,0,1.17,0.2157
20,3,0,0,15,5486,0.6314577905888128,0,0.2712655441859508,0,1.08,0.0988
5,4,1,2,1,9520,0.15182061449082712,1,0.20231648314147904,0,1.35,0.4435
20,7,1,9,11,8111,0.3642739404562108,2,0.8408581682303939,1,1.15,0.1923
5,1,0,0,1,7784,0.18211837945968345,1,0.024256010178926035,1,1.14,0.1703
12,12,0,0,0,7786,0.5523928445253772,0,0.29551389797956257,1,1.24,0.3016
10,1,1,6,9,5913,0.46174168388900094,0,0.5235009769165828,0,1.12,0.146
15,12,1,3,0,3872,1.3824765387761706,5,0.9513870517300147,1,1.36,0.45
20,9,1,10,0,4690,0.45013816379070637,1,0.9208180037331729,0,1.33,0.4071
10,7,0,0,3,8250,0.17045083462534388,1,0.4257237250489908,0,1.14,0.1716
12,12,0,0,0,8262,0.5844957443107028,0,0.15373197649539083,0,1.22,0.2799
15,14,1,1,1,266,0.19469970122000996,4,0.9561554166567782,1,1.51,0.637
10,9,0,0,0,1075,0.6341232059559226,0,0.08444104327586666,0,1.29,0.3622
5,4,0,0,0,271,1.2431921195566846,2,0.36982964723333817,0,1.23,0.2922
12,1,0,0,11,5166,0.559064267659343,2,0.4090125544183882,1,1.05,0.0585
10,9,1,1,1,4571,0.7477993544589085,0,0.8246326357939745,1,1.46,0.5736
5,4,0,0,1,3842,0.5454270582990168,1,0.40872161093858117,0,1.25,0.3139
12,10,1,1,1,4558,0.5555987959019801,0,0.5685229625879655,1,1.44,0.5466
12,2,1,1,7,4319,0.13957995464059558,2,0.36581716558465704,0,1.13,0.1622
10,4,0,0,3,5764,0.6629328024376444,2,0.10145617207676633,0,1.05,0.062
20,2,1,14,18,4701,1.0123315225042102,2,0.40097064756162915,0,1.04,0.0472
12,5,1,1,7,5050,1.0836621048728639,2,0.567742861797659,0,1.14,0.1788
5,5,0,0,0,3694,0.927331237244779,4,0.19348846176729556,0,1.19,0.2373
10,4,1,2,3,1432,1.4554900089559542,1,0.4680026512348523,0,1.2,0.2453
10,10,0,0,0,9467,0.9592528527205741,1,0.40719155382396877,1,1.17,0.218
20,20,1,1,0,3619,1.103322730545797,0,0.6881009934437011,0,1.47,0.5908
20,9,0,0,11,2524,1.0525861852613208,2,0.48581375566481494,0,1.09,0.1152
5,2,0,0,3,4174,0.029271141506640785,0,0.015118962581222417,0,1.16,0.1957
20,7,0,0,3,2255,0.7221017503397384,1,0.47861958257834936,0,1.13,0.1581
15,13,0,0,1,6606,0.7961108901928061,1,0.1464765855454967,0,1.19,0.2364
15,5,1,7,8,9361,0.22626300698779472,2,0.7134876822652723,1,1.14,0.1707
12,12,1,1,0,6401,0.13714620814106304,0,0.5714507382932644,0,1.5,0.626
20,5,0,0,15,4785,1.3914961116423459,1,0.2596596777804602,0,1.05,0.0598
5,3,1,3,2,4981,1.342591655773478,5,0.31512689482547607,0,1.24,0.3045
12,10,1,2,0,9853,0.5683000187162216,1,0.438228522479303,0,1.34,0.4288
10,8,1,1,2,5255,0.7062644273010723,0,0.5074676333557607,1,1.4,0.5031
20,17,1,2,2,5991,1.378913636626802,1,0.354517554637498,1,1.35,0.4433
15,10,0,0,4,9483,0.26586223282652127,2,0.3719760743597728,0,1.09,0.1076
5,3,1,2,1,9904,0.843828174296617,1,0.24492571040793537,1,1.24,0.294
10,5,1,3,5,6479,1.4353562651816199,1,0.23336113842936385,0,1.15,0.1898
10,7,1,4,1,1597,0.17648017900072033,1,0.8012495777735855,0,1.46,0.5688
20,3,0,0,14,7931,0.29109190215024716,1,0.15473320694658121,0,1.05,0.0601
10,8,1,3,1,2119,0.3699708545022415,2,0.4728145817760351,1,1.42,0.5277
20,14,0,0,4,9978,0.4006395181622464,1,0.3219616739046829,1,1.09,0.1144
20,10,0,0,6,8853,0.6109175253252879,2,0.1698682386526949,1,1.03,0.0414
12,9,1,4,3,325,0.6316042245135427,2,0.790442857127076,0,1.35,0.4344
12,3,1,8,6,624,0.14033829275309678,0,0.36831801167437994,0,1.24,0.3036
15,3,1,1,1,3852,1.4331089144853255,1,0.7962052331295447,0,1.21,0.2572
20,10,1,6,2,1398,0.7502208403174877,2,0.2870722381123202,0,1.29,0.3686
12,6,1,5,6,9058,0.20520297105471297,3,0.45149138473593986,0,1.16,0.1947
5,4,1,2,1,275,0.1246900618703985,2,0.33224456549630565,1,1.45,0.5687
10,4,1,6,2,5322,0.33719623970991186,1,0.7211005953026638,0,1.3,0.3735
20,4,0,0,4,5072,1.4987631187174206,2,0.34977188163887807,0,1.02,0.0286
5,4,1,1,0,7148,0.2352994944732984,2,0.25957943688493823,1,1.36,0.4487
20,5,0,0,13,6433,1.3262476557701848,1,0.20367851221881011,0,1.02,0.0306
20,11,1,7,1,5407,0.867467785180172,2,0.2698290971157993,0,1.25,0.3149
5,1,1,3,4,3815,0.8142149987458223,0,0.8068314422008411,0,1.16,0.2039
10,5,0,0,4,3627,0.3760933188664873,0,0.16498247969177787,0,1.16,0.1962
5,1,0,0,4,5407,0.6349591478212031,0,0.35918524072066793,1,1.09,0.1141
5,1,0,0,2,4930,1.3416789282352368,0,0.25733176937099006,1,1.14,0.1766
5,1,1,4,4,5351,1.473634599530821,0,0.1460776097697688,0,1.09,0.1094
20,10,0,0,5,9449,0.30418124738224517,2,0.2249386583777575,0,1.05,0.0675
5,4,0,0,1,4325,0.722950739430138,0,0.4011590905135683,0,1.25,0.3149
10,5,0,0,5,2340,1.3668685161871776,1,0.35086351700155066,1,1.11,0.1413
20,18,0,0,1,8097,1.4465047837273783,2,0.16241762890353256,0,1.14,0.1732
12,6,0,0,2,8445,1.4209454450892878,3,0.11166161942008579,0,1.06,0.0773
20,16,0,0,1,877,0.3946990856361139,2,0.3317534901844039,1,1.27,0.3406
10,7,1,3,1,1427,1.3116210003940547,0,0.16836497581348314,0,1.37,0.4651
5,3,0,0,0,8822,0.00923261816216242,3,0.2621638167594655,0,1.16,0.1977
5,2,0,0,3,5104,0.7667361063574176,2,0.47836257465470544,0,1.07,0.0917
15,7,0,0,2,7259,0.41943325448196755,1,0.05603552528003658,0,1.16,0.197
12,8,0,0,3,5709,0.2675403370332098,1,0.4365777645824234,0,1.16,0.1959
12,12,0,0,0,6266,0.9833996538390284,0,0.43258549290251064,0,1.23,0.2923
5,4,0,0,1,5875,1.4189168408880777,0,0.36615950200908476,1,1.21,0.2612
20,3,0,0,3,546,0.8224004203012201,1,0.23609002240299648,1,1.1,0.1243
10,6,1,5,3,1338,0.7276927679360097,1,0.7928491956775983,0,1.3,0.3779
5,2,1,3,3,7879,0.6647614912280264,2,0.41865455647273375,0,1.12,0.1515
20,14,0,0,0,5307,1.1989814220139945,2,0.3530263009776904,0,1.16,0.2003
10,9,0,0,1,1307,0.07371681593276563,2,0.42692595406660727,0,1.31,0.3888
20,20,1,1,0,4714,0.038261396930569735,1,0.7740816699644445,1,1.52,0.6507
20,15,1,6,5,2483,0.9403213856378139,2,0.33921663522419654,0,1.27,0.335
12,10,1,1,1,7039,0.617697336909905,4,0.5599942987056211,0,1.34,0.4224
12,3,1,7,6,3122,0.8725289612758458,3,0.8550994459845592,0,1.12,0.1518
15,9,0,0,3,6715,0.4083387531050518,0,0.1617343594711,1,1.13,0.1614
5,5,0,0,0,7806,1.1963780287362262,1,0.21121493297114852,0,1.18,0.2231
15,14,1,1,1,9941,0.5275233296141459,3,0.7450376520331353,0,1.35,0.4417
5,4,1,2,1,2760,1.1974547817218637,0,0.8162768776975553,1,1.43,0.5359
10,4,0,0,4,728,0.8879282741739745,1,0.43113297220275776,0,1.13,0.1681
15,12,0,0,2,7590,0.263173034367997,2,0.2429248654582687,0,1.2,0.2459
12,12,0,0,0,2222,1.0136001753959558,4,0.10951079865483371,0,1.2,0.2454
20,12,0,0,7,5212,0.13895469408512362,1,0.48318767399719975,0,1.17,0.2099
5,2,0,0,2,6352,1.2486312831370643,2,0.10850024011777054,0,1.1,0.1201
5,3,1,3,0,2548,0.7113712731004043,2,0.5625296677762528,0,1.33,0.4163
15,2,0,0,0,3240,0.3143589305050187,2,0.33354658014172484,0,1.17,0.2133
5,5,0,0,0,9107,0.7922682239680314,3,0.06297264889213772,0,1.13,0.1592
12,10,1,3,1,760,0.5873237964237155,2,0.6507632286917548,1,1.44,0.5536
15,5,0,0,6,9801,1.2305677708415954,0,0.14779269837005998,0,1.02,0.02
20,10,1,3,9,6045,1.2692870648772052,1,0.15339177097175,1,1.15,0.1899
10,9,0,0,1,4780,1.3353346701932793,0,0.34736206381829066,0,1.23,0.2911
10,10,0,0,0,9337,0.49222256432176015,0,0.1714951032099516,0,1.22,0.2744
5,2,0,0,0,1551,0.07869444420961674,3,0.20947551432101047,0,1.21,0.2656
20,5,0,0,12,3630,1.4385105160301626,0,0.3342106852028354,0,1.09,0.1098
15,13,0,0,0,5670,0.04530880051664277,3,0.4089206444122333,0,1.23,0.2931
20,12,0,0,2,2888,0.1559864258217915,3,0.3501944870908675,1,1.22,0.2791
20,7,0,0,2,8664,0.9026545355577166,1,0.10728120985022954,1,1.09,0.1142
12,10,0,0,0,7973,0.7451275028081432,0,0.2719758588199274,1,1.2,0.2527
12,5,1,8,0,606,0.6072893001167095,2,0.7792678856804859,0,1.32,0.4017
5,2,1,2,1,5318,1.2747566355423317,1,0.38264520179552997,0,1.22,0.2802
20,19,0,0,1,6086,0.17648085788960144,1,0.335510797818986,0,1.27,0.3337
5,4,0,0,1,4490,0.38385606424448326,1,0.4269456876416793,1,1.26,0.3218
10,1,1,4,5,1973,1.2693879182864223,5,0.9623106501055939,0,1.09,0.1064
5,2,0,0,1,9420,0.4226217962977804,2,0.04074128092318413,0,1.1,0.1264
12,4,1,6,2,686,0.2505225403309108,0,0.6320370636685809,0,1.36,0.4452
12,6,0,0,2,8267,1.4163347123404817,1,0.12884822810118868,0,1.11,0.1346
5,4,1,2,0,6832,1.4703971251538217,1,0.56440938961553,1,1.34,0.428
12,3,1,1,7,5405,1.294315535943832,3,0.7125056865019542,0,1.07,0.0934
10,2,1,2,0,7807,1.2332064382945505,2,0.8401291298751652,0,1.14,0.1748
20,17,1,2,3,9140,0.16951132213540704,4,0.8041135998056536,0,1.29,0.3618
20,2,0,0,8,7676,0.11500326688418133,1,0.3652103600402899,0,1.07,0.0909
5,2,0,0,2,4222,0.954698001561743,4,0.31855822440614917,0,1.12,0.1467
10,3,1,5,3,5382,0.9991736071638861,0,0.664851420926755,0,1.15,0.1895
15,13,0,0,2,5172,0.3547447193519154,1,0.17505178378728936,0,1.24,0.3043
12,12,1,1,0,1733,0.6684768191471667,0,0.8788152151413309,1,1.53,0.6675
12,4,0,0,4,4293,0.15838959855958673,1,0.40805931830934816,0,1.14,0.1757
12,5,0,0,3,645,0.6224381881316552,0,0.030766793494677036,0,1.15,0.193
10,5,0,0,1,5121,0.8187957054018158,2,0.28999486170195543,0,1.15,0.1862
5,3,0,0,2,7330,0.3880477648833208,2,0.10664378238224753,0,1.16,0.1964
15,2,0,0,7,1466,0.7285796903006376,0,0.055462019553173536,0,1.1,0.1296
15,11,0,0,1,9637,1.1396360672520982,1,0.20304917083463397,1,1.12,0.155
5,3,0,0,1,4882,0.0073609387642239454,0,0.10938775774522896,1,1.26,0.3248
15,8,0,0,7,8823,0.026244452438243804,2,0.22978365444377413,0,1.09,0.1101
20,1,0,0,13,3841,1.1557370975037402,3,0.031377775667527585,0,1.02,0.02
20,15,0,0,5,9764,1.2373276795210153,1,0.005908667889105268,0,1.03,0.0398
15,4,0,0,0,4728,1.0487220962265251,3,0.4855359651414845,1,1.1,0.1279
20,6,0,0,0,2697,1.2850333559914944,2,0.0030479524909347577,0,1.12,0.1515
10,1,0,0,3,6119,0.2405455432639761,2,0.38215601921461767,0,1.06,0.0764
15,13,0,0,1,7747,0.1393054255922601,1,0.09871478738288736,0,1.22,0.2811
20,5,1,4,1,2050,0.5972621281349344,1,0.28842073662376033,0,1.24,0.3034
5,3,0,0,2,2051,1.4656547105815376,1,0.08625277859761488,1,1.19,0.2395
12,2,0,0,3,1458,1.3414148193663504,0,0.174658549162388,0,1.09,0.1171
5,3,0,0,0,2971,1.3057881605298889,2,0.31540413415550494,0,1.17,0.2173
10,9,0,0,0,5001,0.9370077217704128,0,0.3807983133848249,0,1.24,0.2967
5,3,1,3,0,4911,1.0339573053618234,1,0.6980982975607659,1,1.31,0.3895
10,6,0,0,2,7396,0.044180563388788285,3,0.040088661221678146,0,1.16,0.1978
15,8,0,0,0,7460,0.8893846317115651,3,0.31837308159856775,1,1.1,0.1246
5,3,0,0,2,38,1.470948712831656,1,0.3229585510966668,0,1.23,0.2886
10,8,0,0,2,3771,0.9245735207745868,3,0.07503762989689589,0,1.16,0.197
20,7,0,0,12,657,1.1710892485415245,2,0.28656937819806527,0,1.09,0.1122
15,14,0,0,1,1976,0.6920212892853699,2,0.19565025082247134,0,1.24,0.3035
20,1,0,0,4,1404,0.6160999795669841,0,0.3145907272885428,1,1.12,0.15
20,5,0,0,6,2963,0.9588306703253038,1,0.29822569820926836,0,1.08,0.0944
12,1,1,4,11,287,0.8651116905444112,3,0.41055747956497246,0,1.08,0.0945
15,1,0,0,11,7721,0.611704519644938,0,0.346006695284456,0,1.05,0.0607
5,4,0,0,0,9625,0.131129241327823,1,0.2519185956637592,1,1.2,0.256
15,7,1,9,7,2272,0.9143326524685147,0,0.7261507271963428,0,1.25,0.3146
12,1,1,12,6,8376,0.47829503966846826,1,0.866270978827101,1,1.08,0.1017
5,5,0,0,0,2171,0.829625177096988,2,0.32066222053357885,0,1.25,0.3068
20,2,1,16,9,4014,0.608289830131594,2,0.7973764569148111,0,1.1,0.1284
5,4,0,0,1,52,0.568223090414698,1,0.2398464731176872,0,1.28,0.3549
5,1,1,5,1,3442,0.8358066752794762,2,0.48630964650532793,0,1.18,0.2284
10,7,0,0,0,5645,0.4310775393848637,1,0.04764521110416925,0,1.2,0.2544
10,3,0,0,7,9381,0.00015355878877032492,1,0.08543452476200536,1,1.07,0.0844
12,12,1,1,0,6755,1.0754550692410976,1,0.85571557342483,1,1.42,0.5305
10,7,1,3,2,1688,1.005709949704783,0,0.1582909776942922,0,1.37,0.4603
20,19,1,2,1,6206,1.3524496059497353,0,0.4404326558269036,1,1.41,0.5126
12,9,1,1,1,9053,0.3406099750204569,3,0.22099519533504403,0,1.29,0.3603
15,11,0,0,0,8445,0.9493546147511958,0,0.07568665573594724,1,1.16,0.1944
20,18,0,0,0,8243,0.2092202097504774,0,0.15198895457473638,1,1.24,0.3026
10,3,1,7,1,5418,1.2928938406737245,1,0.6162198166427005,0,1.21,0.2584
5,1,0,0,2,4445,0.23663117339393097,2,0.2240215301491849,1,1.16,0.2043
5,3,0,0,2,5100,0.5755222834916995,3,0.23048283811600762,1,1.16,0.1944
12,2,0,0,4,2346,0.8021166856608163,1,0.39908336643958175,0,1.09,0.1149
5,2,0,0,2,3498,0.4922250915741537,0,0.24082687391479674,0,1.22,0.2776
5,1,1,5,4,2014,1.2753461519481901,1,0.7317680921295343,0,1.14,0.1797
10,8,0,0,0,7611,0.4590520564514707,5,0.47402477852700253,0,1.17,0.2179
5,1,1,1,3,5383,1.1867184762646537,4,0.6584998847604692,0,1.06,0.0699
15,8,1,1,5,6069,0.32453458751039116,2,0.40313667297418254,1,1.21,0.2634
5,3,0,0,0,698,0.5596997501224428,2,0.09795608589234506,0,1.22,0.2781
10,10,0,0,0,6984,1.1840136773953889,1,0.043972212402712985,0,1.18,0.2221
15,13,0,0,0,8499,0.9545962047839467,1,0.3242525690357687,0,1.17,0.2063
5,3,1,2,1,2799,0.6635253405485078,2,0.8226182263598365,0,1.35,0.4381
20,7,1,6,11,6191,1.0982736382835028,1,0.275674281147018,0,1.11,0.139
5,2,0,0,1,2086,0.20371172257356407,5,0.17670461211615462,0,1.19,0.2425
15,3,1,2,11,8344,1.0952415072649675,3,0.771025609821511,0,1.03,0.0345
12,1,0,0,1,5021,0.748154177332696,2,0.07211784830589818,0,1.09,0.1148
12,4,0,0,6,8701,0.9946351749720105,2,0.31368606033504737,0,1.02,0.02
20,3,1,15,13,1258,0.03702409997577494,0,0.9380548552043142,0,1.25,0.311
5,1,1,5,0,867,0.13050703569164973,0,0.14663631562111992,0,1.29,0.3637
20,17,0,0,3,2488,0.7050767444583956,2,0.4666915309898981,0,1.16,0.2037
10,9,0,0,1,8185,0.11888329670242115,4,0.08624784216321635,1,1.18,0.2272
15,12,0,0,1,6261,1.313868384752249,1,0.4609980475828271,1,1.19,0.2363
10,9,0,0,0,2457,1.3978066668232492,0,0.2791312986764844,1,1.26,0.3205
15,12,1,3,2,1131,1.2025115322740665,1,0.10667091382851829,1,1.38,0.4769
15,6,1,9,1,474,0.30441610219823406,2,0.4237299787822022,0,1.32,0.399
10,4,1,6,4,8176,0.2800109732936116,0,0.28780207177483463,0,1.18,0.2284
10,6,0,0,1,6968,1.365624071975982,1,0.2666946419852054,0,1.14,0.1801
5,1,0,0,0,4358,1.202344491958661,0,0.4107644921617738,0,1.16,0.1975
15,6,0,0,7,9092,0.3116223595438288,1,0.27135173612475194,0,1.07,0.0875
10,7,0,0,2,8535,0.1936810197348291,1,0.3782053499165096,0,1.21,0.2612
10,10,1,1,0,7011,0.4967388692302154,3,0.10137150449499817,0,1.37,0.4633
10,2,0,0,4,8911,0.3211303018760613,3,0.4320043585880107,0,1.02,0.02
20,18,0,0,0,2211,0.27204702842567174,2,0.0348456122352665,1,1.26,0.3241
12,10,0,0,0,9229,0.524483010805251,2,0.04527919689947746,0,1.15,0.1844
20,14,0,0,3,7777,0.8906837303837349,2,0.1453948212379137,0,1.05,0.0576
12,3,1,9,9,5696,0.48826482783073527,0,0.33104794772199686,0,1.15,0.1897
10,3,0,0,0,1201,1.482816778854747,2,0.09723124386614074,0,1.15,0.1814
12,4,1,3,3,2719,0.6831735793334405,1,0.14911262005127854,0,1.16,0.2062
5,1,1,2,4,5248,1.1157633682253953,3,0.5498768195809572,0,1.05,0.0633
10,10,1,1,0,8998,1.4303193711313371,1,0.45413605289990344,0,1.37,0.4647
12,10,1,3,2,9121,0.6692261737413892,2,0.2362541177660026,0,1.31,0.3868
10,4,0,0,2,7471,0.4283543497944336,4,0.4191399229263073,0,1.13,0.1586
15,4,0,0,5,4135,0.9908494301404416,0,0.194421999423268,0,1.08,0.0944
5,1,1,4,2,4213,0.817889860319043,0,0.2252982010273214,0,1.2,0.251
15,5,1,1,9,2709,0.829053333381205,3,0.9493121715737012,1,1.16,0.2024
10,6,0,0,1,290,0.26202225038254573,2,0.3274195049335507,0,1.27,0.3323
15,11,1,2,4,3571,0.4445909418564091,0,0.7163252821201734,1,1.36,0.4453
12,9,0,0,3,3786,0.513519620933927,4,0.038856599024196026,0,1.1,0.1275
5,4,0,0,0,6574,1.2154310408522941,1,0.12909748332802196,0,1.16,0.2051
10,10,0,0,0,8129,0.2952616519898466,0,0.04386038750675758,0,1.24,0.302
20,16,0,0,0,6956,0.9662090606024578,3,0.15754322713438468,0,1.12,0.1516
12,2,0,0,6,5925,1.0803405865594395,3,0.17535182490550083,0,1.02,0.02
10,4,0,0,3,5783,1.4782687722928036,0,0.46672001499490245,0,1.09,0.1106
12,4,0,0,7,7290,0.7869691357370652,1,0.46641350078112787,0,1.06,0.0726
5,5,1,1,0,2051,1.4987653957719698,1,0.7109363506666138,0,1.47,0.5894
5,2,0,0,3,3420,1.4067145458590256,1,0.3976387704927525,0,1.09,0.1138
12,10,0,0,1,2772,0.12334327916650434,0,0.060115113093873684,0,1.3,0.3759
10,9,0,0,1,7207,0.12872621637973508,0,0.25628784238541347,0,1.27,0.3345
20,19,1,1,0,5413,0.16238174467697802,0,0.32129843507414724,1,1.48,0.5988
10,8,0,0,2,761,0.6148782673006346,1,0.4229979277873963,0,1.28,0.3543
20,2,0,0,15,1470,0.2859640167050173,1,0.45829969445047225,0,1.14,0.1744
12,10,0,0,2,5493,0.7267857511298984,2,0.1646689650048288,1,1.18,0.2298
5,2,0,0,3,2435,1.3982491724137487,0,0.22044846179424804,1,1.11,0.1411
20,20,1,1,0,2367,0.31681994618065307,0,0.5874339518150431,0,1.54,0.6698
10,9,0,0,1,1915,0.1384417022082079,2,0.3152935607350645,0,1.29,0.3643
5,1,0,0,1,4776,0.693889540866705,4,0.2598325528132221,0,1.1,0.1298
20,17,1,2,0,9333,0.7766604898062635,1,0.2639737168203631,1,1.33,0.4083
20,7,1,13,2,4865,0.10582050655279701,1,0.6058016533764202,0,1.3,0.3747
12,9,0,0,3,1141,0.44086111931153243,0,0.25185450643198987,1,1.22,0.2714
15,12,0,0,1,3423,0.53621638403722,3,0.2846147273781041,0,1.21,0.2578
10,7,0,0,1,1264,0.8794383303684641,1,0.4346382019808088,1,1.24,0.3062
12,1,0,0,10,2812,0.5159577410302669,1,0.12226808652444493,0,1.08,0.1018
12,4,1,9,8,4335,0.1672606563104363,0,0.6433921947143495,1,1.24,0.2997
20,17,0,0,0,7526,1.1521140278332225,2,0.042598466904807564,0,1.13,0.1647
10,2,1,3,1,9286,1.2760180260125669,1,0.6826962177611613,0,1.13,0.1667
12,11,0,0,1,1092,1.2897107288175294,2,0.29613883123672097,0,1.23,0.2915
5,3,1,1,0,2313,0.533361219352487,1,0.2260356404032118,1,1.35,0.4374
10,7,0,0,0,641,1.002046375889778,2,0.4065895643683159,1,1.22,0.2746
15,3,0,0,5,2255,1.0341027924556017,1,0.38078889540002514,0,1.08,0.1
5,2,0,0,2,4616,0.9479684795222187,1,0.08741022893121081,1,1.14,0.1763
15,6,0,0,6,2413,1.3596111435395117,1,0.2150140876582945,0,1.09,0.1143
10,10,0,0,0,2111,1.3464730880404965,0,0.24693270538314044,0,1.27,0.3381
12,4,0,0,6,343,0.18578790969951742,0,0.38605854889105695,0,1.21,0.2572
12,6,0,0,3,7993,1.2966474092335531,1,0.28483829328735055,0,1.04,0.0512
5,3,1,2,1,3600,0.7152850348275086,2,0.7780453744787893,0,1.33,0.4174
15,15,1,1,0,6071,1.3804338135185088,4,0.2784383952935312,0,1.35,0.4412
12,12,0,0,0,2720,0.863446335137576,1,0.4823487802221019,1,1.27,0.3348
10,4,1,1,3,9698,0.6593537413703066,1,0.3179411470882093,0,1.11,0.1434
15,4,0,0,1,2755,0.46189430603731374,3,0.1491044348066876,0,1.15,0.1844
5,3,0,0,1,5478,0.30270612386315837,1,0.1415790814529288,0,1.21,0.2622
5,2,0,0,3,9041,0.7707564401743687,0,0.17631041718194668,0,1.05,0.0614
20,17,1,1,3,3936,0.9814310038565175,1,0.5539031573091643,1,1.31,0.392
20,5,0,0,12,3842,1.0091830408715015,0,0.30769619234303663,0,1.08,0.1045
20,9,0,0,3,1343,0.06901379674459035,2,0.41111495273296267,0,1.18,0.22
20,1,0,0,0,2617,0.7831521122507763,0,0.3643057208363651,0,1.18,0.2191
15,12,0,0,1,9743,1.1030851508036088,0,0.3083766635258575,0,1.16,0.1985
15,9,0,0,6,745,1.3960647451285713,0,0.2083201428526602,0,1.16,0.1955
5,3,0,0,2,2486,1.4030414361431787,2,0.06379037218108241,0,1.16,0.2045
10,7,0,0,1,3875,0.6353447358743213,0,0.32390627921689913,0,1.25,0.3093
12,1,0,0,6,5962,0.3995957309650349,1,0.018519053997187063,0,1.05,0.0579
5,1,0,0,2,6897,1.0629406530784689,1,0.19287384797020007,0,1.09,0.1153
5,2,1,1,0,818,0.7177759519012421,1,0.1866232624990925,0,1.29,0.3602
15,6,0,0,6,4340,0.858837258372782,2,0.2674970722481101,1,1.06,0.0771
15,12,1,2,1,9563,0.39373937775723306,2,0.7246560627793033,0,1.35,0.4338
5,4,0,0,0,4455,0.879652805305499,0,0.10528303292430252,1,1.22,0.2736
15,12,1,2,1,1198,0.18273690886574606,1,0.6351816192615177,0,1.48,0.5999
15,7,1,6,7,3087,1.1132490406501898,1,0.1389383925863946,0,1.18,0.2201
12,10,1,3,2,6073,0.4568792161321109,4,0.13569178506020516,0,1.34,0.4191
12,3,1,7,2,7673,1.2456228612823896,2,0.689718698803835,0,1.15,0.1842
10,6,1,5,2,441,0.7770720220538682,3,0.700245515763219,1,1.34,0.4257
20,8,1,13,5,8261,0.2551390475230302,1,0.1852539292122645,0,1.16,0.1947
20,12,1,3,0,2683,1.0684848163894385,2,0.24769914125328785,0,1.29,0.3602
15,15,0,0,0,6162,1.1755594876748496,1,0.026970144203228408,0,1.19,0.2331
20,6,0,0,12,63,0.7236928997438842,2,0.08652379680745276,1,1.1,0.1253
20,2,0,0,18,6576,1.08848333698046,1,0.09321022287927933,1,1.02,0.02
20,17,0,0,0,1807,0.5017246362202066,3,0.38793028768969834,0,1.24,0.3013
20,4,1,15,1,6989,1.2655287618903905,0,0.13027690502610725,1,1.15,0.1836
12,1,1,11,8,1831,0.8618145180753414,1,0.8438514738354295,0,1.13,0.1597
12,12,1,1,0,6343,0.8230022099914982,1,0.9254577351226321,1,1.45,0.5599
10,4,1,5,2,2372,0.222904671717216,2,0.382525413048453,0,1.3,0.3754
10,9,1,2,0,7824,1.0939197507616552,4,0.5004567379624755,1,1.31,0.3937
20,1,0,0,18,6305,1.1317368707752535,0,0.3960525913298053,0,1.04,0.0446
20,7,1,9,6,1152,0.3525365639263165,2,0.47218576996046446,0,1.21,0.2684
15,4,0,0,9,2860,0.0501709648985868,2,0.287986125485082,0,1.13,0.1618
10,5,0,0,2,6339,1.125222052755247,3,0.44574181614132175,0,1.11,0.1356
5,3,0,0,1,8651,0.2887588997195062,1,0.07517196683331356,1,1.17,0.2107
12,7,0,0,5,8585,0.0045016573999484555,3,0.05113689938210836,0,1.07,0.0824
5,3,0,0,1,2420,0.5212044620678735,3,0.33994971326232437,1,1.2,0.2488
20,10,1,7,8,6460,1.1532462153715537,0,0.30286239069426324,0,1.18,0.2223
5,5,0,0,0,9032,1.3723320323718369,4,0.056183626676805765,0,1.11,0.139
12,9,1,1,0,2813,0.29651015732384267,2,0.10008781260573418,0,1.38,0.4753
20,13,1,2,2,2312,0.7399413380923205,0,0.6530280883999984,1,1.4,0.4971
10,8,1,3,0,4817,0.6325140042957764,4,0.2802335070792731,1,1.34,0.4189
10,4,0,0,1,5429,1.2231349395716267,1,0.379716372837922,0,1.15,0.1823
12,8,0,0,2,4944,0.8816529644522519,2,0.46438091911247326,0,1.18,0.2215
20,2,1,12,17,2146,1.3084572202894909,0,0.3521859323516351,1,1.11,0.135
12,10,0,0,0,9854,0.4448059094790246,2,0.4574043296267421,0,1.17,0.216
12,5,1,4,2,4493,0.5478560130761332,0,0.9106783978619599,0,1.33,0.4132
12,11,0,0,1,1408,1.2031569537913749,3,0.07227329498915885,0,1.19,0.2422
12,5,0,0,5,8997,0.4227894116677904,3,0.4633652625592001,0,1.03,0.0423
20,3,0,0,17,9975,0.7508433202768573,0,0.196757531324444,0,1.02,0.02
10,10,0,0,0,547,0.6672095154172628,1,0.3338989869634749,0,1.3,0.3751
20,12,0,0,8,5924,0.5960363171783685,1,0.355016682902565,0,1.11,0.1433
5,1,0,0,2,2821,0.2007021022521206,1,0.4387991470707235,1,1.22,0.2761
20,2,0,0,11,308,0.5310445818928866,0,0.2424742198711134,0,1.14,0.1767
12,9,0,0,1,3577,1.2631893742629425,1,0.059340250264342476,0,1.19,0.2369
20,19,1,2,0,8250,0.5230121572613997,3,0.5074479644416913,0,1.36,0.455
15,8,0,0,7,2748,1.2375359295767745,1,0.3377668215242355,1,1.11,0.1391
5,4,0,0,0,8438,0.6862207982231494,0,0.26192014845887,0,1.2,0.2458
15,5,0,0,9,2292,0.879506434971932,0,0.13762165498384799,0,1.11,0.1387
5,4,0,0,0,8459,1.474914132776586,2,0.20573303312542612,0,1.12,0.1562
10,6,1,4,0,3887,1.3646450774941297,1,0.3533216235562362,1,1.3,0.3773
20,2,1,8,1,4625,0.09437617869711384,3,0.17734962405558663,0,1.16,0.1944
12,5,1,7,5,8120,1.2157952234352156,0,0.9580811889939421,0,1.17,0.2173
5,2,1,4,0,3705,0.09036074528575555,0,0.3043356128231731,1,1.33,0.4157
12,10,0,0,1,1914,0.05703900980900645,3,0.4245007755376597,0,1.28,0.3445
12,5,0,0,5,5036,1.070225817391936,1,0.09215981781935534,0,1.05,0.0677
15,12,0,0,3,8678,0.06319202944094643,2,0.3580023139898892,0,1.13,0.1588
12,8,0,0,2,111,0.041332833421149184,5,0.24033958429275026,0,1.27,0.3334
10,6,0,0,3,8360,1.1058048771393796,0,0.030097020150645915,0,1.05,0.067
15,3,0,0,1,2002,1.2871026672994734,0,0.43132547093921525,1,1.19,0.2345
20,15,1,4,3,9418,0.1286517070251742,1,0.8669350752509438,1,1.3,0.3811
20,17,0,0,3,3911,0.16762077564373074,0,0.339244971721006,1,1.22,0.2792
12,10,0,0,1,3475,0.7549150798293947,1,0.447201861302201,0,1.25,0.3065
20,11,1,7,4,9939,0.8671662908140132,2,0.22777135587793415,0,1.11,0.1436
10,4,1,2,1,2353,0.08495788513600777,0,0.9173553232031079,0,1.39,0.4856
10,6,0,0,3,4330,0.7255068884984859,4,0.3087633065110733,1,1.08,0.0972
20,13,1,4,3,8679,0.5003305112606071,1,0.6577820206519799,0,1.24,0.2992
20,6,1,7,12,5891,0.7545686018291935,0,0.7616345148377952,0,1.17,0.2141
15,12,1,2,3,9107,1.2643306754137769,0,0.21611135425082326,0,1.23,0.2927
20,15,0,0,1,790,0.9507680368003761,1,0.142425868082029,0,1.23,0.2903
12,2,0,0,1,4266,1.34193928347656,0,0.3082787384203972,0,1.15,0.1857
15,6,0,0,6,7346,1.475809476817216,0,0.28889315161533835,0,1.06,0.0729
15,12,1,1,0,3703,0.32065161730472114,0,0.9580493188021166,0,1.48,0.601
20,20,0,0,0,2533,0.22070127021688885,2,0.09474852921990712,1,1.28,0.3442
5,4,1,1,1,7893,0.4241710753163993,4,0.8150235820624052,0,1.35,0.4364
10,1,0,0,7,3522,0.8337544000390729,1,0.3021952561054555,0,1.06,0.0763
5,2,0,0,0,7097,0.4108217603245753,0,0.09934708680567261,1,1.18,0.2204
15,7,1,5,8,3049,1.3207991663850986,4,0.19593393265379738,0,1.14,0.1719
10,3,0,0,4,4589,1.3893414857959574,2,0.34364630821426945,0,1.04,0.0503
20,15,0,0,4,4671,1.339666684841247,2,0.28844771052124446,0,1.09,0.1122
20,18,1,2,0,1067,1.262352385567776,2,0.43187875370281537,1,1.41,0.5162
15,6,0,0,6,7534,1.4062762702528508,1,0.0009976140032422753,0,1.02,0.0204
15,6,1,5,4,8996,1.3154211329094996,0,0.26039657698285734,0,1.11,0.1419
5,4,0,0,1,2038,1.2935557571180705,1,0.09464551749290057,0,1.22,0.2703
5,4,0,0,0,82,1.3371275148789399,4,0.30408305675173974,1,1.21,0.2631
20,12,0,0,0,427,1.1161956545529663,3,0.4485251092732322,0,1.19,0.2395
12,3,0,0,0,9721,1.1746650762899222,1,0.46499501214899075,0,1.08,0.1022
15,12,0,0,3,9907,1.346277308616915,2,0.2592849905811791,0,1.03,0.0388
15,14,0,0,0,6956,1.105511277092527,3,0.12986796918723986,0,1.13,0.166
15,4,0,0,0,9056,0.8721534441968316,0,0.16613756656367973,0,1.1,0.1302
12,4,0,0,6,9006,1.053741537741281,0,0.39624851627831575,0,1.04,0.0466
15,3,1,7,4,5430,0.08398432292187491,2,0.9874471502560843,0,1.17,0.2138
10,5,0,0,3,3831,0.7163780873101488,2,0.26422443367303783,0,1.09,0.1137
15,12,1,4,1,5429,0.6126195662554286,1,0.6643864999186486,1,1.4,0.4958
15,15,0,0,0,3321,1.0641090612608337,1,0.3762381961061659,0,1.24,0.3036
10,3,1,7,1,21,0.6601343335707439,1,0.45919068150271536,1,1.29,0.3607
12,12,0,0,0,156,0.7080138413589541,2,0.13621254447671277,0,1.27,0.3344
20,19,0,0,0,2155,0.6461769781840409,3,0.1349592494564133,1,1.22,0.2764
12,8,0,0,2,1586,0.9527951526511571,1,0.41764987742484644,0,1.23,0.2877
12,2,1,7,7,7888,0.7344991510680853,2,0.3225580131227028,0,1.04,0.0457
10,9,0,0,0,2484,1.350649841162115,4,0.4410008961073386,0,1.2,0.253
15,13,0,0,0,9907,1.4030535242033932,3,0.3593544965320916,0,1.1,0.1301
12,6,1,5,2,1063,0.38205537352507696,1,0.5907737551582065,1,1.37,0.4614
20,7,0,0,8,8152,0.29938701408695145,1,0.05945133020941051,0,1.06,0.0784
20,16,0,0,0,8975,0.22608585905346634,1,0.3158560513375862,0,1.21,0.2614
20,6,1,9,12,9975,0.6690578174599484,0,0.17709989173690233,0,1.09,0.1146
20,10,1,4,4,4677,1.0604973074411037,2,0.3979465242286956,1,1.16,0.2033
15,7,1,8,8,7868,0.8736985959763159,1,0.368715472037231,0,1.14,0.1794
15,3,0,0,10,8304,0.6962322795078136,4,0.20948096226416135,0,1.02,0.02
10,8,0,0,0,3730,0.3736262785999234,1,0.05408964875351746,0,1.24,0.3043
5,2,1,1,2,1818,0.03247955773730499,0,0.26207143854707027,0,1.36,0.4464
15,1,1,8,12,4442,1.297828760283093,1,0.7460205710133646,0,1.07,0.0924
15,12,1,3,0,6815,0.6174143675780575,3,0.11130281184422036,1,1.3,0.3769
10,10,0,0,0,3587,0.3820385733706039,1,0.2324606111975961,0,1.28,0.3499
10,3,1,4,5,6109,0.5636108241521367,2,0.7642894395769984,0,1.14,0.1768
15,7,0,0,1,5009,0.3330072528787159,1,0.19970449987306121,0,1.2,0.2509
20,3,0,0,12,3476,0.293794507238274,2,0.12607698105005632,0,1.08,0.0977
12,4,0,0,1,8696,0.024159669236011372,1,0.4484904188277893,0,1.18,0.2264
10,2,1,1,4,4158,0.8852213715192754,0,0.9345995567455252,0,1.16,0.2019
20,10,0,0,10,8807,0.19117518147262086,1,0.35476034550191465,0,1.1,0.1255
5,4,0,0,1,583,0.31541030043954604,1,0.30634155152737436,0,1.3,0.3776
12,7,0,0,5,1968,0.253842288507466,1,0.30181226067530814,0,1.18,0.2301
15,13,1,3,1,3256,0.3624935353868419,1,0.2833896335787999,1,1.44,0.5489
15,5,1,7,6,4523,0.566319081913691,0,0.17467803495134004,0,1.18,0.2195
10,5,0,0,3,2044,1.1639233315587516,1,0.4592347000506788,0,1.12,0.1544
12,10,0,0,2,1575,0.1964681946546311,1,0.22584648286449066,1,1.3,0.3731
5,2,0,0,1,6658,0.20478960061694557,1,0.15549604857020488,1,1.18,0.2254
10,8,1,1,1,2384,0.909071923911025,1,0.7734702505477584,1,1.42,0.5205
20,1,1,10,0,7716,1.3004019809186982,0,0.44622466574191166,0,1.11,0.1395
10,7,0,0,1,7868,0.6906367337434393,3,0.39324091642457054,0,1.14,0.1694
12,1,1,2,8,3371,0.41420533151119354,2,0.6474912587608597,0,1.11,0.139
15,4,0,0,2,1928,0.15639383930159317,1,0.03650915219856471,0,1.22,0.2717
12,3,0,0,9,8809,1.1023012004536996,0,0.4362668245910835,0,1.03,0.0403
20,19,1,2,1,2485,0.5106608492148902,1,0.8529136863456974,0,1.5,0.6237
15,7,0,0,7,7580,1.1244929751875623,2,0.41413819708933136,0,1.03,0.0361
15,9,1,1,6,5830,1.333507269106644,0,0.5052768872250051,0,1.23,0.287
15,7,0,0,2,5621,0.0042643310757754516,3,0.4056731507888515,0,1.19,0.2377
12,2,0,0,8,7707,0.6184038889505996,1,0.17091368237201227,1,1.03,0.0346
5,2,0,0,0,2673,0.9255768716816271,3,0.4567763557749017,0,1.15,0.1839
5,5,0,0,0,4188,0.7298708425356762,2,0.4360268269154127,1,1.24,0.2957
12,5,0,0,3,9371,0.6252897302639758,3,0.2432167292939469,0,1.02,0.02
5,3,0,0,2,8806,1.4882799053685623,2,0.0973482212393238,0,1.09,0.1124
10,6,0,0,3,7252,0.09683842523535857,2,0.4031524902915968,0,1.12,0.1505
20,15,0,0,1,3973,0.23098063665263335,2,0.18658684591547792,0,1.23,0.2914
5,1,0,0,3,6066,0.9367032157619455,1,0.13114233807655745,0,1.02,0.0292
10,3,0,0,4,2026,0.5496173905743638,2,0.23369100029166934,0,1.1,0.125
20,1,0,0,11,3451,0.4467071694985611,3,0.32199171168524426,0,1.05,0.0568
10,8,0,0,2,4216,0.5909520689717151,0,0.20181256425556066,0,1.25,0.3138
5,2,1,4,2,4864,0.5903038164292755,3,0.5668328612103588,1,1.23,0.2894
10,6,1,5,1,9584,0.26976412452185505,0,0.4014646275746928,1,1.32,0.3954
20,18,0,0,1,5675,1.0077863509136262,5,0.4428114551970803,0,1.16,0.2053
15,7,0,0,3,463,1.4008250547078922,0,0.3726415641977176,0,1.15,0.1929
5,1,1,1,4,1881,0.06465080168749676,1,0.14514088664427596,0,1.18,0.2283
12,3,0,0,8,2531,0.0269659967642894,0,0.30398302427035356,1,1.18,0.2212
10,6,0,0,2,9307,0.6832628235478875,2,0.25125012250919715,0,1.12,0.1488
15,7,1,3,5,4633,0.37397260271022925,2,0.5288891893995645,1,1.21,0.2641
12,9,1,2,1,7297,1.495199281678767,2,0.5770210646793483,1,1.3,0.3759
20,1,0,0,14,8693,1.3320065507959613,2,0.27469554148665,0,1.02,0.02
5,2,0,0,0,887,1.2004778528988755,2,0.4010904147435816,1,1.18,0.2254
20,6,0,0,14,5127,0.07012527798178336,1,0.2593533859403665,0,1.12,0.1552
10,9,0,0,0,4963,0.8406800454009817,1,0.4130056752498105,0,1.23,0.2829
10,4,0,0,2,1667,0.21870451872492214,2,0.30280513278650945,0,1.23,0.284
5,1,0,0,3,6847,0.06153197496203966,0,0.3186480881497542,0,1.12,0.1466
20,3,1,17,6,5926,0.39104603861535175,2,0.7472704128484803,0,1.11,0.137
5,1,0,0,4,9702,0.8793494837288578,1,0.17362223083114203,0,1.02,0.02
5,5,1,1,0,7559,0.9571567197030362,2,0.9389716005282521,1,1.4,0.5027
20,8,1,12,6,1562,1.3940521350034971,1,0.2292267431187408,0,1.18,0.2242
20,17,1,4,1,3140,1.4556973817143164,0,0.8993001769514297,0,1.45,0.5563
10,1,1,10,1,4131,0.3968084068324078,2,0.15998769273570063,0,1.16,0.1968
20,10,0,0,10,8634,1.0893825335088294,0,0.1385870635074123,0,1.05,0.0566
10,3,0,0,7,6967,0.1970137887525597,0,0.16410262081396593,0,1.11,0.1339
20,15,0,0,0,6819,0.09207291820029656,0,0.0464117838806955,1,1.24,0.3047
5,2,1,3,3,572,0.06204570122896069,0,0.3332488171323934,1,1.29,0.3679
15,9,1,3,4,5036,0.9781275760375672,3,0.4433280606318638,0,1.17,0.2161
5,2,0,0,1,6969,1.125511123888276,1,0.24458121894996987,0,1.12,0.1484
5,3,0,0,1,3067,0.538911617964093,4,0.03272125116252694,0,1.17,0.2127
12,7,0,0,2,8766,0.9579944281011032,1,0.08818489782489569,0,1.11,0.1406
5,5,1,1,0,8488,1.0933361587983124,1,0.4540371774840032,1,1.38,0.4723
15,11,0,0,1,7426,1.0583844950687675,2,0.3438545943206661,0,1.14,0.1728
10,5,0,0,3,1961,0.2585901663204848,1,0.41885648097998857,0,1.18,0.2266
15,1,0,0,3,7516,1.3900431244619942,2,0.4526986570324578,1,1.02,0.02
15,7,0,0,5,8652,1.4173110948915304,0,0.13068720247501403,0,1.04,0.0507
10,6,0,0,1,7089,0.5647269951656366,2,0.37330359110638645,0,1.16,0.2037
20,14,1,1,0,6905,0.9246547514993467,0,0.3657928150610701,0,1.32,0.4062
12,10,0,0,1,7605,1.3561949757374834,1,0.0016051948010133987,0,1.15,0.1844
10,1,0,0,9,4140,0.7974076974755988,1,0.3956825021685724,0,1.06,0.0781
15,5,0,0,0,8518,1.1186756177942825,0,0.15045961099960237,0,1.11,0.1343
12,3,1,10,3,9857,0.20277315313008915,1,0.799423447396363,0,1.13,0.1667
20,11,0,0,7,3544,1.1883484084055864,3,0.15438164725742293,0,1.05,0.0617
5,4,1,2,0,6311,0.3538225535157097,0,0.46205944854755154,1,1.42,0.5189
20,7,0,0,6,2303,1.2094861102327938,1,0.10987655943039315,0,1.08,0.1001
20,5,0,0,15,7915,0.8278355857671298,1,0.2036888665266232,0,1.02,0.0256
10,5,0,0,4,6223,1.0510338088293327,1,0.44777486403620254,0,1.07,0.0908
10,2,1,6,7,3074,0.9037043579210782,2,0.8835542569027923,0,1.13,0.1589
10,8,0,0,0,6448,0.644360026556871,2,0.2841700191630205,0,1.18,0.2282
12,4,0,0,7,3290,0.11489137746172262,0,0.15905536971641937,0,1.16,0.2019
12,5,1,7,2,9681,0.11914101665433302,2,0.5668406588915927,0,1.24,0.2974
5,3,0,0,1,2959,0.1905388457057106,3,0.14602437290002906,1,1.21,0.2582
5,4,0,0,1,8805,0.19718683817446464,1,0.15787593406951161,0,1.2,0.2542
20,8,1,1,8,9178,0.9383518168604634,2,0.9615580281224975,0,1.12,0.1481
20,16,0,0,2,7385,0.5826614187793115,3,0.2524617084068251,0,1.15,0.1912
12,5,0,0,2,8820,0.7067633852230892,1,0.28383394218232644,1,1.12,0.1556
15,13,0,0,0,600,0.3499523306118491,0,0.3462751184043989,0,1.33,0.4137
20,7,0,0,6,5248,0.49633041009054835,1,0.37196029073482056,0,1.1,0.1272
10,8,0,0,2,953,0.052149413167857706,1,0.03348868709554759,1,1.3,0.3765
15,7,0,0,4,4444,1.4614856243723382,6,0.022732593938601164,0,1.02,0.0252
5,1,0,0,1,8756,1.2915814068828817,0,0.3646881241597719,0,1.1,0.1278
20,14,0,0,0,4077,0.6523001857097313,3,0.30915771545060716,0,1.18,0.2233
10,5,0,0,0,4037,0.29627330992995193,1,0.32065572955164096,0,1.23,0.2838
15,9,0,0,3,6261,0.5852489167131112,1,0.0472186673961531,0,1.09,0.1147
10,1,0,0,0,2052,0.7715643459485289,6,0.17887399652092806,0,1.11,0.1414
5,3,0,0,1,2319,0.8525273925390313,0,0.1010230623979505,1,1.22,0.278
10,8,0,0,2,7869,1.3930116095911222,0,0.31549243260373266,0,1.18,0.2272
5,5,0,0,0,4326,1.2373767641622915,2,0.2979051423650471,0,1.2,0.2556
12,11,0,0,1,3566,0.17781756161081913,1,0.28623467712085704,1,1.29,0.3625
5,2,0,0,3,9186,0.3758871962981578,2,0.26059963970582917,0,1.04,0.0521
12,9,1,2,1,2659,1.0957491154168064,4,0.5440814569587619,0,1.33,0.4161
15,9,1,3,1,5251,0.28021330604942124,1,0.13606839715854455,0,1.33,0.4114
20,11,0,0,9,9536,0.5125031723557352,4,0.20920232987322507,0,1.02,0.0249
5,1,0,0,3,2588,0.0511445354274927,1,0.30332044261282864,0,1.15,0.1837
15,5,0,0,4,7737,0.8046678080273029,3,0.22771663302526274,0,1.02,0.02
20,15,1,3,1,1752,1.4474844662613593,2,0.3263492233506149,1,1.35,0.439
10,6,1,3,3,3993,1.444695318700182,1,0.5913142388505614,0,1.24,0.2947
20,10,0,0,10,2613,0.7656522954463479,0,0.06800373019812161,0,1.13,0.1647
20,14,1,1,6,5737,0.055542683116082625,1,0.9273197534521023,0,1.34,0.4289
15,2,1,4,8,2886,0.5461057062973986,3,0.5893006074024905,0,1.1,0.1212
15,12,0,0,1,1650,0.7843264374730913,2,0.3006039828023788,1,1.23,0.2875
20,11,0,0,1,1467,0.6350257406204991,2,0.150970818468727,0,1.2,0.2557
10,7,1,4,2,714,0.3281988166292761,2,0.5946908684311564,1,1.42,0.5237
20,18,0,0,0,7954,1.3819859110558943,2,0.03926927767509569,0,1.13,0.1655
15,13,0,0,1,7770,1.4933733974332013,2,0.4015930790680161,0,1.15,0.1922
10,6,1,5,4,1615,0.6176201628823619,0,0.5151281397127998,0,1.31,0.3892
12,7,0,0,5,3534,1.1193694186856522,2,0.04383060821327889,0,1.07,0.0847
12,4,1,6,5,8627,0.06433153051099255,3,0.2645833917111714,0,1.11,0.1353
5,2,0,0,0,17,0.03329719354579913,0,0.3033708257781725,1,1.3,0.3807
5,1,0,0,3,5371,0.0728473384004304,1,0.41528367070822236,0,1.12,0.1487
15,11,1,5,1,5526,1.147448537795585,0,0.2003096069343065,1,1.34,0.4191
5,1,0,0,2,767,1.4752462663041792,1,0.3026775257404148,0,1.17,0.216
15,11,1,3,2,6646,1.0426126181323179,6,0.4888424385535426,0,1.28,0.3454
20,16,0,0,0,4123,1.3225598115027823,0,0.11349415180439903,0,1.21,0.2672
15,10,0,0,4,2155,0.450040712389128,4,0.171945125461003,1,1.13,0.1564
5,4,1,2,0,2479,0.9027062075498293,3,0.5331488045663164,0,1.36,0.4472
20,5,1,6,15,8412,1.4547350067795066,0,0.7994242967212318,0,1.11,0.1353
12,2,0,0,6,6039,0.7658341481720319,1,0.3224927684201911,0,1.05,0.057
20,10,1,11,8,1258,0.46613721837469513,1,0.9257482868338494,0,1.3,0.3769
20,6,1,9,12,1913,0.8426522233623024,0,0.952256627656828,0,1.22,0.2802
15,4,0,0,4,5765,0.8404284329491587,1,0.4721919877472329,0,1.06,0.0806
10,3,1,3,2,5879,1.1765660251932744,2,0.9954603493924508,1,1.2,0.2551
5,1,0,0,4,8052,0.07652202438202671,3,0.17603058478267675,0,1.03,0.0357
15,8,0,0,5,7889,1.1729454749571155,1,0.31417700893513106,0,1.05,0.0601
5,1,0,0,3,7200,1.0425148346326698,1,0.19959099509365724,0,1.02,0.02
5,1,0,0,3,7772,0.3116418273388658,3,0.324420002222367,0,1.02,0.0282
5,2,1,4,2,6520,1.234735842109104,2,0.9910072060812082,0,1.23,0.2841
20,12,0,0,8,8021,1.4753580026580293,1,0.2562342067942389,0,1.05,0.0635
20,10,0,0,3,1009,0.03456840584106646,1,0.10690242944771089,0,1.19,0.2383
20,7,0,0,0,5138,0.32255293005711555,1,0.22007280395270662,1,1.19,0.2341
15,5,0,0,3,3949,0.9970425990442646,2,0.16243594053338345,0,1.04,0.0507
20,5,0,0,11,9953,0.2682437582891381,0,0.2121854058808333,0,1.06,0.0784
20,20,0,0,0,6865,0.8912540345286346,1,0.3265243708801121,1,1.21,0.2574
10,4,0,0,5,6566,0.336603623387396,1,0.25159896862750036,0,1.1,0.1213
12,3,1,3,9,2305,1.0508198383473075,1,0.5596464501215783,0,1.14,0.181
10,10,0,0,0,2199,0.22533588913996788,1,0.19714135700578306,0,1.31,0.3836
20,2,0,0,14,9148,0.6516045639548649,0,0.21018640454364101,0,1.02,0.0294
5,4,0,0,1,6519,0.6499999909817122,0,0.39661321843451847,0,1.23,0.2889
20,7,1,6,2,2421,0.0377407348293633,3,0.8869606474206537,0,1.31,0.3874
10,2,0,0,6,7495,0.522164386747386,1,0.419103163294634,0,1.06,0.0722
12,10,1,1,1,6684,0.8004097020130104,1,0.9024894160662359,0,1.39,0.4902
12,11,0,0,1,2861,0.6909598732007761,0,0.09144624242868238,1,1.27,0.3328
20,20,0,0,0,5991,0.31639360227840513,2,0.15256444584222445,0,1.23,0.2874
12,1,1,8,0,7586,1.4889510449817023,2,0.5862580339373411,0,1.09,0.1123
15,6,0,0,3,2153,0.36720752022721964,3,0.11419251836343103,0,1.1,0.1201
20,19,1,1,1,5614,0.09961757242260239,1,0.4019909838755167,0,1.47,0.5818
12,7,1,4,3,4596,0.3539454389398949,3,0.28368251086659485,1,1.21,0.2659
10,5,1,1,5,6333,0.9261691983230438,0,0.16493101620972017,0,1.18,0.2206
15,6,1,6,8,759,0.015144014742806466,0,0.1520719439081065,0,1.28,0.3553
20,7,1,7,5,8052,0.4562620448166348,2,0.4769846553012066,0,1.12,0.1549
20,13,1,1,5,5928,0.6685015964272305,0,0.7551165729885838,1,1.29,0.3581
15,6,1,8,4,7905,1.4836974094644455,4,0.2733522008256426,0,1.06,0.0793
20,20,0,0,0,4103,0.3879557518021405,3,0.029382387162640466,0,1.22,0.272
10,9,0,0,1,7140,1.330113110317641,0,0.20029746355607136,0,1.2,0.2439
5,4,0,0,1,3314,0.8996988681641904,2,0.47490104562403856,1,1.21,0.265
5,4,1,1,0,6967,1.4168678943950896,1,0.71262368249643,1,1.35,0.4378
15,5,0,0,4,939,1.0171091723425676,1,0.44112190028447296,0,1.12,0.1445
12,3,1,4,1,4102,1.1727492246382534,1,0.6592468588856893,0,1.21,0.262
5,4,0,0,0,9446,0.6342073232115297,5,0.10271696749037246,1,1.11,0.1431
15,15,0,0,0,1488,0.04230931969961671,4,0.26554290820264687,1,1.29,0.3647
15,12,0,0,3,1013,1.1593920368104493,1,0.20254205836137001,1,1.16,0.1943
15,14,1,1,1,8655,1.316803119120312,2,0.15644430775912366,0,1.31,0.3934
12,9,0,0,3,8785,0.43046223813194623,0,0.33765579589287287,0,1.13,0.1647
20,6,0,0,14,9240,0.7877947198288919,0,0.42522533678681473,0,1.05,0.0616
20,7,1,14,0,6067,0.0637101374208629,1,0.20336063698574902,1,1.26,0.3287
12,6,1,1,2,6978,0.36615844544439596,2,0.2863628620665192,0,1.26,0.3233
10,2,0,0,7,9409,0.7580336647952073,3,0.34672672684718936,0,1.02,0.02
15,12,0,0,1,7184,0.6302117283197624,4,0.24656838422291438,0,1.15,0.1889
15,9,0,0,6,5262,1.4758917435963914,3,0.15710203873210027,0,1.03,0.0436
15,10,1,2,1,6080,0.2883381635099984,3,0.8978314155199744,1,1.35,0.4318
10,6,1,4,3,3041,1.3106329828530277,1,0.8580094545288373,0,1.26,0.3304
15,2,0,0,2,6407,0.08961493773816687,1,0.30867674081540747,0,1.17,0.213
10,6,1,5,4,6596,0.7660969973162304,1,0.16885588574758673,1,1.2,0.2453
12,9,1,4,1,9352,0.26121679243716983,0,0.31565562186901586,1,1.36,0.4514
15,2,1,1,2,3118,0.0069203039773809705,0,0.17539227993479284,0,1.25,0.3186
12,7,1,1,0,7063,0.1331989527149936,2,0.7187399757948768,1,1.33,0.4124
10,7,0,0,3,5085,0.30574867130710975,0,0.299485307345266,0,1.18,0.2221
15,5,0,0,3,8699,0.9900821116186156,1,0.20784411383831813,0,1.02,0.02
20,9,0,0,10,6591,0.09594042558078997,0,0.1390351277928757,1,1.14,0.1702
12,12,0,0,0,7221,1.2233478236159234,0,0.013714550972978634,0,1.19,0.2428
20,7,0,0,5,1470,0.18854684272943623,3,0.20054299203748666,1,1.12,0.1476
15,5,0,0,9,9295,0.6627894357159358,0,0.43252387944379594,1,1.06,0.0789
20,15,0,0,1,2007,1.13980266578241,1,0.06449422951282885,1,1.21,0.2609
10,6,0,0,4,2075,1.3536112211450395,1,0.4465119921897196,0,1.13,0.1679
12,8,1,3,2,5229,0.15018658627630782,1,0.3856131089378527,1,1.38,0.4707
10,4,0,0,0,5697,0.9524003104656258,3,0.44462662146743576,0,1.11,0.1349
15,1,0,0,0,2770,0.14418799372544755,4,0.07600787884707949,0,1.14,0.1801
12,5,1,2,0,4290,0.5876649383617552,0,0.9722265941451522,0,1.33,0.4172
20,20,0,0,0,7608,0.4672052327599805,0,0.17456100125115076,1,1.24,0.3031
10,10,0,0,0,650,0.4521828097479725,4,0.2832535320938878,0,1.27,0.3377
5,4,0,0,1,6277,1.4494893948109029,0,0.05262767262302048,1,1.18,0.2301
15,3,0,0,12,6478,0.8587716063480993,2,0.23164001148809044,0,1.02,0.02
5,4,0,0,1,263,0.3543628331216698,1,0.3602810301969125,1,1.31,0.3828
20,1,0,0,9,6877,0.5294265934071611,1,0.3392194728635511,0,1.04,0.0519
10,5,1,2,0,6436,0.050935893026199275,2,0.9993418166766843,1,1.34,0.42
20,9,0,0,7,7292,1.4229106959676499,1,0.1920240989191681,0,1.04,0.0468
20,18,1,3,1,4058,0.37314474141169474,3,0.887391066451858,0,1.44,0.5438
10,8,0,0,2,3486,0.5850444623516589,0,0.2871329013634293,0,1.27,0.3322
12,8,0,0,1,2242,0.35675781140618157,2,0.20923403787262035,1,1.24,0.2941
5,2,0,0,2,8182,1.3146400351722842,2,0.020485142170756865,0,1.07,0.0856
15,7,1,9,2,3315,0.8183626347873765,0,0.8198849495224919,0,1.33,0.416
20,14,0,0,2,4864,0.3688483660202482,1,0.418095365362276,0,1.24,0.3019
12,8,0,0,3,1974,0.8934325167461569,3,0.40459035335069193,0,1.11,0.1334
12,8,1,1,2,1093,0.5711907840933941,1,0.22493328107516647,0,1.38,0.4778
15,12,0,0,0,7432,0.12740923712697744,4,0.03648859344304145,1,1.17,0.2187
12,5,0,0,0,6766,0.2807042097124905,0,0.2780538364612215,0,1.2,0.2552
10,2,0,0,8,3149,0.1924980758971339,1,0.430094489142069,1,1.14,0.1713
10,4,0,0,4,4975,0.7228871249216413,1,0.2569905926085344,0,1.09,0.107
20,9,1,2,1,4291,0.3467949814969235,0,0.8713491872256958,1,1.36,0.4462
12,11,1,1,0,7521,0.5861943163824624,0,0.5444619381647586,1,1.42,0.5296
10,7,1,1,1,8632,0.7555035970696149,1,0.4343761589230025,0,1.3,0.3761
20,13,0,0,3,6862,0.7978834898639687,2,0.14009417787053036,0,1.06,0.0727
10,10,1,1,0,7834,0.876394934603032,1,0.7954768778124625,0,1.42,0.5218
15,10,1,4,0,3036,0.14172816061061877,1,0.823284909363299,1,1.43,0.5395
10,6,0,0,1,4737,1.4418817781509723,0,0.0865498289526524,0,1.18,0.2259
12,11,1,1,0,9321,1.3028203838423031,1,0.40941664164277447,1,1.34,0.4238
5,2,1,4,2,6546,1.1487583318364634,1,0.683702213020337,1,1.23,0.2858
5,4,0,0,1,7141,0.735074737391118,1,0.4085540563383855,0,1.2,0.2454
20,10,1,10,6,702,1.3165317742182876,3,0.9621962389506049,0,1.23,0.2814
20,14,1,2,3,6653,0.248404499719851,1,0.5825504488223043,1,1.29,0.3683
5,3,1,1,0,8612,1.3399036731265475,2,0.8759877145866458,0,1.26,0.3216
20,8,0,0,9,8447,1.4587625605745669,3,0.233465294971552,0,1.02,0.02
20,15,1,2,1,6635,0.09765038613343996,2,0.6122438355261711,0,1.38,0.4789
15,1,0,0,13,6833,0.8362308412894832,0,0.19676547299471714,0,1.03,0.0396
5,4,0,0,0,4486,0.0176378987291948,3,0.47677607159250157,0,1.25,0.3091
5,3,0,0,0,4873,0.6893286706631194,4,0.12372542466181169,1,1.14,0.1779
20,7,0,0,6,7554,1.450907433516265,3,0.18856347142592633,1,1.02,0.02
12,12,0,0,0,9355,0.9491704649876932,1,0.3324302454566899,0,1.17,0.2147
20,5,0,0,5,3639,0.8028194966759948,2,0.007952838154116681,0,1.04,0.0499
12,3,0,0,9,592,0.7454964653004397,0,0.37370573416356323,1,1.15,0.184
15,2,1,11,0,5905,1.0840022039431092,3,0.7398425907567543,0,1.11,0.1426
5,1,1,4,1,7797,1.1532474800040873,1,0.9973156790183951,1,1.17,0.2142
5,4,0,0,1,1798,0.42388821644228786,2,0.33274037336317674,0,1.26,0.3239
15,14,0,0,0,6837,0.005041282772893951,1,0.1648389476926687,0,1.26,0.3235
20,14,0,0,6,5877,0.024728703080003245,0,0.08792384226380995,1,1.18,0.2214
5,2,1,3,3,6719,0.42264880274589123,1,0.3730949625972444,0,1.17,0.2161
15,11,1,3,1,8785,0.5993418948434774,1,0.10906466990010172,0,1.3,0.3763
20,10,1,4,9,3021,1.106746026384105,2,0.6473040200201426,0,1.2,0.2481
20,6,1,5,9,4397,1.192644093555404,1,0.5185579905216807,0,1.13,0.1659
15,10,1,5,0,5666,0.46796029632472474,1,0.2329076067484398,1,1.34,0.4202
10,9,0,0,0,6959,0.5699433703008735,0,0.040225341926725555,0,1.22,0.2768
12,4,1,7,4,2539,0.757577444765339,2,0.6306851151100138,0,1.17,0.2133
15,9,0,0,1,4531,1.3169572449691413,1,0.05966229485643898,1,1.16,0.2001
20,2,0,0,7,8659,0.6988707907763827,3,0.47269692027321963,0,1.02,0.02
10,4,0,0,6,748,1.2990022953882006,1,0.31974633750274,1,1.12,0.1477
20,2,0,0,2,493,1.433736999924956,4,0.2464026278940452,0,1.12,0.1473
10,10,1,1,0,2729,1.002301045890128,3,0.8068989060417325,1,1.43,0.5336
12,6,1,3,6,2700,1.1815786132119999,1,0.5319365713706893,0,1.22,0.2704
5,1,0,0,2,9679,0.24138198385356519,1,0.0691433968432017,0,1.11,0.1395
20,7,0,0,12,1540,1.2209783800159835,3,0.0648149950854447,0,1.04,0.0546
5,1,1,4,4,733,0.2536099232470821,2,0.5829323537243516,0,1.19,0.2349
10,4,0,0,4,7080,0.5155971265615936,1,0.04319337088698849,0,1.06,0.079
5,2,1,2,0,1540,0.7880307598996676,0,0.12128212096316232,0,1.29,0.3638
5,1,0,0,0,802,0.01937930194993931,1,0.41434870944669794,0,1.26,0.3225
20,17,0,0,2,5749,1.3977102668900803,1,0.27193281665135477,0,1.19,0.2364
12,8,1,4,1,4928,1.0477010496174395,4,0.8894941785418654,0,1.3,0.3772
12,11,0,0,1,1038,0.6721276138538714,3,0.4779603459297615,1,1.25,0.313
15,14,1,2,1,9546,1.177866078698429,1,0.8464599347725282,0,1.37,0.4619
15,11,0,0,4,7775,1.186640796276045,2,0.3346098029076736,0,1.05,0.0668
5,2,1,3,3,279,0.17342333702505697,5,0.4046009982962072,1,1.23,0.2868
12,12,0,0,0,5257,0.38411810908318567,3,0.19015768562382168,1,1.21,0.2679
15,10,0,0,0,725,1.3227987935062782,0,0.08033880915089919,0,1.24,0.2956
20,17,0,0,0,4602,0.9988911609512714,2,0.25279750772951887,0,1.18,0.2255
12,1,0,0,2,4121,0.901224948508176,3,0.04200737634128848,1,1.07,0.0839
12,6,1,6,0,9673,1.4842289246417522,0,0.22775038772702977,0,1.21,0.2681
20,16,0,0,3,9965,0.9743332815318231,0,0.4804871072577869,0,1.09,0.1115
10,1,0,0,2,4502,0.028351090997126183,1,0.29141122775287737,0,1.19,0.2413
20,3,1,13,2,5140,0.032137723252291195,1,0.7092695644559569,0,1.25,0.3083
20,8,1,12,3,103,0.08210246856530795,1,0.7411916236958302,1,1.3,0.3789
5,2,0,0,0,5350,1.0838113299986585,0,0.21930681247340594,0,1.16,0.1973
5,1,0,0,4,4631,0.5670864427149807,5,0.13632758201546308,0,1.03,0.0347
10,4,1,4,1,649,0.4579362447473456,0,0.4888586259143767,1,1.35,0.4396
20,7,0,0,7,5423,0.04715913446182057,2,0.09195655259630753,0,1.1,0.1205
10,7,0,0,0,1563,0.4995188621565093,0,0.04052187190472589,0,1.27,0.3348
5,5,0,0,0,9124,1.2455832990461428,1,0.13183010946977686,0,1.16,0.197
5,3,1,1,0,5605,1.1416973303671691,1,0.7336630311103038,0,1.31,0.382
20,12,0,0,4,7230,0.38310966050103623,1,0.36616977601830997,0,1.12,0.1459
12,8,1,2,4,5116,1.253829150472609,1,0.9884396263845419,0,1.27,0.3357
10,7,0,0,3,8031,0.00960213278594546,2,0.48427836915233596,0,1.14,0.169
12,3,0,0,9,2668,0.7240985858863653,0,0.382861301773434,0,1.12,0.1557
10,6,0,0,1,6345,0.9324098963806231,0,0.09050595656360616,0,1.17,0.2088
12,4,0,0,3,2111,1.177472597998249,0,0.20658643262325987,0,1.11,0.1349
15,13,0,0,0,8714,0.7970211608783915,0,0.49245121808751807,0,1.21,0.259
12,3,1,3,9,8450,0.999376814047163,1,0.8201520287996319,0,1.09,0.1098
12,2,1,6,8,5501,1.4144731372814676,1,0.17519470947176924,0,1.06,0.0698
10,8,1,1,0,9508,0.6788700523526361,3,0.43494498983666074,1,1.29,0.3563
20,10,0,0,7,2818,0.04713296608341838,0,0.29574542664772446,1,1.2,0.2517
15,6,0,0,1,742,1.4458198944501945,3,0.2257173680606116,0,1.15,0.1869
10,9,0,0,1,442,0.29513092978310734,1,0.017427828660972533,0,1.3,0.3736
12,10,1,3,0,7120,0.06757696224857634,2,0.5884103145623253,1,1.4,0.5052
5,3,1,3,2,8835,0.65401249962875,1,0.9422293138952367,0,1.31,0.3848
20,16,0,0,2,8997,0.5080968906142348,3,0.08509810807164003,0,1.13,0.161
20,9,0,0,7,6797,0.0020892667787035246,2,0.16644972839900118,0,1.1,0.1253
5,4,0,0,0,8978,0.07178054257617678,1,0.028674576603617274,0,1.2,0.2538
20,5,1,14,0,7724,1.478436590721979,1,0.8566491573958698,0,1.18,0.2235
15,8,0,0,7,9953,0.7957602174061211,1,0.2370522551214045,0,1.03,0.0434
20,11,0,0,1,4350,0.22142031754648467,4,0.3206025926302906,0,1.19,0.2408
5,5,1,1,0,5523,0.6679573119683799,1,0.205702643434495,1,1.42,0.5301
12,2,1,9,9,5039,0.698169470355243,1,0.6233196563818398,0,1.11,0.1428
12,11,1,2,1,8212,0.44979639515013314,3,0.6514290523170685,1,1.37,0.4615
15,9,0,0,5,8145,0.9911723102869656,3,0.15856429254593246,0,1.02,0.02
10,6,0,0,4,5687,0.9569020585828838,3,0.4546413405818176,0,1.05,0.0654
10,6,0,0,0,1781,1.3486367662816225,0,0.20814044688849404,0,1.22,0.2799
10,6,1,1,2,6905,0.9986817285485301,1,0.7479293069534095,1,1.29,0.3637
20,2,0,0,7,3501,0.24529308208710526,4,0.4396319914426203,0,1.07,0.0931
12,10,1,3,2,9981,0.5508210865909637,3,0.23132808576650404,0,1.29,0.3587
5,3,0,0,1,8906,1.1341847549210442,1,0.02898223179140158,0,1.11,0.1321
5,2,0,0,2,9868,0.7440930783659099,1,0.2685944197829933,0,1.11,0.1324
10,8,1,2,2,5078,0.5218630102308668,0,0.30209644147842085,1,1.41,0.5078
15,9,0,0,2,491,1.4342192746966376,1,0.376247742265843,0,1.23,0.2861
12,1,0,0,3,3609,0.9387505503366891,2,0.004309363799450183,0,1.02,0.02
12,7,0,0,4,5429,0.21874077629371197,0,0.3988762250479503,0,1.17,0.2161
5,2,0,0,1,6897,0.93594358649284,1,0.22515980043768025,0,1.12,0.1543
10,5,1,4,5,6384,0.16888609654300052,0,0.2989526323368512,0,1.25,0.3063
10,5,1,4,0,2299,1.092162585516139,0,0.1921295988576608,0,1.3,0.3759
12,3,0,0,6,781,1.4016156358596121,2,0.4357309966513966,0,1.09,0.1073
12,8,0,0,1,2899,1.0861897164758276,3,0.4678446189551673,0,1.17,0.2139
15,3,1,12,6,5208,0.6415354975831631,3,0.2281123620660916,0,1.06,0.074
15,6,1,7,1,6420,1.3840183254527676,2,0.6875017799069735,0,1.21,0.2614
12,10,0,0,1,2754,1.4837556011506412,2,0.4262633348477494,0,1.21,0.2645
12,9,1,2,3,5575,0.8366965870154938,1,0.8226898664111909,0,1.29,0.3644
5,3,1,1,0,7071,1.416216577152925,2,0.1261260749842433,0,1.23,0.2847
5,2,1,1,2,2676,0.30432170307283635,1,0.7447054047510552,1,1.33,0.4183
20,5,1,1,10,4338,0.7323813264483288,1,0.25150573289412465,0,1.12,0.1526
5,2,1,2,1,3764,1.4882241340441893,4,0.9060329066512071,0,1.23,0.292
12,4,1,3,2,236,0.7481688719842776,3,0.9305632622333866,1,1.28,0.3461
20,6,1,3,11,1699,0.4259755849797209,2,0.5678275223976473,1,1.19,0.241
12,8,1,1,4,3965,1.3066703533750592,1,0.5358822386648368,0,1.25,0.3167
10,3,0,0,1,6619,0.41749278981690574,1,0.07672503655695517,0,1.15,0.1834
10,6,1,3,1,8105,0.8470184121901456,2,0.21654625623647739,0,1.23,0.2917
12,8,1,3,4,677,0.3636968864007237,3,0.15916692559529824,0,1.28,0.3462
5,5,1,1,0,199,0.5344378307924238,6,0.9576613440098886,0,1.5,0.6302
20,16,0,0,1,3901,0.8591524915821839,1,0.4903281863149298,0,1.23,0.2881
12,1,0,0,3,3942,0.8890616149505773,1,0.28305697625568227,0,1.05,0.0604
10,5,0,0,1,8661,0.5267834487796639,3,0.20998501194986186,0,1.1,0.1292
10,4,1,7,0,4722,0.6842293102143985,1,0.14567706201113,0,1.24,0.3017
10,4,0,0,4,5666,0.5516529324679633,2,0.2059854313787574,0,1.07,0.083
5,1,0,0,3,2677,0.36815653378820307,2,0.04245951795182562,0,1.08,0.1031
10,2,0,0,4,7649,0.04389819170362069,1,0.4192197115986758,0,1.09,0.1177
20,4,1,11,0,2421,1.1344753552922044,1,0.9727106935238028,0,1.23,0.2928
20,14,1,6,1,69,1.0915052319041179,2,0.1804657878851158,0,1.35,0.4331
20,13,0,0,4,1122,1.2723090352582722,1,0.021868849718961858,0,1.12,0.1558
15,3,0,0,7,7139,0.42764343460992843,1,0.11248492537302507,0,1.05,0.0625
20,13,1,1,2,3649,0.6230851958452129,1,0.2836529578886676,0,1.35,0.4325
5,2,0,0,0,5666,0.39553619285925185,0,0.4447606441418573,0,1.22,0.271
15,12,1,3,1,1192,0.9211565622304485,1,0.8192049565110044,0,1.43,0.5409
12,10,1,2,2,5570,0.7717158733135449,1,0.9308592139996035,0,1.41,0.5121
20,17,0,0,0,3498,0.2907211716877924,1,0.3651587083574712,0,1.28,0.3485
12,12,0,0,0,6942,0.40811123403512384,1,0.46420538701913816,0,1.25,0.3155
12,3,0,0,4,5268,0.7146456652523292,2,0.48672949135888094,0,1.06,0.0726
5,3,0,0,1,9857,0.9841191584535385,1,0.4463224698985543,0,1.12,0.1528
20,4,1,15,13,9738,0.10612336073794237,4,0.5691607282938514,0,1.07,0.0869
12,6,1,1,3,4783,1.4815645843739746,0,0.14605547709876057,0,1.19,0.2349
10,4,0,0,2,6337,0.16278360534014552,4,0.06402824879339886,1,1.14,0.1738
12,11,0,0,0,603,0.021748526734736817,1,0.18413402193357908,0,1.33,0.4143
15,4,0,0,10,385,1.0782220840894294,2,0.012287699470420965,1,1.07,0.0819
10,3,0,0,1,3657,0.44626986907743915,0,0.45815692111316064,1,1.23,0.2822
12,1,1,10,10,3122,1.4336681492682841,3,0.9871793171091908,0,1.07,0.0846
15,10,0,0,0,4862,0.7282549632318405,0,0.1108455671469944,0,1.21,0.2631
12,10,0,0,2,4570,0.8857639507836913,1,0.47895293249725407,1,1.22,0.2795
5,3,1,2,2,4717,0.7973762620958849,2,0.5277272375263842,1,1.3,0.3724
10,5,0,0,4,2729,1.1059829841634818,0,0.2440694613322088,0,1.12,0.1536
20,11,1,5,7,3902,1.1038435449479906,2,0.5623075563275662,0,1.2,0.2476
5,1,0,0,0,9715,1.4905328720544893,4,0.3392969435421293,0,1.03,0.0314
10,7,1,1,0,5133,0.5401430361319877,5,0.4990403208300419,0,1.32,0.4019
10,5,0,0,3,6031,0.10663342236632561,2,0.39016921922493175,1,1.12,0.1518
15,13,1,2,1,7749,0.35386026663177655,1,0.8010190564350187,0,1.42,0.5238
12,4,0,0,4,918,0.7126288628410417,0,0.04961716199574051,0,1.14,0.1689
12,10,0,0,2,9600,0.6569202159482741,2,0.16875078916376673,0,1.14,0.1755
15,12,0,0,1,680,1.2823769272208418,0,0.11578373913946355,0,1.26,0.3191
15,10,0,0,2,5370,1.3756530266067548,1,0.08103434064851495,0,1.16,0.1993
5,2,0,0,2,2951,1.108973638391294,3,0.178386857004257,0,1.12,0.15
15,15,0,0,0,9436,0.9651067940085936,1,0.2741457908484802,0,1.17,0.2072
12,10,0,0,0,2246,0.7373165758065108,0,0.17510087603531732,0,1.27,0.3316
12,4,0,0,5,3251,0.32560148570751396,1,0.48794023527410674,0,1.14,0.181
20,8,0,0,8,2513,1.2048900223563135,3,0.32084769355972687,0,1.05,0.068
5,1,1,5,2,1090,1.0200038872976516,4,0.5582416433871117,0,1.18,0.2263
10,2,1,4,0,654,0.4511518980510909,0,0.26685964096881587,1,1.28,0.3444
20,5,0,0,12,4913,0.7298209134914373,2,0.12989444775302528,0,1.04,0.0479
5,3,0,0,0,1753,1.1809654723998526,3,0.3631354977476139,0,1.17,0.2128
12,6,1,7,4,2066,1.4474647494732402,0,0.43020941473882235,1,1.24,0.2984
15,12,0,0,1,107,1.4310517330370354,1,0.43608781940313174,0,1.26,0.3266
20,17,0,0,1,5920,0.692107417248992,1,0.029698314498810996,1,1.2,0.2452
15,5,1,7,9,3490,0.6780806138638766,1,0.6594123038605729,0,1.19,0.2359
5,4,0,0,1,8826,1.0332054961057733,1,0.2814199085043682,0,1.15,0.1835
12,2,0,0,2,3185,0.8752237900642523,0,0.1886973961650214,0,1.16,0.2048
10,3,1,4,4,6750,1.4330174699695826,1,0.36213941563244534,0,1.09,0.1181
10,1,0,0,2,1841,0.4625097943945616,0,0.29774546639062477,0,1.21,0.265
5,3,1,1,1,6428,1.4933131193885976,1,0.16750208082281032,0,1.26,0.3243
12,4,1,8,1,9831,1.425734393748812,3,0.4477260044144309,0,1.11,0.1384
10,8,1,1,2,742,1.0040599339840417,2,0.9914223000854913,1,1.42,0.5269
10,3,0,0,0,9686,1.370229443594505,1,0.4276166685874615,0,1.09,0.1073
12,11,0,0,1,1286,0.733839765735023,1,0.08643774765758477,0,1.26,0.3251
15,5,0,0,3,2508,0.23237840428655587,1,0.2559048908920928,0,1.15,0.1829
5,5,0,0,0,4266,0.8611140237711901,3,0.1395185375406478,0,1.18,0.2311
10,8,0,0,0,8024,1.2671441018501024,0,0.02836379181442611,0,1.16,0.2019
20,19,0,0,0,2583,0.11602199204826269,2,0.15589217793662302,0,1.28,0.3513
15,10,0,0,2,8713,1.4591275645907151,1,0.14380717501088142,0,1.12,0.1541
15,14,0,0,1,7043,1.22376528159601,0,0.17807509283738243,1,1.2,0.2486
20,15,0,0,5,236,1.145967146510939,2,0.2591401836704962,0,1.14,0.1764
5,3,1,1,2,6059,0.4600173525660169,1,0.7708050036998788,0,1.35,0.4321
10,3,0,0,6,4150,0.964330853520358,2,0.21084867046803085,0,1.04,0.0499
20,12,1,1,1,2883,0.8268268528447098,1,0.6692557690156197,0,1.35,0.4349
20,5,1,10,4,9769,1.1809197521552115,2,0.21254180177328463,0,1.02,0.02
5,5,0,0,0,1395,0.4425977403247553,2,0.2420728252215959,1,1.28,0.3508
12,9,0,0,1,20,1.2366875942990052,0,0.2752255348700953,1,1.27,0.3342
12,1,1,6,6,8094,0.03715676344972252,3,0.5673334837724006,0,1.06,0.0728
20,19,1,1,1,85,1.2300836196807632,3,0.20080826826511916,1,1.4,0.5053
20,9,0,0,11,3035,0.6645048977232673,0,0.08924985753288156,0,1.13,0.1627
10,5,0,0,1,5909,0.7953280393008625,2,0.1269509025031072,1,1.13,0.1637
12,10,0,0,0,5521,0.47760516138355075,2,0.4827355074472218,0,1.22,0.2797
5,4,0,0,1,4780,1.2826400856763365,3,0.45848022604658895,0,1.16,0.205
12,9,0,0,3,202,0.7251261596945047,1,0.05548318374859729,0,1.17,0.2147
5,4,1,1,1,1560,0.5391744239012948,3,0.9607838140125766,1,1.43,0.5315
12,8,1,3,3,5090,1.072871421073023,1,0.531883954099249,0,1.24,0.2995
10,9,1,2,1,2293,0.3332430861577757,1,0.11181784388776825,0,1.45,0.5656
5,5,0,0,0,8455,0.4004540879081169,1,0.27861338114888723,0,1.22,0.2788
15,2,0,0,6,8479,0.079126317570483,2,0.035028246374896654,0,1.03,0.0344
20,6,0,0,6,1549,0.29827302627377467,4,0.29232352955773344,0,1.11,0.1353
20,11,1,1,6,5933,0.4372726138892608,1,0.6817040460936604,0,1.25,0.3096
15,12,0,0,3,1657,0.6224894224220299,1,0.29087644552357284,0,1.18,0.2295
12,5,0,0,4,1176,1.255018461111994,4,0.35814220847517364,0,1.07,0.0935
5,4,0,0,0,348,0.09419706112970033,3,0.46518869994957596,1,1.29,0.3626
5,5,1,1,0,9458,0.353221939479737,3,0.10823368215343353,0,1.35,0.4415
15,1,0,0,7,1470,1.120203138436302,1,0.29894390530987086,0,1.07,0.0852
5,2,0,0,1,7582,1.4072775551443415,2,0.37564016204594647,0,1.1,0.123
12,4,0,0,7,3834,1.1319532548294051,3,0.30341770214770564,0,1.03,0.0368
20,1,0,0,18,6693,0.7516748235468682,1,0.28032473392326246,0,1.02,0.0277
12,1,0,0,6,3659,1.3822027180892338,0,0.23546928925511412,0,1.06,0.0765
10,7,1,1,0,511,0.04109965729776022,3,0.6569879974714251,1,1.43,0.5338
15,4,0,0,10,5119,1.0519028691625762,1,0.254217293810137,0,1.05,0.0569
20,17,1,3,1,5613,0.7056006294667923,2,0.9225601969497759,0,1.4,0.4972
12,4,0,0,6,2703,0.7943100614502028,1,0.33091841881218836,0,1.1,0.1298
5,3,1,3,0,6485,0.9460705051816696,3,0.9651631523589409,0,1.27,0.3393
12,8,0,0,0,8723,1.316790268074434,2,0.1788982614470948,0,1.1,0.1301
12,5,0,0,1,8896,0.11425165380118357,1,0.18540055298488678,0,1.16,0.2058
5,3,0,0,2,4642,0.8167598533974263,1,0.23231792588835198,0,1.18,0.2306
15,9,1,4,3,3533,0.3845756212990007,1,0.9198914379608486,0,1.31,0.3895
15,3,0,0,6,8384,1.1987830377187507,1,0.29624613989995285,0,1.02,0.02
10,7,0,0,0,1471,1.3832033828018349,3,0.008646766371686376,0,1.16,0.2036
20,17,0,0,2,6663,0.9433263720505791,1,0.35836164169256046,0,1.19,0.2352
15,10,1,4,4,7687,0.030491850218384742,1,0.4270454119430951,0,1.28,0.3491
15,2,1,3,11,9312,0.5789428852386941,3,0.2847500079259239,0,1.02,0.02
12,8,0,0,3,9275,0.31924911416406637,2,0.06435875976725258,0,1.06,0.0808
20,9,0,0,8,8342,0.33102512736505685,2,0.3746442707856092,0,1.07,0.0859
20,12,0,0,3,6833,1.2979657862601945,0,0.27133009348003057,0,1.09,0.1092
15,3,1,11,7,2065,0.2673641221355305,1,0.33759884966849996,0,1.18,0.2206
10,10,0,0,0,2404,0.4391270535659399,1,0.2761008731266852,1,1.29,0.3654
15,3,1,13,10,27,0.8786938084324588,2,0.5112025132700317,1,1.14,0.1773
5,4,1,1,0,3551,0.7037336708564657,0,0.14051813451139378,1,1.4,0.4996
12,8,0,0,4,4573,1.0577136584228954,2,0.22744483123457682,0,1.08,0.0963
15,6,1,1,1,8714,0.49522143506473376,2,0.45764004752464615,0,1.21,0.259
15,2,0,0,3,8307,0.047617559680958876,2,0.4591333145909305,0,1.06,0.074
10,8,0,0,1,6518,1.3327463228243175,7,0.46082104294728854,0,1.14,0.1791
5,3,0,0,0,8552,1.1726669555472327,4,0.4389845753521825,0,1.09,0.1168
15,14,0,0,0,7850,0.09047424398316722,1,0.39507374856361893,0,1.25,0.3181
20,5,0,0,7,764,0.9641796319455114,1,0.48749023779071715,0,1.11,0.142
20,11,1,7,0,1252,1.0307592834330708,1,0.4210706786700821,1,1.32,0.4027
5,1,0,0,1,2843,1.4419926227499333,2,0.1965917673159212,0,1.12,0.1497
12,5,1,3,0,5261,1.006832870674994,0,0.793357811190204,1,1.28,0.3471
20,1,0,0,6,2991,1.2173684166762486,1,0.22987388532512287,0,1.04,0.0544
12,5,1,3,7,3239,0.17536059672455917,1,0.8258836197954056,0,1.27,0.3358
10,10,0,0,0,1821,0.6300983983004229,4,0.22863246261708675,1,1.24,0.298
20,1,0,0,7,7447,1.398809577185306,1,0.4289376671062147,0,1.02,0.02
12,9,1,2,2,9904,0.35819826975353025,0,0.15240149026413508,1,1.34,0.4203
12,2,1,1,9,9131,0.7589022327446275,2,0.30068350703010704,0,1.02,0.0229
5,4,0,0,0,4729,1.019803847964209,2,0.18663582494800385,0,1.17,0.2107
12,5,1,8,0,9703,0.2766289901910108,1,0.7334697210839959,1,1.26,0.3213
20,15,1,6,2,4819,1.401445348555695,3,0.8479786032379489,1,1.33,0.4081
15,3,0,0,4,7929,0.9483284523706619,2,0.4843122836505294,0,1.02,0.02
12,5,1,7,0,9876,0.5170502307618083,4,0.550190809520077,1,1.18,0.2267
20,10,0,0,8,5504,0.7498933947265354,0,0.43911941607946864,0,1.12,0.1526
10,4,0,0,1,1889,1.309998371885353,1,0.10894954759877068,0,1.17,0.2137
20,7,0,0,8,1661,0.4737899977214537,3,0.4627799019241663,0,1.11,0.1372
10,2,0,0,3,7831,0.02736241236799708,2,0.2852745423732125,0,1.06,0.0793
10,9,0,0,0,1020,0.11104256455996658,3,0.019845428674905075,0,1.26,0.3302
5,4,1,1,1,2117,0.7075342344319762,1,0.635629827734978,1,1.43,0.5337
10,3,0,0,5,1569,0.9948877720434448,1,0.0038455179886559554,0,1.08,0.0956
10,7,0,0,3,8935,1.3574599345894995,1,0.12499887363821971,0,1.04,0.0543
10,10,1,1,0,6609,0.8498914053572905,0,0.23797751036907466,1,1.42,0.5249
10,5,0,0,0,9401,1.164020817269546,0,0.39744945530723935,0,1.13,0.1658
15,13,0,0,1,4342,0.8826462776715726,2,0.20552580273706883,1,1.19,0.2397
12,4,0,0,6,6294,1.156984805898585,2,0.1608043480131191,0,1.02,0.02
10,5,0,0,2,9745,1.1156103512048337,4,0.10089639780394022,0,1.05,0.0569
15,2,0,0,10,1722,1.4920055421662703,3,0.49563480657113035,0,1.04,0.0538
10,2,1,1,4,6618,1.4266258218976553,0,0.3472065347543627,0,1.09,0.1065
15,5,0,0,5,1138,0.026608111362877607,2,0.3410465853617748,0,1.16,0.2042
12,11,1,2,0,6397,1.247532530812308,1,0.8143370494191937,0,1.4,0.5
20,14,0,0,1,817,1.3924194008796422,0,0.40246684597364807,0,1.26,0.3249
12,9,0,0,1,2520,0.3587330983958377,1,0.48626979388394537,1,1.28,0.3511
20,20,1,1,0,6454,0.869696641087371,0,0.15771623027782353,0,1.42,0.5188
5,3,1,2,1,360,0.3893479637776102,0,0.17041712543314166,1,1.4,0.5033
10,7,1,1,0,4040,1.0961630417747228,2,0.9471987895646562,0,1.35,0.4348
10,3,0,0,2,2886,1.1369550786909923,3,0.3883176609421819,0,1.12,0.1528
5,1,0,0,4,7164,1.41239303995184,4,0.14566908585668648,0,1.02,0.02
12,8,0,0,1,5615,0.3729312326804966,1,0.07159936896268199,0,1.21,0.2575
10,2,0,0,3,3980,0.22673569637065039,0,0.44537875044760206,0,1.15,0.1833
12,2,1,7,10,3195,0.4666682071494415,0,0.44332815704162265,0,1.16,0.2059
12,6,1,3,2,2939,0.317309554696097,0,0.2711320000524035,1,1.35,0.4409
10,2,0,0,8,7447,0.14218770540759101,4,0.4689644773855958,0,1.05,0.0616
5,3,1,1,0,4265,0.10623599209892337,3,0.6123554358715624,1,1.34,0.4284
5,1,0,0,0,8408,1.165319739645861,0,0.1525908371435321,0,1.09,0.1161
10,2,0,0,0,8375,0.5607445886624681,1,0.05880163894790014,0,1.1,0.1263
5,5,0,0,0,7764,0.14222666274308704,0,0.0903355640904609,1,1.26,0.3265
10,6,0,0,0,8022,1.3609446298810923,3,0.21393724185781726,0,1.09,0.1068
20,12,0,0,3,420,0.1673389823308542,3,0.2576964856966235,0,1.17,0.2076
12,3,0,0,9,2428,1.3334448570883717,1,0.02393053257917821,0,1.06,0.0763
10,9,0,0,0,4085,1.0846860462495922,1,0.03194767429967166,0,1.2,0.2496
20,14,0,0,1,9687,0.9531501204853932,0,0.48496572218783035,1,1.16,0.2032
10,7,0,0,1,1883,0.536204387703627,3,0.31745276879177853,0,1.21,0.2685
5,5,0,0,0,4873,0.5001829924083618,3,0.4715315035554612,0,1.23,0.2846
5,2,0,0,0,9729,1.3730532709347116,1,0.3622960999306431,0,1.09,0.1164
12,2,0,0,8,682,0.5825546696341638,2,0.17533196963145498,1,1.09,0.1172
20,15,0,0,1,2595,1.3903045675173726,2,0.12134073173654986,1,1.18,0.2299
10,10,0,0,0,4175,1.373945048856399,0,0.48904745413982403,0,1.26,0.3265
10,2,1,2,4,6139,0.07866217109967277,2,0.18452712644766994,0,1.11,0.1395
15,11,1,1,1,8412,1.3353288561740562,2,0.7496468371705147,0,1.29,0.3665
15,5,1,9,8,9995,0.07284784734017491,4,0.24446933700019108,0,1.09,0.1123
12,3,1,5,5,6363,0.037659959257765996,0,0.7077458781582622,0,1.2,0.2549
12,8,1,4,1,7507,1.0469523948674377,0,0.37525942640319376,1,1.3,0.3774
15,5,1,7,2,1169,0.3582226155197689,0,0.16956373466267638,0,1.31,0.3902
20,5,1,6,6,5931,0.25690642538059094,1,0.33024078096994147,0,1.15,0.1826
20,14,0,0,5,6146,1.4506777627689522,2,0.4050078496618939,0,1.07,0.0919
15,6,1,8,2,265,1.4836361685238841,2,0.8444747240039339,0,1.29,0.3662
15,11,0,0,2,816,0.1071377293992965,0,0.4247630383820756,0,1.34,0.421
20,11,1,9,0,4062,1.0402609096262871,3,0.1723829348558465,1,1.23,0.2874
5,4,1,1,1,6312,0.0925036989220766,1,0.6827021321696359,1,1.43,0.536
20,11,0,0,6,1946,1.4941910220394203,1,0.4555495184043287,0,1.13,0.1631
20,10,0,0,2,8131,1.1799523593018968,3,0.4691190597850268,0,1.09,0.1106
5,2,0,0,0,2965,1.2039297786765466,0,0.09364852385565303,0,1.18,0.223
15,3,0,0,9,8729,1.1643052009009978,2,0.061761969310940135,0,1.02,0.02
5,5,0,0,0,2302,0.3322795805518675,5,0.0621851008469968,0,1.25,0.3072
10,1,0,0,6,4314,0.8511517071363961,2,0.29394695410871685,0,1.03,0.0354
20,19,0,0,1,8551,0.9718858028390983,0,0.04432542024706132,0,1.18,0.2206
5,2,1,1,2,136,1.0184593680085594,2,0.9107705142399445,0,1.3,0.3735
12,4,1,6,0,2651,1.4172197888636866,1,0.3835835703698872,0,1.24,0.2943
5,5,0,0,0,6047,1.0222515017686247,1,0.01183334967329941,0,1.19,0.2336
20,20,0,0,0,5348,0.4722794021090742,1,0.12167667219462641,1,1.24,0.3056
5,2,0,0,3,5149,0.7916871083231498,0,0.4959435309685842,0,1.11,0.1433
10,1,0,0,5,5177,0.19680369679163995,1,0.4036429700811856,1,1.1,0.1233
15,8,0,0,2,1967,0.5308031725893119,2,0.4373142283580452,0,1.22,0.2791
12,12,1,1,0,1344,1.1711696981883675,1,0.5513923665492539,0,1.47,0.5873
12,1,0,0,3,4465,0.9870615580610644,1,0.07613700387383943,0,1.02,0.0262
5,3,0,0,0,1051,1.2885004244150557,1,0.3064090940555419,0,1.22,0.2721
12,11,0,0,0,9460,1.1048319630032868,2,0.33048646647267094,0,1.13,0.1687
10,3,1,7,6,2020,1.1532223682291296,2,0.9704018488017631,1,1.17,0.211
12,6,0,0,2,7404,1.3502095992385506,3,0.2897409284644023,0,1.09,0.1071
12,8,1,1,4,3959,0.25586359708446615,2,0.4716670991037455,1,1.29,0.3594
5,3,0,0,2,4854,0.4456933179880233,1,0.4399003823606107,0,1.22,0.2811
10,3,1,4,5,8722,1.4189127813051428,1,0.8063162651003669,0,1.1,0.124
10,10,0,0,0,4444,1.027503618450411,2,0.19187857176769318,1,1.2,0.2454
20,11,0,0,4,2230,1.3541168055229535,1,0.278031113332845,0,1.12,0.1446
20,6,0,0,5,823,1.13959820360092,2,0.24942027749425505,0,1.08,0.0993
5,3,0,0,0,4795,0.7097975716109095,3,0.20101442114166662,0,1.15,0.1832
15,2,0,0,8,111,0.19467115094913634,0,0.2902928781423346,0,1.18,0.2221
15,14,1,2,0,8019,0.6399499176799677,1,0.832576558944218,0,1.42,0.5197
5,5,0,0,0,3519,1.1547482101306545,0,0.2637331425268886,0,1.25,0.3183
10,2,1,6,3,8077,1.249100678673767,2,0.7001341075141251,1,1.05,0.0595
5,1,1,4,2,1279,0.8667251458394234,2,0.9043338665490416,1,1.23,0.2912
15,11,1,4,1,2888,1.2974012105554227,0,0.34296910025289784,1,1.38,0.4701
20,13,0,0,0,617,0.8720786790821442,2,0.1545891917021428,1,1.21,0.2601
15,11,0,0,2,9313,0.17239401231553075,2,0.3524073621157312,0,1.18,0.2279
5,4,0,0,0,8982,0.31379010246600486,1,0.031460676665442444,0,1.18,0.2297
12,10,1,3,2,8943,1.424560419310986,0,0.4754006741886171,0,1.34,0.4289
5,5,0,0,0,7645,1.1939115385231862,1,0.17560838106069826,0,1.18,0.2227
10,7,0,0,3,5370,0.8917233732390603,1,0.12480447593990546,0,1.09,0.1186
15,10,0,0,4,508,0.4747434630767398,1,0.17159703373364538,0,1.19,0.232
20,17,0,0,0,468,0.1176173145055347,0,0.4464596675023393,0,1.36,0.4444
5,2,0,0,1,5676,0.20185650675722128,2,0.338280761334924,0,1.18,0.2284
12,11,1,1,1,7190,1.4300260826609117,0,0.7552474695149904,1,1.41,0.5101
15,15,0,0,0,6128,1.1652925713207067,2,0.4974790601442754,1,1.2,0.2445
5,3,1,3,2,5713,0.6442894412851201,4,0.31539259144103526,0,1.26,0.3291
10,6,1,4,3,1565,0.9613183350842269,0,0.7859145067314428,0,1.3,0.3773
12,7,1,3,1,4298,0.7857528605793315,0,0.7623758809468636,0,1.36,0.4454
5,2,1,2,2,9683,1.1948134142694822,2,0.3519269175435136,0,1.15,0.1856
20,6,0,0,0,840,0.45642806143800446,0,0.0891018027533183,1,1.24,0.2939
5,5,0,0,0,1318,1.4240899071840407,1,0.014061734708958107,1,1.24,0.3047
15,2,1,10,11,4304,0.8293038056440076,4,0.991482236921047,0,1.08,0.1038
15,11,0,0,1,724,0.06784728795173539,1,0.1166689888636272,0,1.3,0.375
5,3,0,0,2,2291,0.8040428743437916,3,0.4105761683790547,0,1.18,0.2281
15,13,0,0,0,2454,0.9335015039724615,0,0.026923952954955532,1,1.24,0.302
12,1,0,0,1,3843,0.13457897880961245,0,0.009586452526543554,0,1.19,0.2422
5,3,0,0,1,1690,0.37605900867178693,1,0.09272857904206849,0,1.25,0.3078
15,5,1,10,9,3433,1.2237521844537276,2,0.8645758565393664,0,1.16,0.1943
10,1,0,0,7,255,0.5438180415848013,0,0.40741383067473935,0,1.15,0.1894
12,7,0,0,1,6190,0.1845860913953022,0,0.2920286834244634,1,1.24,0.2996
20,15,0,0,2,3012,1.219843854259925,1,0.173971985098829,0,1.2,0.2546
20,11,1,1,5,2104,0.6839396969925731,7,0.44759110302002314,0,1.22,0.2704
12,6,0,0,2,3388,1.1929961943229905,0,0.44063016313411624,0,1.21,0.2594
20,10,1,2,10,3590,0.24197761017232144,1,0.8070518162024078,0,1.28,0.3548
15,14,0,0,1,4566,0.5074744310963286,0,0.21820576512403245,0,1.27,0.3382
12,3,0,0,9,2953,1.4879562041478405,1,0.4113185765520732,0,1.08,0.0994
5,1,0,0,1,9637,1.2282636493469292,0,0.1461710638919304,0,1.08,0.0971
15,14,0,0,0,7657,0.9800976081439505,0,0.15074988792550265,0,1.19,0.2392
5,1,1,5,4,6022,0.2814060348832498,0,0.6399796568111118,0,1.17,0.2107
12,5,0,0,0,4378,0.7294756019873059,1,0.08720189982297416,0,1.16,0.2042
12,8,0,0,0,1186,0.9674964668092725,3,0.15029725055097032,0,1.17,0.2175
5,2,0,0,0,4950,1.4328186077836085,3,0.22985313933480722,0,1.1,0.1241
10,10,1,1,0,241,1.4762291479760243,3,0.626024082957965,1,1.45,0.5565
15,15,1,1,0,6643,0.5899864666401239,2,0.9427885865839953,1,1.44,0.5534
20,14,1,1,3,6519,0.7894143025429996,0,0.6785769924115794,0,1.28,0.3506
5,1,1,2,2,6379,0.25427699009301236,1,0.6708591872392252,0,1.23,0.2839
5,5,0,0,0,6318,1.1749444453385467,0,0.3941769645199883,0,1.23,0.2868
10,4,0,0,0,1349,1.0552091581954968,1,0.2229538676290564,0,1.18,0.2309
5,3,0,0,2,7130,1.4846012284635028,0,0.037218448076549115,0,1.15,0.186
12,6,0,0,3,2006,1.3209224455299453,0,0.2700725312420521,0,1.13,0.1665
20,1,0,0,17,3197,0.05652583042483217,1,0.26839085433212284,0,1.12,0.1487
10,1,0,0,2,9136,0.42076211208825814,0,0.42761952876148446,1,1.14,0.1701
5,5,0,0,0,3099,0.3841880419539678,3,0.11801014658624959,1,1.24,0.2945
20,6,0,0,13,1457,0.010463902927590196,1,0.026227419061931434,0,1.16,0.1975
10,5,0,0,0,8972,1.2659995461404945,4,0.32341681015279683,0,1.07,0.0863
5,5,1,1,0,2094,1.2336313176718015,1,0.5038386671708626,0,1.46,0.5722
15,7,1,1,2,201,0.01954798743598457,0,0.5478582661472657,0,1.42,0.5209
20,6,1,6,8,8397,0.5622066214870474,3,0.472910535675495,0,1.07,0.0927
15,6,0,0,1,1562,1.1104041722958913,1,0.021259002478155542,1,1.17,0.2116
20,15,1,2,1,6336,0.39237149425642315,1,0.8117951646956936,0,1.4,0.4965
12,7,0,0,2,4188,1.4769245417433,2,0.4323025060776266,0,1.16,0.2059
10,5,1,6,4,2734,0.020577265048035365,0,0.799658060978819,0,1.33,0.4159
12,9,0,0,1,7920,1.3519368563907619,1,0.31176484977217644,1,1.15,0.192
5,2,1,3,3,365,0.3270415603422876,1,0.9198768359725195,0,1.29,0.3647
15,10,0,0,3,7058,1.336984459574817,2,0.4343577848537424,0,1.06,0.0755
5,1,0,0,2,55,0.7506478311581245,2,0.08013388546734523,0,1.17,0.2072
15,12,0,0,1,6280,0.861411180338228,2,0.22190770894102513,0,1.16,0.2041
10,8,0,0,0,1530,0.49296571707014286,0,0.27813214742335174,0,1.3,0.37
5,5,0,0,0,6278,0.014901056545319424,2,0.10966682105850728,1,1.25,0.3098
12,4,1,6,2,1551,0.6473993461340088,1,0.7605759422526911,1,1.3,0.3762
15,5,0,0,4,4936,1.3768346334074586,1,0.4525407747597934,0,1.07,0.0855
15,15,0,0,0,2109,0.5837969447934108,2,0.39980595641192485,1,1.27,0.3386
15,6,0,0,9,6015,0.1460066993459484,2,0.43194419566750514,0,1.11,0.1364
5,4,0,0,0,331,0.7656651345433882,1,0.25345997978286045,1,1.27,0.3321
12,6,1,3,2,5503,0.0020480472584286646,0,0.8217730581628739,0,1.38,0.478
12,12,1,1,0,3861,1.3354248602782057,2,0.21979744993598582,1,1.4,0.4963
5,3,0,0,0,2614,0.8100580759247956,2,0.4743311685616352,1,1.2,0.2544
15,7,0,0,8,3492,1.476916619619843,1,0.4295762814719408,0,1.1,0.1253
20,15,0,0,5,8776,1.298239449093425,2,0.46098099362141953,0,1.05,0.0644
5,1,1,4,4,6720,0.30957369693246317,1,0.6525813027235978,0,1.14,0.1718
10,6,1,2,4,745,0.9688614638910377,0,0.8991918862074176,0,1.32,0.3979
20,14,0,0,3,1364,0.22093962160012365,1,0.26211059771955153,0,1.21,0.2567
12,12,0,0,0,4017,0.7150736917190365,2,0.3885288929614551,0,1.24,0.296
5,2,0,0,3,6210,0.2964887090341575,1,0.18404516449327613,0,1.1,0.1253
5,2,0,0,3,5913,0.26348090119552003,1,0.3054916045629603,0,1.11,0.1427
15,1,1,13,12,9850,1.393664993705886,2,0.5203316757470853,0,1.02,0.02
10,5,1,5,4,9513,0.3520608335406811,1,0.9812908004851769,0,1.22,0.2689
20,13,1,7,6,9166,0.6894361555335362,2,0.15135254531364434,0,1.16,0.2058
5,5,1,1,0,8924,0.8253426920876754,3,0.5589075699648375,0,1.35,0.4383
10,1,1,6,4,655,0.15502297128716302,3,0.5196838304755845,0,1.14,0.1752
20,4,0,0,13,3904,1.2617616518518457,2,0.19955530069487976,0,1.03,0.0341
20,4,0,0,12,8288,1.4002233874215728,2,0.27291778925891413,0,1.02,0.02
20,20,0,0,0,6964,0.1638316325812968,2,0.023033047853529554,1,1.22,0.2777
10,1,0,0,0,6311,0.4508720604084636,2,0.1523960670739789,0,1.11,0.1341
5,2,1,4,1,9275,0.2686613179335361,1,0.529769419968265,0,1.24,0.3057
20,1,1,3,17,9353,0.6062393501598814,2,0.7269471140042684,0,1.02,0.0234
12,10,1,2,1,3003,0.29714707382264666,3,0.8783681447284938,1,1.43,0.5405
12,9,0,0,2,6052,1.2749315446000349,2,0.19134986105101803,1,1.15,0.1837
10,5,0,0,2,9643,0.2159224474723358,1,0.33699085821243885,0,1.17,0.2091
20,15,0,0,0,6980,0.832017141027133,1,0.3802242603474096,0,1.18,0.2283
10,6,0,0,4,3066,1.3497661122188374,3,0.09184737069865684,0,1.06,0.0714
5,4,0,0,0,7545,0.6668452284833153,4,0.42633658202185787,0,1.16,0.1942
20,12,0,0,4,2114,0.14357493667403737,1,0.3747234659861966,0,1.2,0.2472
20,5,0,0,10,2124,0.7390790021244089,3,0.34726336613032815,0,1.06,0.0795
15,4,1,9,9,3623,1.4877622973319586,1,0.12672929298668056,0,1.11,0.1331
20,12,0,0,6,5701,1.3627122990956135,1,0.2619417080547281,0,1.08,0.0988
12,1,1,3,3,9170,0.8871127462521893,2,0.3111274219767107,0,1.02,0.02
12,9,0,0,1,6074,0.9301380611284171,0,0.37375974742049306,0,1.21,0.2583
20,14,1,2,6,9024,1.1132166383267557,1,0.8678656648727028,0,1.22,0.2804
5,1,0,0,4,8043,0.943429852021602,0,0.3062283779640635,0,1.03,0.0395
20,9,0,0,9,7599,0.44706404343611156,1,0.3985457419490402,0,1.09,0.114
10,9,1,2,0,5103,0.06901703644712193,2,0.678959143443886,0,1.45,0.5685
12,2,0,0,6,2164,0.6195030601818858,2,0.154820894178807,1,1.07,0.0896
5,5,1,1,0,9185,0.9565557862167984,4,0.23254158174869072,0,1.32,0.3952
20,20,0,0,0,725,1.1106021718958514,2,0.34391226403576153,0,1.25,0.3133
10,2,0,0,5,6142,0.7087222075936523,3,0.1164763363345358,0,1.02,0.02
12,8,0,0,4,7921,0.11913098078158169,2,0.3263289444565974,0,1.11,0.142
15,5,0,0,7,7888,0.8380611189445353,0,0.2217060331912299,0,1.05,0.0656
5,5,0,0,0,5000,1.0603741624241672,2,0.49832132041065547,1,1.21,0.2615
12,1,0,0,3,2001,0.3865156648759909,1,0.3196400509924542,0,1.11,0.1427
15,15,1,1,0,9019,0.5503228693861708,4,0.3376646324348009,0,1.36,0.4467
12,6,0,0,4,8014,1.4568868389373006,0,0.08717490912057291,0,1.05,0.0618
5,1,1,2,4,1543,1.0380883356411656,2,0.8125155689573479,0,1.13,0.1665
12,1,0,0,5,8593,1.2298715257478636,2,0.25966324601232693,0,1.02,0.02
5,4,0,0,1,5222,0.7649524757813,1,0.39502180845417967,1,1.22,0.2701
5,1,0,0,2,3704,1.0948037641406503,2,0.29286099870417,0,1.12,0.1445
15,9,1,5,2,8237,0.39704703495652816,3,0.26076511037690536,1,1.25,0.3116
15,5,0,0,9,6535,1.3077089116460967,1,0.19275881947102375,1,1.03,0.0407
15,9,0,0,1,9626,0.6657740108612284,0,0.41809310415760564,0,1.17,0.2125
20,12,0,0,1,6474,1.1366961970983904,0,0.033543728584082166,0,1.16,0.1956
20,17,0,0,0,7105,0.03615376012824145,0,0.155658327137926,0,1.26,0.3298
12,5,1,4,1,9701,0.8241652348382991,1,0.12425491978140726,0,1.17,0.2178
12,4,0,0,0,1501,1.4377935045295978,0,0.18171733248140887,1,1.19,0.242
20,3,1,3,15,9343,0.8263298418340994,2,0.24699959966362936,0,1.02,0.02
5,5,1,1,0,598,1.4213724034759447,1,0.9441747455948521,1,1.5,0.6299
5,5,0,0,0,1883,0.9265677356789093,2,0.37009958955054,0,1.24,0.3054
20,7,0,0,11,7827,0.8207988756068418,0,0.39671827205731397,0,1.07,0.0848
10,8,1,1,2,2395,0.14440581437816935,0,0.9511996718259144,0,1.51,0.6377
20,14,1,4,2,7906,1.0174874438022776,0,0.8263206260279512,0,1.34,0.4205
15,13,1,2,0,2865,1.3996439943371632,0,0.7975380779314577,1,1.45,0.5588
10,7,1,4,0,6801,0.7511484432004658,2,0.9485497288938115,1,1.33,0.4184
5,3,0,0,1,6940,1.2435090864590692,2,0.18738764820674653,0,1.12,0.1476
20,9,1,12,11,8667,1.2804262452593655,1,0.7912447518422858,0,1.15,0.1821
12,3,0,0,5,3263,0.7870748963498619,2,0.13769866489291016,0,1.05,0.0675
12,3,1,7,4,3803,0.48405778355279694,2,0.29137621248339424,0,1.13,0.162
5,4,1,2,0,6548,0.7241102241782079,2,0.17656695252020851,0,1.32,0.4022
10,9,1,2,0,8029,0.31757616906058433,1,0.6055411476679898,1,1.42,0.5206
15,11,1,2,3,1360,1.0424196470547469,0,0.9393798216848356,1,1.35,0.4408
20,10,1,2,4,5675,1.2695770198361744,0,0.1516762239370815,0,1.18,0.222
15,1,0,0,10,4734,0.7329578522304898,2,0.2523084413200628,0,1.03,0.0325
15,12,1,3,3,616,1.2671405456961442,2,0.7750353666331947,1,1.33,0.4114
5,2,0,0,2,592,1.3450718745795376,0,0.12685792550002145,0,1.21,0.2613
12,8,0,0,1,8072,0.6843848705186975,4,0.09294572985066918,0,1.11,0.1379
12,8,0,0,0,3847,0.3083672333525442,0,0.2266597992055996,0,1.26,0.3296
12,8,0,0,2,9442,0.30766599112855625,4,0.07663956888022544,0,1.12,0.1537
15,11,1,3,3,9011,1.3387441461173113,3,0.2592965722514008,1,1.15,0.1916
10,2,0,0,7,4324,0.9114779119412202,0,0.2357417621170596,0,1.07,0.0929
12,6,0,0,3,588,0.9082482556284981,1,0.06444144330532492,0,1.12,0.1538
20,16,0,0,2,7166,0.47404472174438167,3,0.2831856134736868,0,1.17,0.2078
10,4,0,0,5,1692,0.32147280018658214,2,0.029723299055275265,0,1.12,0.1515
10,7,0,0,3,3953,0.629147226962409,1,0.19142342546671354,1,1.14,0.1714
10,9,0,0,0,9302,1.2057059559009597,0,0.3339476264255494,0,1.18,0.2222
20,12,0,0,3,1106,0.5612257406406168,2,0.3418392724007092,0,1.15,0.1913
12,12,1,1,0,7405,0.22453891872407405,3,0.2044810219559387,0,1.39,0.4928
15,15,1,1,0,954,0.14030094437318053,1,0.4197508154988665,1,1.53,0.6686
5,5,0,0,0,5973,1.309131776920803,0,0.29981652117403723,0,1.23,0.2844
20,13,0,0,6,7398,0.8736969401872752,1,0.05343432987752095,0,1.06,0.0768
5,5,1,1,0,65,0.08002158662413705,1,0.3442744381203141,0,1.55,0.6819
10,1,1,1,9,3878,0.13110282142622487,2,0.16828782379598275,0,1.1,0.1278
10,7,1,2,0,9701,1.164305460383412,3,0.7595144692489693,0,1.25,0.3082
12,11,1,1,1,1127,0.016001116042906494,0,0.6797745330650394,1,1.55,0.6934
20,10,0,0,9,3263,0.9145749039949514,0,0.3799695745061803,0,1.13,0.165
5,5,0,0,0,1225,0.726159063134363,0,0.036134520699569406,0,1.29,0.3619
5,5,1,1,0,986,1.2033358980107158,0,0.7339587969952487,0,1.51,0.6339
15,5,0,0,2,5330,0.45052470410508594,0,0.340758539180458,1,1.2,0.2523
12,12,1,1,0,3167,0.960909839709587,4,0.1397677255444183,1,1.38,0.4776
20,16,0,0,2,3793,0.09210771607130208,0,0.4677768192635647,0,1.31,0.3913
10,8,0,0,2,447,0.3621477887962132,1,0.37625157455699054,0,1.3,0.3805
12,10,1,2,0,7118,1.1429291365509393,1,0.6859933024779616,1,1.36,0.4464
5,5,0,0,0,5234,0.07478464692486037,2,0.3435024240443415,0,1.27,0.3382
10,2,0,0,7,9536,0.35203112032761075,0,0.32145105407712604,0,1.06,0.0775
10,4,1,5,6,2024,1.182729366693653,1,0.9538819007975582,0,1.22,0.2753
15,10,1,3,3,4355,0.21737437258165743,0,0.5955724120126558,0,1.34,0.4206
15,10,0,0,0,7439,1.4827293304803768,1,0.23861747891699464,0,1.14,0.1808
12,5,1,5,0,2854,0.3310771614596829,2,0.3570339371152852,0,1.29,0.3618
20,6,0,0,5,1133,0.7000654541778389,2,0.41059003518419906,0,1.11,0.1375
5,5,0,0,0,978,0.9796820753743373,1,0.37838979501222847,0,1.27,0.341
12,8,0,0,3,6155,0.8614695460434554,1,0.3793029256390014,0,1.1,0.1252
15,1,1,12,14,6652,0.5508182720747226,2,0.8963557727497012,0,1.07,0.0895
12,8,1,5,0,2283,1.369757432119708,1,0.5675834584510333,0,1.36,0.4445
5,5,0,0,0,9410,0.9535530721553753,1,0.287188480844153,0,1.17,0.2098
10,3,0,0,0,2709,0.03379989895421953,0,0.19371383484514476,0,1.25,0.3165
15,5,0,0,6,568,0.29582280593949895,6,0.30526332995695904,0,1.13,0.1563
5,1,1,4,4,7260,0.7503342583633431,1,0.43113014675234107,0,1.08,0.1019
12,7,0,0,3,9385,0.8898222611036108,1,0.07170799906050607,0,1.03,0.0368
12,11,1,1,1,9023,1.320566538465032,1,0.4456770937485628,1,1.34,0.4311
20,3,0,0,7,7900,0.7696037290785971,5,0.24395800542201113,0,1.02,0.02
15,8,1,2,5,8964,0.3562924573635786,1,0.3870361475343569,1,1.19,0.2422
20,17,0,0,1,5208,0.08410548489357023,1,0.46707086267179715,0,1.28,0.3517
5,5,0,0,0,5432,0.3561296913954382,2,0.2904092888661171,0,1.24,0.3028
12,11,0,0,0,7935,0.0598870605647408,2,0.2216467644499619,0,1.22,0.2769
15,14,1,2,0,7317,1.3704860665115368,0,0.22011524639831898,0,1.38,0.4719
20,11,1,10,5,5570,0.719955227909496,1,0.5801980698586195,1,1.22,0.2787
5,4,0,0,0,7779,1.1019452565064867,3,0.42023912400161106,0,1.13,0.1569
10,5,1,6,1,8576,0.5764346198209291,2,0.3967277783017339,0,1.23,0.2871
10,2,1,5,4,7579,1.4718223428130954,3,0.9681026293398056,0,1.05,0.0618
15,7,0,0,5,9165,0.06947540871997587,1,0.46772361482485564,1,1.11,0.1363
5,1,1,3,0,4194,0.9217466036138104,1,0.1558535055649746,0,1.17,0.2087
5,5,0,0,0,4874,0.2755525938476906,2,0.3568192401587121,0,1.26,0.3245
15,2,1,7,5,3212,0.6305315620824323,1,0.7889746642449547,0,1.14,0.1772
15,3,0,0,10,3600,0.7075064006991199,0,0.021683346356541344,0,1.09,0.107
20,12,1,3,1,4029,0.3930712710494175,0,0.8121144025897951,1,1.4,0.4992
20,17,1,3,2,5422,0.45843615877373,4,0.9923031133561373,0,1.4,0.5037
12,6,1,1,1,5816,1.0676107914418773,1,0.3903307682564726,0,1.25,0.3123
20,4,1,2,5,5781,0.4636024209522594,3,0.8876389376816719,0,1.11,0.1359
12,8,0,0,0,7482,0.8281469804810961,2,0.4673331686655787,0,1.15,0.189
10,4,0,0,5,4008,1.050586401098035,1,0.16921923500358116,0,1.07,0.0868
15,12,0,0,1,2907,0.119701458020058,0,0.04777281993223237,0,1.29,0.3682
15,14,1,1,0,9819,0.07014712460515155,0,0.3665719574671752,1,1.43,0.539
15,1,1,3,5,9551,0.7828452655619076,2,0.14628832381022064,0,1.02,0.02
5,1,1,2,0,9347,1.1229288285117265,0,0.5445261744444105,0,1.15,0.1814
10,2,0,0,3,1714,0.37979351768368574,2,0.15512500073353003,0,1.1,0.1254
12,4,0,0,5,1554,0.97150455859529,1,0.2679362331925793,0,1.1,0.1243
5,1,1,4,1,5237,0.2870603178630841,2,0.4386503589170001,0,1.2,0.2525
10,9,0,0,1,2162,0.8853070011567571,0,0.14546481640607883,0,1.26,0.3257
15,11,1,4,2,7550,1.4812673109467211,0,0.5174895850932877,0,1.33,0.4141
5,1,1,4,3,3595,1.4014049472506551,1,0.7498414658634716,0,1.13,0.1574
15,15,0,0,0,3076,0.15127615134334266,4,0.31728837553851874,0,1.27,0.3341
20,5,0,0,15,1790,0.05945650086638282,1,0.4360019566145203,0,1.17,0.2129
12,6,1,5,5,5394,0.3685037261639556,1,0.7464790867464252,1,1.25,0.3103
12,8,0,0,2,9662,0.2845185086749237,3,0.2490547428337988,0,1.13,0.1665
10,8,1,2,0,8733,0.118235843180025,0,0.3256146683816028,1,1.4,0.4952
15,12,0,0,3,5054,0.18837910294013804,1,0.1182004999127289,1,1.17,0.2081
12,9,1,1,2,1340,0.9759283731337473,3,0.42484957230131826,0,1.34,0.4288
20,3,1,12,6,5003,1.1453907954356077,2,0.19296236595316546,0,1.04,0.0456
10,2,0,0,4,1629,0.2845838770948262,0,0.01033647320187514,0,1.14,0.1779
15,13,0,0,0,5898,0.5294339005891605,3,0.3173452863228807,1,1.19,0.234
15,7,0,0,7,1459,0.11768850081130977,2,0.4879219315177229,0,1.18,0.222
5,3,0,0,0,4350,0.7069105176565095,1,0.4030102135831281,1,1.21,0.2596
20,2,1,7,2,429,0.6790926123041383,5,0.8727243274320658,0,1.2,0.2545
15,8,1,1,4,8329,0.32125008341214245,0,0.19188616160399036,1,1.21,0.2663
10,2,0,0,4,1586,1.2743881653193327,3,0.11318420221526215,0,1.03,0.0353
5,3,1,2,2,851,0.5077627581290249,1,0.5546522944287541,1,1.39,0.4882
5,5,0,0,0,1048,1.4786405136784864,2,0.10662435953126292,0,1.23,0.2895
20,14,0,0,0,1307,0.21123867424540788,1,0.4870246863543195,0,1.3,0.3766
10,7,0,0,2,8477,0.22800923119949584,0,0.2642953380489159,1,1.22,0.2762
12,8,1,5,1,3670,0.7716050474284337,1,0.5594952729052155,1,1.36,0.4459
12,7,1,6,4,3096,0.6932036201644655,4,0.25222006399920277,0,1.2,0.2519
15,14,0,0,1,7837,0.7850929700418185,1,0.2566003022733776,0,1.19,0.2378
10,8,1,2,1,5971,0.31364659445386334,0,0.16286653673792928,0,1.4,0.5041
15,7,0,0,3,8413,0.3259737744553298,1,0.09091773599127473,0,1.07,0.0918
20,13,1,7,3,5327,1.4433700307414759,2,0.12786371308447836,0,1.18,0.2305
10,5,0,0,1,7829,0.8096802513840864,1,0.2277522066681295,1,1.13,0.1682
15,12,0,0,1,8140,1.389692504332999,1,0.10357931021001415,0,1.14,0.1795
20,7,1,13,8,9127,1.1595760751610884,1,0.30007424861095133,0,1.08,0.0969
10,3,0,0,6,2069,0.008075981417878408,1,0.3151043133895424,1,1.17,0.2117
10,8,1,2,0,2354,0.7035413442699034,2,0.28575981963968466,1,1.38,0.4759
15,15,0,0,0,6412,1.2264729023783834,5,0.22866709513362693,0,1.15,0.1921
15,6,0,0,8,9078,0.9297398929360523,2,0.06637246444288114,0,1.02,0.02
12,8,0,0,0,3377,1.381812906556084,3,0.19198430897819574,0,1.15,0.1847
15,8,0,0,5,4320,0.1985296377858941,0,0.017711694921575538,0,1.16,0.1968
20,9,1,12,1,302,1.117180013277791,2,0.26283945505126693,0,1.27,0.3387
20,10,0,0,3,6335,1.3150066488946548,2,0.19018479798769544,0,1.03,0.0419
10,10,0,0,0,3457,0.16535663318977956,0,0.3021582706798099,1,1.32,0.4058
12,6,0,0,6,2952,1.0796298413847853,2,0.2920676561382299,0,1.08,0.1008
12,10,1,2,1,8908,0.4126462679623358,1,0.9177715455547545,0,1.4,0.4969
15,7,0,0,5,7941,0.015158703488063752,3,0.40956659918254873,0,1.08,0.1021
20,7,0,0,4,8918,0.25060380887719486,0,0.3171741556668157,0,1.1,0.119
5,4,0,0,0,7937,0.4215038202591316,2,0.48897320612672934,0,1.2,0.2446
15,1,0,0,5,6701,0.620349737292768,2,0.26834385912328623,0,1.02,0.02
20,11,1,1,2,9830,0.4341850572587999,0,0.7794191321195547,0,1.31,0.386
20,1,1,17,15,6003,1.0317510878996226,1,0.6663865695912752,0,1.04,0.0561
5,2,1,2,1,7807,0.3565564482831881,2,0.34919944228162003,0,1.22,0.2778
20,1,1,17,0,2068,1.4047794324963192,0,0.27379338532276454,0,1.17,0.2104
20,14,1,1,4,1403,1.4450012808907773,2,0.3567519234307578,0,1.26,0.3272
10,2,0,0,0,3543,1.3160167174860204,4,0.3415395354928532,0,1.1,0.1242
10,10,1,1,0,952,0.53046896401907,1,0.6435134837878509,1,1.52,0.6475
20,3,1,14,3,9929,1.215097319575023,0,0.7114644486972659,0,1.05,0.0665
12,8,0,0,0,3552,0.4973662944605507,1,0.07306784500589492,0,1.22,0.2762
12,2,0,0,5,6416,0.48726298568854476,4,0.035062772538673126,0,1.02,0.02
15,7,0,0,6,6111,0.4111648631156944,2,0.1391293536924409,0,1.08,0.095
5,3,1,2,0,1139,0.4840878646058404,1,0.2667960853781084,1,1.37,0.4632
10,3,0,0,1,9713,0.8535863273107595,1,0.04691907667543588,0,1.07,0.091
5,1,1,4,4,5477,0.16985307827591312,2,0.4963011095474701,0,1.13,0.1652
20,4,1,17,5,4344,0.21801463088322226,1,0.5596685754849176,0,1.17,0.2091
5,1,0,0,2,4454,0.9950041490182229,2,0.05956322034758138,0,1.09,0.1151
15,13,0,0,1,2620,0.5069594496319063,1,0.032538603777398756,0,1.25,0.3159
12,1,0,0,10,8655,0.40106964193329897,4,0.4516864545969073,0,1.02,0.02
10,4,1,5,0,2115,0.10834600997047494,0,0.8406415553254666,1,1.38,0.4807
5,2,0,0,2,6224,1.4572021339170118,3,0.42724054763353625,0,1.1,0.1208
20,14,0,0,3,2251,0.7076591960173311,1,0.389706883098161,0,1.16,0.205
20,17,0,0,2,4925,0.5905883778538492,2,0.48029962067651966,0,1.22,0.2797
10,8,0,0,1,3269,1.0256601576854174,3,0.009912831437214553,1,1.15,0.1918
10,4,1,2,1,5612,0.42823697313607856,0,0.9350724848748938,0,1.32,0.4038
20,19,0,0,1,9290,0.07260993529798199,0,0.19014949892673655,1,1.25,0.3111
10,6,1,4,1,4974,0.8076870698672067,1,0.2194217996109898,1,1.3,0.3695
12,7,1,3,3,3647,0.006066651780040178,1,0.4917991964912939,1,1.31,0.3849
20,6,1,11,4,8926,1.0332588364768407,4,0.731639976000982,0,1.05,0.0616
20,5,0,0,13,935,0.12456572196834648,1,0.013103652460007775,0,1.15,0.1854
12,3,0,0,4,7782,0.8018553125482075,0,0.355792642557338,0,1.06,0.069
10,6,0,0,3,5851,1.125603438982883,1,0.2487224491243898,0,1.08,0.0955
12,4,1,6,4,4976,0.7890008145733793,1,0.9476385914461367,0,1.18,0.2256
10,8,1,3,1,4385,0.6741233822798738,0,0.7674062850176617,1,1.43,0.5402
12,10,0,0,2,7806,0.9928706701007755,1,0.15998624125716632,0,1.16,0.1948
10,6,1,5,3,407,0.04442095123677292,1,0.7496039935326254,1,1.37,0.4568
5,5,1,1,0,7140,1.1916093243278911,3,0.5029502947493903,0,1.35,0.4431
20,18,0,0,2,3821,0.08478449588717207,3,0.14479509221186682,0,1.24,0.3008
20,16,1,3,0,5600,0.5453077041447381,1,0.6631562283441917,0,1.4,0.4999
5,1,0,0,3,5507,0.760294716349123,0,0.06801136180684991,0,1.06,0.0768
5,5,1,1,0,8766,0.2889063528884836,1,0.7599118208307974,1,1.45,0.5637
5,1,0,0,0,8118,0.7186394216032035,1,0.45428703135712134,0,1.12,0.146
15,2,0,0,8,9473,0.7144680142641753,2,0.24269722988209413,0,1.02,0.02
5,5,0,0,0,312,0.055120322147950374,2,0.438174106498558,1,1.34,0.4215
15,13,0,0,2,2907,1.263462057214107,3,0.18559195033083808,1,1.18,0.2212
12,7,0,0,5,8095,0.36814313852999275,3,0.4345647171477895,0,1.07,0.084
5,1,0,0,1,5545,0.677350070916247,1,0.38194122650076895,1,1.15,0.183
15,7,1,2,0,6937,0.022167889691195153,1,0.6905832344968786,0,1.32,0.4043
20,18,0,0,2,5729,0.6458004093509403,1,0.01441416757766173,0,1.21,0.259
12,3,0,0,8,6874,0.8129593642754942,2,0.3563409207708543,0,1.02,0.0283
20,19,0,0,0,1299,1.466716465960659,2,0.04556636626064825,0,1.22,0.2733
5,2,1,3,2,7502,0.18719539854463513,3,0.6582123485915229,1,1.24,0.2974
12,1,1,1,2,6695,0.7248482987264528,0,0.4003045017876312,0,1.15,0.1916
20,18,0,0,2,5888,1.1913103181605391,1,0.34050952622626046,0,1.2,0.2473
10,4,0,0,4,4289,0.9212873196243466,2,0.10469644932402883,0,1.05,0.0586
10,8,0,0,1,350,0.498549061655402,1,0.0007211249924786167,0,1.27,0.3383
20,18,0,0,2,8057,0.11564737749660398,0,0.44540527557427423,0,1.27,0.3382
10,6,0,0,0,6903,0.46466631124385005,0,0.04128655177565849,1,1.19,0.2433
15,9,0,0,2,6733,0.8348226930835194,0,0.11756302130400947,1,1.17,0.2149
10,8,0,0,2,5363,0.5189885192420138,0,0.23048711557752205,0,1.24,0.3061
12,1,1,10,11,8173,0.9357307352414697,2,0.25200270119854606,0,1.02,0.02
12,1,0,0,0,7389,1.006308173220248,3,0.14948524383584127,0,1.03,0.0336
20,5,0,0,7,4436,0.6861419697533353,2,0.2315407941616205,0,1.05,0.0675
5,2,0,0,0,8077,0.7141124937772472,0,0.17716402788424146,1,1.15,0.1816
10,8,1,1,0,1488,1.2664147349837698,1,0.20925309293728428,1,1.38,0.4798
15,14,1,2,1,8548,0.427638398934437,2,0.8756696477530518,0,1.41,0.5097
15,4,0,0,11,54,0.5030107171024374,4,0.0874691223391732,0,1.09,0.1159
20,9,1,11,8,5767,1.491921091200007,1,0.6156870302501538,0,1.17,0.2116
20,7,1,2,6,7456,0.33537406160491906,2,0.672701881566905,0,1.15,0.1916
10,3,1,3,7,1526,1.3862836890285228,0,0.5955260461545866,0,1.19,0.2418
5,3,0,0,0,778,0.11191361669941968,2,0.48226721090379676,0,1.28,0.3524
10,3,0,0,0,8998,0.9356984177758327,2,0.05760376930359118,0,1.05,0.0677
12,2,0,0,0,1667,0.44899288194367215,0,0.32555893905139893,0,1.22,0.2811
20,14,0,0,1,6312,1.4052948949275286,3,0.04178153310539612,0,1.11,0.1337
5,1,1,4,2,488,0.0030709662805230575,1,0.7150298811922975,0,1.32,0.4009
10,8,0,0,1,3135,0.06365921503521954,1,0.09912842836545382,0,1.28,0.3479
5,3,1,1,1,2576,0.8447556796169007,2,0.6275710855130611,0,1.33,0.4078
5,3,1,3,2,5825,0.7332243787332156,2,0.8232841567544116,1,1.31,0.3858
10,6,1,2,1,8263,0.5427254091540286,0,0.6211056213572307,1,1.32,0.4055
20,4,1,2,6,8436,0.8126919469055761,5,0.48441702258602193,0,1.02,0.0289
12,6,1,4,1,6571,0.8187910588471393,0,0.8054146840093582,0,1.3,0.379
10,5,1,3,3,82,0.1991935312364922,4,0.4005649902925309,1,1.26,0.3259
20,8,1,12,10,4309,1.057145525493828,3,0.9985222117262212,0,1.15,0.1912
10,3,0,0,2,2464,0.3746338084094975,2,0.23155163224048808,1,1.19,0.2358
20,19,0,0,1,1753,0.2891780918386602,1,0.15839625105001048,0,1.3,0.3733
10,6,0,0,2,3103,0.5400140206996668,0,0.021592118228499713,0,1.23,0.2912
12,3,1,9,8,4004,0.5313530147938373,1,0.9579873794027602,0,1.19,0.2343
15,15,0,0,0,7867,1.0664343341516007,0,0.49914458174494253,0,1.22,0.2719
12,11,0,0,1,6502,1.3183410238864297,1,0.016930572683645395,0,1.17,0.2147
15,1,0,0,4,9510,0.014289809033463441,1,0.1984106984615146,1,1.04,0.0551
5,5,0,0,0,9213,0.29098895553906845,3,0.41918371595472476,1,1.19,0.2362
20,13,0,0,5,430,1.1063147969228093,2,0.07380047260970496,0,1.11,0.1436
12,2,0,0,4,9320,0.23218670401018643,1,0.1949917906551097,0,1.04,0.0509
10,9,0,0,1,7280,1.3698641729519807,0,0.3455155195920526,0,1.2,0.2534
12,3,1,3,8,5307,1.0533574447420753,2,0.5776683683015609,1,1.09,0.1108
5,1,1,3,4,7970,1.49045576641258,0,0.7740972864145211,0,1.1,0.1204
15,8,0,0,5,6548,0.5740142507852093,2,0.22519066157283707,0,1.07,0.0891
15,3,1,8,4,8648,0.02999098801251493,3,0.47570990125861556,1,1.08,0.1033
12,7,0,0,1,4977,1.19383283120702,1,0.42505555197558503,1,1.18,0.2202
5,3,0,0,0,7758,1.3209783462802651,3,0.2902008046140016,0,1.09,0.1168
15,12,1,4,0,2751,0.345419875028814,1,0.1654700478770093,1,1.42,0.5228
5,2,1,1,0,7145,0.03400699782274336,2,0.9880768102117156,0,1.3,0.3711
12,3,0,0,8,7497,1.48023242549917,2,0.18218955499989697,0,1.02,0.02
12,3,1,5,9,6642,0.4590959232804113,1,0.42456112732638307,0,1.13,0.1593
10,3,0,0,0,774,0.6321145302182316,2,0.12586042802391306,1,1.18,0.2269
12,9,1,4,1,2551,1.3932781637751457,1,0.1917541928595619,0,1.35,0.4429
5,5,0,0,0,1071,0.3004044763004765,1,0.45011643629435294,1,1.33,0.4132
15,8,0,0,4,7287,0.5328608801169095,1,0.2657334269797405,0,1.09,0.112
20,4,0,0,10,5628,0.7286811122673914,2,0.4647736421624156,0,1.05,0.0566
20,2,0,0,5,9471,0.12663657640349968,3,0.4573024296946442,0,1.02,0.02
15,8,1,4,4,9470,1.0249215225883206,2,0.3909962785686073,0,1.12,0.1439
12,8,0,0,1,9795,1.4096516120517328,2,0.32721530569004814,0,1.1,0.1259
12,2,0,0,5,8417,1.4184066380076095,0,0.004745704289899455,0,1.02,0.02
12,7,0,0,0,804,0.5080117714489726,1,0.36881921070847823,0,1.26,0.3275
15,1,0,0,7,7881,1.3995251612889554,1,0.2864369513092733,0,1.02,0.02
12,12,0,0,0,4780,1.1576286617322398,2,0.276250322957488,1,1.2,0.2471
5,5,1,1,0,6944,1.4176222459937213,2,0.19967885682043862,1,1.36,0.4485
15,13,0,0,2,6660,0.0689007105836773,1,0.015295563923186761,1,1.24,0.2978
20,10,0,0,4,7223,1.2843127839833413,0,0.16316207948553457,0,1.06,0.0797
5,1,1,2,4,6597,0.9479141836895142,0,0.8962746178116543,1,1.12,0.156
5,2,1,3,3,1922,0.5163131608089857,1,0.12459066155614609,0,1.21,0.2588
10,3,0,0,4,9412,1.1336665987195644,2,0.38766086898262364,0,1.02,0.02
20,7,0,0,13,6872,0.0778831794086623,4,0.2012070066465817,0,1.06,0.0777
5,4,0,0,1,1108,0.4585939959533318,1,0.16808496688728292,1,1.28,0.3443
10,2,0,0,3,7335,0.6898699196640503,1,0.2569366240582515,0,1.04,0.0449
15,11,1,2,3,6818,0.7716828978836056,2,0.3605106212875753,0,1.23,0.2821
15,9,0,0,6,1754,0.5168579312936785,2,0.007678055687665275,0,1.13,0.1593
15,13,0,0,0,1007,0.8425157181388725,0,0.16071656949876184,0,1.27,0.3435
12,7,1,5,0,3925,0.011165382828260462,1,0.9469162689869641,0,1.41,0.5166
15,14,1,1,1,3834,1.0583962285520356,1,0.9440619211036783,1,1.44,0.5553
20,19,1,2,0,3096,0.06001022036070447,2,0.569117989855697,1,1.49,0.6103
15,1,0,0,7,2795,0.20291398233806301,3,0.10461442813423882,0,1.06,0.0762
20,19,1,1,1,3829,1.3880359461699965,1,0.2539031381258751,1,1.41,0.5067
5,2,0,0,3,3912,0.14756678212014362,2,0.37356539525233134,0,1.13,0.1631
5,1,0,0,0,1789,1.1555972196799302,4,0.35290511256593166,0,1.12,0.1514
5,5,1,1,0,748,0.7350504443442374,3,0.47692268734264487,1,1.45,0.5634
20,14,1,2,1,1754,0.3418660758399224,1,0.8108974467423203,1,1.44,0.5507
12,12,0,0,0,6842,0.18555696631633967,1,0.3155176862923358,0,1.26,0.3274
12,9,0,0,3,2966,0.5116473786319203,2,0.33213620444405856,1,1.15,0.1901
10,10,1,1,0,4488,1.466878104460723,4,0.7903568611387547,0,1.4,0.5059
5,3,0,0,2,5778,1.0780115173711724,0,0.10345175846484855,0,1.17,0.2116
5,4,0,0,0,3121,1.3376050193393123,0,0.17662075761341867,0,1.23,0.2873
20,11,1,8,8,5695,0.6504845261575474,0,0.20029500898796904,0,1.22,0.2801
20,3,0,0,9,9606,1.2197972590306474,3,0.38322570757656427,0,1.02,0.02
5,3,0,0,2,4482,0.29237584161637903,1,0.17995044485102496,0,1.23,0.2813
20,8,0,0,5,1866,1.107453705903398,2,0.44551803359570563,0,1.09,0.1143
10,3,0,0,7,5367,1.3763229114548803,4,0.34824803982057384,0,1.02,0.02
10,8,0,0,1,4471,1.0775463283714424,0,0.3587779428288694,0,1.23,0.2816
20,17,0,0,1,5955,0.04147763379788272,0,0.4001619135768367,0,1.29,0.366
10,8,0,0,0,5276,0.29811256946430187,0,0.04636557360358462,0,1.25,0.3148
12,8,0,0,0,4253,1.4976168918536716,4,0.1269025026559915,1,1.13,0.1664
15,3,0,0,9,5190,0.41470244426011743,0,0.11865787947545597,0,1.1,0.1202
5,4,1,2,1,4037,0.8158780329708542,0,0.8535633635366054,1,1.43,0.5381
10,3,1,2,4,6095,0.9983453243693727,0,0.5101276835016585,0,1.13,0.1666
15,12,0,0,0,3263,0.3860005802088066,0,0.36626544732705646,0,1.29,0.3618
10,1,1,5,9,3369,0.19057983493749953,0,0.5858655068173109,0,1.17,0.2163
12,3,0,0,9,4760,0.15273972140753217,2,0.06784379815764402,0,1.08,0.1029
5,1,0,0,0,408,1.098367967155889,3,0.18675620353322453,0,1.13,0.1588
10,6,1,4,4,4234,1.4373904626177163,2,0.6602348132047929,1,1.22,0.27
12,5,1,8,2,4133,0.10991136962218095,2,0.44068135604460446,0,1.3,0.3714
15,10,0,0,1,9674,0.509627443043717,0,0.08921850312038815,0,1.17,0.2111
12,12,0,0,0,4741,0.12973961368923126,6,0.41691022660334054,0,1.26,0.3193
5,3,1,3,0,8377,0.9931458245187944,3,0.47792875760275755,0,1.21,0.2673
12,11,0,0,0,3618,0.4957651227062896,4,0.11978022000308841,0,1.21,0.2632
5,1,0,0,4,8411,0.3061277844498381,1,0.17372406270181096,0,1.05,0.0605
15,6,1,6,0,5911,0.5100789162471864,1,0.49904702652598254,1,1.26,0.3296
20,11,0,0,4,5774,0.22519192891791867,2,0.4518498913442405,1,1.12,0.1562
10,8,1,2,1,8526,0.6651899289982198,2,0.6538020178119371,1,1.33,0.4166
15,8,1,4,1,7905,0.34324941837266004,1,0.9685629019994346,1,1.32,0.4059
20,4,0,0,6,3504,0.393627818547734,0,0.470164290988234,0,1.14,0.1757
20,1,1,1,17,2737,1.25764645293372,2,0.6278035491288374,0,1.06,0.0753
10,6,0,0,0,3713,0.27617871444243186,1,0.0453114914466925,0,1.23,0.2836
20,16,0,0,0,2450,0.326411580208872,1,0.2526164247612788,1,1.28,0.3442
12,3,0,0,4,9625,0.2737479212964222,1,0.3867630981879577,0,1.06,0.07
12,3,0,0,3,9115,0.9042237330076945,0,0.35188245760040054,0,1.03,0.0385
15,11,0,0,4,2364,0.5992636166054038,2,0.1830035944197106,0,1.14,0.1759
15,13,1,2,1,2258,0.9501670924331168,3,0.7094612326939801,1,1.39,0.4859
10,9,1,2,1,6820,1.0132554635069222,1,0.5332482117239398,1,1.37,0.4647
5,5,0,0,0,6473,0.4357236760730992,2,0.2475562359587788,0,1.22,0.2758
20,2,1,10,12,7986,0.9438403180984614,0,0.7819922514719466,0,1.07,0.0874
10,9,0,0,0,1612,0.08673337382898166,2,0.48427469083601954,0,1.31,0.3876
10,5,1,5,5,3981,0.3212405158997568,3,0.27162450878900746,0,1.2,0.2449
12,12,1,1,0,8852,0.5443343339653073,1,0.43078647642596923,0,1.41,0.5106
12,5,0,0,0,4031,1.1969055451363557,3,0.19207422664786472,0,1.11,0.1374
20,4,0,0,0,2680,0.6941837976737506,1,0.111403715036002,0,1.16,0.2026
15,2,1,14,3,8758,1.2029944304480902,1,0.9245994381299931,0,1.05,0.0679
10,10,0,0,0,7335,1.1607860577475828,2,0.27173465643559247,0,1.17,0.2084
20,16,1,1,0,2382,1.4664306349131602,1,0.5156127885901236,1,1.39,0.4909
12,1,0,0,5,742,0.8008934549363032,1,0.41497454609710255,0,1.1,0.1278
10,6,1,4,4,7044,0.7132423419835108,1,0.995323883110508,0,1.25,0.31
5,2,1,1,1,235,1.3999262123265133,1,0.5416939141727494,0,1.3,0.3691
20,10,1,6,3,2260,0.7238603561312782,2,0.45635737372464213,0,1.22,0.2719
5,4,0,0,0,7143,0.7376504358635503,2,0.05654464720787061,0,1.15,0.1903
5,5,0,0,0,8785,0.6058369217514277,1,0.17018743531002806,0,1.2,0.2446
10,6,0,0,3,6820,1.0546003159017219,3,0.3283979501439461,0,1.03,0.034
20,12,1,7,2,9800,0.8017071261134658,0,0.865921999687922,0,1.3,0.3761
10,4,0,0,4,5750,1.07434833010997,1,0.424285514654065,0,1.06,0.081
15,15,0,0,0,9316,1.2993730963273935,1,0.10260097352934971,1,1.15,0.1918
5,2,0,0,0,8023,0.8397326262831657,3,0.024734267393277443,0,1.06,0.0777
20,9,1,11,5,6824,0.3422939626870517,1,0.7108864442907303,0,1.22,0.2691
5,4,0,0,1,3120,0.6334823451487269,2,0.4543654360081667,1,1.23,0.2929
10,10,0,0,0,1222,1.4698893203702958,0,0.19846606756054952,1,1.28,0.3475
20,8,1,5,10,1681,0.820527889891319,3,0.11647818668773152,0,1.14,0.1781
20,20,0,0,0,8786,0.23234836763744793,1,0.39558601665048354,1,1.24,0.3
10,6,0,0,3,1004,1.3135288501111737,2,0.39116085916890037,1,1.12,0.1529
10,5,1,1,4,1925,1.237840736947995,1,0.6586349471200793,0,1.23,0.2921
20,1,1,9,3,4521,0.38741645957929033,3,0.28106101195153976,0,1.04,0.0554
5,5,0,0,0,3174,1.3495877000019951,1,0.3057079021069465,0,1.24,0.3002
20,12,0,0,3,7503,0.2122961982774963,0,0.3028013624003577,0,1.14,0.1804
12,1,0,0,9,8995,1.2323749119147225,2,0.30970942604599366,0,1.02,0.02
10,2,1,5,2,1259,0.0875962899002739,1,0.2194821718117569,0,1.27,0.3412
12,9,0,0,0,1494,1.1796888324193198,3,0.049938089650838347,0,1.17,0.2141
5,1,1,1,2,6498,0.7250081341069674,0,0.22413496285204818,0,1.18,0.226
20,17,1,2,2,814,0.9883830886809968,1,0.31354597644233506,0,1.42,0.5189
12,3,1,7,7,1705,0.7083534692867164,3,0.8172933124826198,1,1.15,0.1865
15,6,0,0,8,3592,0.3000421019963202,3,0.09485958809322925,0,1.08,0.1037
5,1,1,4,4,4618,0.9598248565986118,0,0.12836507527309324,0,1.1,0.123
5,1,0,0,2,5993,0.039432710219398426,3,0.14866533270133664,0,1.13,0.1681
10,9,0,0,1,5450,0.36534187383575656,3,0.46803153800121294,0,1.22,0.2742
10,8,0,0,0,4412,0.7478144286713637,1,0.1457476564068959,0,1.21,0.264
5,5,0,0,0,6069,1.1795522540166132,2,0.12308091876196992,0,1.17,0.2155
12,9,0,0,1,5150,1.4944329161840002,0,0.46933339533026475,0,1.22,0.2728
5,1,0,0,3,863,0.2732338563339531,1,0.08781518887751272,0,1.14,0.1701
12,7,0,0,3,3093,1.0817784771791574,3,0.033282144891027654,0,1.05,0.0638
20,2,1,11,12,4843,1.1831223087267622,1,0.7329337256019536,0,1.08,0.0983
12,2,0,0,2,8962,1.0013459964327107,3,0.04606170741438398,0,1.02,0.02
15,5,1,5,10,6235,1.1601898275195701,2,0.10726779589523877,1,1.07,0.0917
15,12,0,0,1,6839,1.4245251409566806,7,0.341299793801279,0,1.13,0.1647
10,8,0,0,0,9951,1.0604114910892324,2,0.4633443942893737,0,1.12,0.1545
12,7,0,0,1,45,0.3560624852375309,0,0.2343020714762859,0,1.3,0.37
5,1,1,2,0,6058,0.7461142424801173,2,0.23677065043084283,0,1.14,0.1781
12,12,0,0,0,6219,1.226235976719492,1,0.22312276153486055,1,1.2,0.2479
12,12,0,0,0,4394,0.1973988470168243,0,0.12987245890146476,0,1.3,0.3747
15,11,1,5,3,8689,1.387176354218051,1,0.6841209776327595,0,1.23,0.2837
5,5,1,1,0,8680,1.475312367782257,2,0.21060277140171935,1,1.34,0.4233
10,7,0,0,1,3693,0.4459969613704725,0,0.011198554525360838,0,1.24,0.3059
15,9,0,0,1,9084,1.0509359983866065,1,0.13007643029240523,0,1.11,0.1375
12,6,0,0,6,6081,1.2006841172346971,2,0.16413178464627948,0,1.03,0.0436
15,3,1,1,6,3648,0.6209840895573078,0,0.720316649771162,0,1.18,0.2188
12,12,0,0,0,7393,0.9164066796444124,2,0.06986635141619191,0,1.16,0.1997
5,4,0,0,1,7096,1.2618089975372653,0,0.21740042452962516,0,1.18,0.231
5,2,0,0,1,3048,0.6879188628354782,0,0.10759824026974785,0,1.2,0.2541
12,2,1,3,7,4775,0.14485791317679803,0,0.3294108208367484,0,1.16,0.2052
10,8,0,0,2,7031,0.2229215440302031,5,0.13565720635476786,0,1.18,0.2231
15,12,0,0,3,8836,0.02751293843428193,1,0.28589795587771216,0,1.14,0.1809
12,1,0,0,6,1852,0.4066789065222219,1,0.23685670757442256,0,1.11,0.1363
12,12,0,0,0,9491,0.09099494090219945,2,0.48456721583820034,0,1.23,0.284
15,10,0,0,0,9694,0.6918029936642586,1,0.1781156628123683,0,1.14,0.173
15,11,0,0,0,7793,0.79534500745821,1,0.15910058297153307,0,1.16,0.1996
15,7,0,0,4,1124,0.19787200397573484,0,0.25647826084930975,1,1.2,0.2539
15,9,1,5,0,3836,1.38842837662273,2,0.891290143685557,0,1.32,0.3944
5,2,1,2,0,7397,0.8803886234155849,1,0.1520717069143092,1,1.19,0.2425
20,19,0,0,0,8536,1.2204457717195203,2,0.28753927235269605,0,1.15,0.1841
5,5,1,1,0,6633,0.42120433282137276,0,0.7758147958101104,1,1.49,0.6104
15,15,0,0,0,1324,0.8734981392918544,1,0.12620721477036978,0,1.26,0.3262
15,13,0,0,0,4860,1.2203736495269022,1,0.2589759890537741,1,1.2,0.2512
15,5,1,4,4,278,0.1675588346178868,0,0.8443555662930633,1,1.3,0.3766
12,11,1,1,1,4353,0.1561342325973506,1,0.26913743058146866,1,1.46,0.5715
20,19,1,1,1,6782,0.9913269231625911,1,0.4261194430121241,0,1.38,0.4771
20,4,0,0,5,3338,1.2275819694629249,1,0.04361735108442255,0,1.05,0.0568
12,1,0,0,3,1974,0.6331718905677574,0,0.4284462997042845,1,1.12,0.1538
15,12,1,3,2,7895,0.08072999569137468,2,0.6262974807998746,1,1.39,0.4823
20,11,1,4,0,740,1.338955224708096,5,0.3469777468706684,1,1.28,0.3512
15,11,1,4,1,1343,0.4997481566525594,0,0.6004020485100926,1,1.45,0.5639
5,4,0,0,0,6779,0.4384804194726963,2,0.11280451572551509,0,1.18,0.2302
20,6,0,0,7,5960,0.3730697622466315,2,0.0027573029543797034,0,1.05,0.0652
12,2,1,2,6,383,0.0508746266371754,1,0.9833917651626206,1,1.24,0.3062
5,5,1,1,0,1911,1.317582261377045,3,0.9336495047258013,1,1.44,0.556
5,3,1,1,0,7763,0.7066481328643986,5,0.7257794858391229,0,1.26,0.325
20,15,0,0,4,3424,0.25544967781244454,2,0.14308095581492586,0,1.15,0.1937
10,1,0,0,1,7097,1.4168536122615156,3,0.1257248899320172,0,1.03,0.0386
10,3,1,4,7,9629,0.5041095175705678,0,0.6746989158717784,0,1.14,0.1761
10,8,1,1,0,8399,0.5994219812557082,2,0.2117880359070311,0,1.31,0.3897
10,1,0,0,1,5167,0.9470263751597888,3,0.18852197479672994,0,1.06,0.0779
15,2,1,5,0,915,0.8278516079822702,1,0.6792581716846655,0,1.23,0.2832
10,1,1,1,7,8460,0.15983898214660358,1,0.1901106517214397,0,1.07,0.0847
12,12,1,1,0,6154,0.12565055153986027,2,0.4155959165916332,1,1.45,0.565
10,1,1,1,6,2423,0.2840994804093112,2,0.7657768998895826,0,1.15,0.1822
12,9,0,0,3,3553,0.5540243432412757,0,0.3908122216041305,0,1.19,0.2351
15,1,0,0,6,89,1.2346720826348008,1,0.23644370724153185,1,1.08,0.1009
5,3,0,0,2,8944,1.3949434895240045,0,0.2437391215761296,0,1.14,0.1753
20,20,1,1,0,7396,0.8233716798723146,1,0.2880007536398096,0,1.39,0.4931
12,10,0,0,0,85,0.9805209493271407,0,0.28839665818487326,0,1.28,0.3487
5,5,1,1,0,4713,0.9182016868623919,2,0.8403631734383098,0,1.43,0.5414
20,19,0,0,0,3380,0.8684856545202884,1,0.3940239182027925,0,1.25,0.3098
5,5,1,1,0,2750,1.3670272538232777,4,0.8660271873168129,0,1.43,0.538
10,6,0,0,2,6199,1.036312415356973,1,0.34222475338850783,1,1.16,0.1977
20,13,0,0,2,3901,0.2676327339741671,1,0.4396168236146754,1,1.26,0.3207
10,9,0,0,0,9356,1.2903665260858035,0,0.043574591497059556,1,1.16,0.1981
15,15,1,1,0,1785,0.9499545594496954,2,0.6688381258488392,0,1.45,0.5684
10,10,0,0,0,7174,0.266963993221619,1,0.1356344212083137,1,1.24,0.2999
10,7,0,0,0,9550,1.3843499549915383,4,0.33213742871653623,1,1.09,0.1083
12,8,0,0,4,7886,0.039366730488349044,0,0.3710397061419703,0,1.17,0.2075
10,6,0,0,1,2831,1.231117617589402,0,0.05710521109705918,0,1.2,0.2521
5,3,0,0,0,3894,0.5010590446523964,2,0.3604225316784682,0,1.21,0.257
5,2,1,4,3,3440,1.1517002600224664,2,0.8928262233566597,1,1.18,0.2225
20,10,0,0,5,2033,0.583775077669693,0,0.3179808399953059,0,1.17,0.2116
10,1,0,0,5,2057,0.8295934165418289,0,0.00853766151215496,0,1.08,0.1019
5,5,1,1,0,5185,0.0766973887160936,1,0.979654618741839,0,1.53,0.6563
20,19,0,0,1,1096,1.219349353907122,1,0.45519856134413794,0,1.27,0.3358
5,1,0,0,0,8848,0.2956025352864157,4,0.2526865690379299,0,1.09,0.1079
20,13,1,1,7,9812,0.9479614037281723,1,0.4287892498515883,1,1.18,0.2192
10,3,1,4,0,8863,0.5157001317502692,1,0.6028799406841528,0,1.2,0.254
5,3,1,1,0,4365,0.3841962320277934,0,0.66731004263365,0,1.39,0.4835
10,8,1,2,2,4840,0.13001856322080468,1,0.20398413088566258,0,1.41,0.5161
20,4,1,4,4,2463,0.5308075081611993,2,0.44878057815600636,1,1.14,0.1705
5,4,1,2,1,5943,0.6066811039507165,2,0.39745159738962965,0,1.35,0.4406
5,1,0,0,3,9727,0.786395216544252,1,0.3325782619528066,0,1.02,0.02
15,12,1,1,2,5185,0.27537202210137846,0,0.19726006577506489,0,1.42,0.5225
15,1,0,0,3,1664,0.35344163442832466,0,0.468944535711027,1,1.15,0.1872
10,9,1,2,0,2043,1.4234938323304551,2,0.14984085311500092,0,1.38,0.479
15,8,0,0,5,9063,0.8926692134589995,1,0.3356042807669017,0,1.04,0.055
10,3,0,0,1,2141,0.9208155299940448,0,0.006017407662113727,1,1.18,0.2213
15,8,0,0,5,3684,0.6702869505568179,2,0.0017541747767180205,0,1.08,0.1045
15,13,0,0,2,6696,0.0036206316014646966,0,0.14250051004302766,0,1.27,0.3406
20,20,0,0,0,5732,0.69908036152969,2,0.24197498176292642,0,1.21,0.2601
20,13,0,0,0,717,1.3502628988050147,0,0.46115519131671673,1,1.26,0.3236
20,18,1,2,2,5664,0.14382056273833704,1,0.8510054860402596,1,1.47,0.5931
10,6,1,4,3,7460,0.7780876330904474,2,0.5850971877563103,1,1.19,0.2378
12,6,0,0,3,7379,1.0606090629490008,0,0.2011391860867781,0,1.06,0.0804
15,2,0,0,4,6463,0.12703553701365994,0,0.33974383102534234,0,1.11,0.1375
15,15,0,0,0,7522,0.12352625052939725,0,0.3912041675129008,1,1.28,0.3561
15,7,1,2,2,3940,0.7178930360874792,1,0.9754747853345692,1,1.32,0.4025
15,13,0,0,2,7597,1.3287452619078115,0,0.36989628825016296,0,1.2,0.2456
5,1,0,0,3,1012,0.8559031700845712,3,0.2330037743874987,0,1.05,0.0679
12,8,0,0,2,736,0.4358322406774086,1,0.008302552870768642,0,1.26,0.3194
10,6,1,2,3,1432,1.1065336747809589,0,0.12561116472278525,0,1.26,0.3226
10,2,1,9,0,3430,0.16217048633911257,3,0.9031189444929901,0,1.24,0.3026
10,6,0,0,3,425,0.30414369535843583,2,0.23350460381566068,0,1.17,0.2186
5,2,0,0,3,8981,0.0740881142713134,1,0.23789838734089092,0,1.09,0.1102
12,4,1,6,5,9505,1.2317795631130855,2,0.517716011156139,0,1.06,0.0755
5,2,0,0,1,5461,0.18857734939188725,1,0.30017722059343155,0,1.21,0.2566
12,3,0,0,3,4818,1.221203818518397,2,0.1903316334654993,0,1.02,0.0271
12,9,0,0,3,9362,0.835561003607856,2,0.18504610562133395,0,1.04,0.05
5,5,1,1,0,4569,0.10642369387558231,3,0.5225259813046143,1,1.46,0.5726
5,5,0,0,0,9349,0.9431103684885854,1,0.37483517962095475,0,1.18,0.2188
15,14,0,0,1,211,0.1160496211522975,0,0.10828283527970317,0,1.35,0.4339
20,12,1,5,5,2407,1.4008495460608086,1,0.4825785645153622,1,1.25,0.3098
5,3,0,0,2,1509,0.10883827551074454,4,0.12090512596060954,1,1.23,0.2862
15,4,0,0,3,2394,0.34729486087504446,1,0.1768200800470277,0,1.13,0.1568
10,6,0,0,3,3991,0.946938699780318,1,0.23972457696849298,0,1.1,0.128
15,5,1,4,8,5755,1.3240242260135378,0,0.2560437512406219,0,1.13,0.1642
20,15,0,0,4,0,0.5707101198031785,1,0.2491953550409775,0,1.2,0.2487
12,10,0,0,0,1922,0.5024535523994932,3,0.22695461636434916,1,1.23,0.2841
15,8,1,6,1,2570,1.1654124368297092,2,0.6073531371357465,0,1.29,0.3647
15,12,1,1,1,3710,1.4113474200461056,3,0.71437997930678,1,1.35,0.4335
12,4,1,7,0,371,0.31649013393137687,2,0.18363460601395387,0,1.28,0.3541
20,2,0,0,16,4307,0.9216452446086449,2,0.060469992908616044,0,1.02,0.02
5,2,0,0,3,5723,0.5747261330887693,1,0.3498348865676719,1,1.09,0.118
12,2,1,4,3,9604,0.26688363114815844,1,0.7232330208068898,0,1.1,0.1254
5,3,0,0,1,4662,0.560343772781736,0,0.21427071894118405,0,1.22,0.2812
20,11,0,0,1,1202,0.6613504765078775,2,0.31242160546685166,0,1.22,0.27
5,1,0,0,2,974,0.6581519507344327,4,0.30790254420071317,0,1.16,0.1942
20,1,0,0,13,3322,1.3477861446650206,0,0.38338355787675343,0,1.07,0.0883
12,4,1,2,0,2554,1.139479377680767,1,0.3432010096421971,0,1.23,0.2925
5,1,0,0,1,3295,0.7425457548861196,0,0.45490100258030625,0,1.19,0.2427
10,8,0,0,2,7605,0.4020719738040535,1,0.4595868041225701,1,1.22,0.2758
20,2,0,0,17,938,1.161334586498793,2,0.27592302064907615,0,1.06,0.0697
12,3,0,0,1,1218,0.26656587125424863,1,0.0794828959569095,0,1.22,0.2723
20,11,0,0,1,3106,0.7411965774175504,0,0.05841426103815234,0,1.21,0.2665
15,13,1,2,2,7178,1.4200017104447684,2,0.11040363119658561,0,1.31,0.3858
15,2,0,0,1,4930,0.19584909968041403,3,0.3235341707937215,0,1.14,0.1723
15,8,0,0,4,2490,0.7686541756250174,1,0.16367758449699787,0,1.12,0.1522
15,12,1,2,1,6355,1.4905874340559067,0,0.2928324361305245,0,1.35,0.4401
15,10,0,0,4,8803,0.39815728690690716,0,0.11274711069927468,0,1.11,0.1372
5,1,0,0,4,2725,1.3988934832965783,3,0.3627834812834202,0,1.03,0.0381
15,2,0,0,5,4441,1.2789771060921906,2,0.08448480794061053,0,1.02,0.02
20,13,1,4,4,9815,1.254442842054761,1,0.9230400433125346,0,1.2,0.2535
10,8,0,0,1,1441,0.2908964711859613,1,0.08211393533783995,0,1.28,0.3492
15,4,1,2,0,3415,1.1695539780807003,2,0.330566603757237,0,1.18,0.2259
5,3,1,3,2,8742,0.9087088113894279,1,0.3984400277158878,1,1.25,0.3172
20,19,1,1,0,7514,1.2692900050339015,1,0.5426075570596066,0,1.38,0.4745
12,1,0,0,9,2097,1.352907191373345,0,0.40460302640832696,0,1.09,0.1134
20,6,1,6,11,576,0.4494833986705698,1,0.5319670935012963,1,1.22,0.2793
20,8,0,0,3,2263,0.9822938363085811,2,0.38093632012229367,0,1.08,0.105
20,14,0,0,4,5915,0.9410875258487281,2,0.208502283032324,0,1.07,0.0855
5,4,1,1,0,6213,0.5007153603711625,1,0.739031055496291,0,1.4,0.5012
12,5,1,8,1,7674,0.9826973536919485,3,0.5646159989057622,0,1.17,0.2143
20,8,1,13,2,2312,1.047234004806973,2,0.9379839511405889,0,1.27,0.343
12,1,1,7,2,6466,0.30051787418682685,4,0.20395097720225366,0,1.11,0.1418
5,4,0,0,0,4037,1.3088655911006846,4,0.23761467460635421,0,1.16,0.1985
12,4,0,0,8,7932,1.3361887560607517,3,0.395855599385188,0,1.02,0.02
10,5,1,5,4,5401,0.5103869993963152,0,0.302288796651207,1,1.23,0.2871
10,9,1,2,1,3398,0.8624171564264531,3,0.6462123817399293,1,1.39,0.4855
12,12,1,1,0,4044,1.410741876597771,4,0.6254974679730471,0,1.4,0.4994
12,5,0,0,3,6441,0.1548462234198265,2,0.352768588355173,0,1.1,0.1253
10,10,0,0,0,7059,0.3410432374401062,0,0.35916927092701606,1,1.27,0.3387
5,4,0,0,0,4782,1.0120575647747223,1,0.4223545833576349,0,1.2,0.2554
12,10,1,1,2,1646,1.0821944550287075,0,0.28316600964445193,0,1.42,0.523
5,3,0,0,0,2971,0.3055930422202703,1,0.2775356146147662,0,1.25,0.3104
15,12,1,3,0,8551,1.0195534843500649,0,0.11906568479157105,0,1.31,0.3933
20,17,0,0,2,1209,0.648725919259056,3,0.11168711916338869,0,1.22,0.2734
15,6,0,0,1,9517,1.0891799651538183,2,0.32932592792826376,1,1.07,0.0903
10,10,0,0,0,5274,0.3343348228274419,1,0.04599701494092706,0,1.25,0.3145
20,17,1,4,2,6834,0.40170892322949037,2,0.17153845063251474,1,1.36,0.4492
5,5,1,1,0,7898,1.1058080706460836,2,0.9928745031194669,1,1.4,0.4976
12,5,0,0,0,2091,0.2421062701411436,1,0.48770495402829694,0,1.26,0.3193
12,8,1,3,0,5373,0.16170021134359064,2,0.4471401742305682,0,1.36,0.4457
20,6,1,2,13,1827,0.6179137328551974,2,0.5427391934818508,0,1.17,0.2179
5,3,0,0,0,5662,0.07835608560677321,3,0.23592581687579656,1,1.19,0.2361
20,20,0,0,0,697,0.38401866781390387,4,0.20204633828522378,0,1.27,0.3373
15,12,1,2,1,173,0.3805651892710575,2,0.7476452646495967,1,1.46,0.5778
15,6,1,1,1,4945,0.26425462411199935,0,0.6211986668797187,0,1.32,0.4051
20,5,1,7,8,2400,0.27434873263980214,1,0.4382957264870737,0,1.19,0.2425
10,3,0,0,4,542,0.014262660939345029,5,0.28699614651530514,0,1.14,0.1784
12,5,0,0,0,3703,1.2033282129164793,0,0.4566061719889816,0,1.19,0.2435
10,3,1,3,7,857,0.7375241329188964,2,0.28117070692717794,0,1.16,0.1996
15,3,0,0,0,5020,1.4671124462731941,3,0.4843286460859317,0,1.09,0.1134
20,15,1,1,4,1730,1.351377418977474,3,0.7311437424756384,0,1.28,0.345
15,14,1,2,1,4332,1.1300975587501136,0,0.8755139501565231,1,1.46,0.5691
12,2,1,9,6,5470,1.1449951007528125,3,0.7683003510178601,0,1.05,0.0644
10,5,1,5,5,5495,0.6019490484529155,1,0.1869351234767813,0,1.19,0.2407
20,4,0,0,14,9768,0.20330176355151441,0,0.1796553045270618,0,1.06,0.0775
5,1,0,0,3,2345,0.5074104460508161,1,0.2961156675455378,0,1.11,0.1411
15,3,1,12,11,6539,0.35348273919655465,4,0.8626693081663409,0,1.11,0.1336
5,5,0,0,0,4585,0.6597396932182112,0,0.4702931141613887,1,1.28,0.3529
12,11,1,2,1,2108,0.9742247800717608,1,0.48077619540772254,1,1.43,0.5403
5,2,0,0,3,4028,0.8132872981182573,5,0.20527268009992117,0,1.04,0.0547
10,6,0,0,3,363,1.0655984477893832,1,0.4068930643415319,0,1.15,0.1904
5,4,0,0,0,1257,0.18878405546070864,3,0.4257750939528187,1,1.27,0.3363
15,9,1,4,4,5218,1.242591776055242,0,0.5075104538229096,1,1.24,0.2963
12,3,1,2,8,1747,1.2096265623095235,2,0.48905839444978305,0,1.13,0.1571
12,9,0,0,3,1206,0.14450155370290557,1,0.43076262725137854,1,1.23,0.2878
10,8,0,0,1,2419,1.017090719307677,1,0.36960841487413665,0,1.23,0.2866
5,3,1,2,1,2751,1.4642596337898839,2,0.3555377989036861,0,1.29,0.3678
20,20,1,1,0,3166,0.1924996006236731,1,0.8239562213805495,1,1.53,0.6625
20,18,1,3,0,7236,0.21017650599381532,3,0.4616519124796987,0,1.38,0.4784
20,8,0,0,3,2695,0.5307058590320439,0,0.31628365934165503,0,1.15,0.1918
12,11,1,2,0,8607,1.1361733367864775,1,0.5015852226969317,0,1.35,0.4419
5,5,1,1,0,3871,1.1014527496550561,1,0.8243686854053355,0,1.46,0.5712
12,4,0,0,7,7037,0.18304284090445028,0,0.23272375356983627,0,1.12,0.1448
10,6,0,0,0,4489,1.0607769862223015,3,0.3181793500544341,1,1.13,0.1681
15,3,0,0,2,2117,0.8772864033078538,2,0.14416672838645112,1,1.13,0.1687
5,4,0,0,1,4688,1.1244030855863179,1,0.22287996402385313,0,1.19,0.2408
12,12,1,1,0,9355,0.548787129378822,1,0.4517104816062322,1,1.4,0.5043
5,5,1,1,0,2808,0.17978399823383573,0,0.6763159110467164,0,1.55,0.684
10,10,0,0,0,5514,0.8246045276943867,2,0.45165108304648216,1,1.21,0.2676
15,7,1,9,4,8289,1.1752085501608387,1,0.5906243319718263,0,1.14,0.1782
15,9,1,7,1,3101,1.0925766515302051,1,0.7422756640994811,0,1.34,0.4202
5,4,0,0,1,3652,1.3618348563331715,1,0.23932749365482042,1,1.21,0.2577
12,10,1,2,2,4008,0.7657935294763364,1,0.8744317266032549,1,1.43,0.5316
10,10,0,0,0,1660,0.653507162996279,3,0.4338895174094984,0,1.25,0.3145
5,3,0,0,0,2530,0.03904504230461947,1,0.3215484105106793,0,1.28,0.3472
10,2,1,5,1,6703,0.8157865645287896,5,0.556727858547554,0,1.13,0.1604
5,3,0,0,1,509,0.6158182254635675,0,0.4423056524612091,0,1.28,0.3562
10,7,1,4,0,3822,1.0272014981812776,1,0.29066299922368327,0,1.33,0.4123
10,9,0,0,1,6090,0.8881810794096239,0,0.07929584645180593,0,1.21,0.2612
15,1,1,10,8,3252,1.193109193476731,0,0.711750350676532,0,1.11,0.1342
10,4,0,0,3,8742,0.640337663909132,2,0.14145626205191436,0,1.02,0.0228
10,10,0,0,0,5045,0.27913467212797344,2,0.20611256787429622,0,1.25,0.3096
5,1,1,2,0,5201,0.05777338846002533,3,0.9381836139832198,0,1.23,0.2893
15,3,0,0,1,4172,0.9368962215290322,3,0.42777408666812905,0,1.1,0.128
20,1,1,4,16,740,0.1654391025536856,1,0.8556845680253329,0,1.19,0.2336
20,10,1,1,4,2836,1.4868229419376788,3,0.8163695517403121,1,1.19,0.2378
10,1,1,4,6,7283,0.6253563710593664,3,0.3403552381165389,0,1.02,0.02
15,9,1,1,6,5932,0.8677648417975647,1,0.6201308537289304,0,1.22,0.2812
10,4,0,0,5,2754,1.0069991634458768,3,0.1449469331035711,0,1.04,0.0503
20,3,0,0,7,7077,1.250629759367445,1,0.19973326578463735,0,1.02,0.02
12,4,0,0,8,4879,1.1766877319971907,0,0.14013980937420295,0,1.07,0.088
12,1,0,0,2,3107,0.9704777990670568,1,0.06225269666870464,0,1.12,0.1472
10,10,1,1,0,175,0.32243402791595943,0,0.18584082865556678,1,1.54,0.67
5,4,1,2,1,2894,1.2342901290903994,0,0.12267218284472031,1,1.38,0.4784
5,2,0,0,2,5786,0.26202613594423363,3,0.1315024219871827,0,1.14,0.1775
10,9,0,0,0,9501,0.20357875806531167,0,0.29775039941342113,1,1.24,0.2959
10,1,1,1,8,4742,0.657023822826943,2,0.12927204603811046,0,1.05,0.0592
15,5,0,0,8,2821,0.22717804944526876,0,0.27730039746104723,0,1.17,0.2072
20,11,1,3,8,9832,1.1924406689032994,1,0.4583354871093045,1,1.14,0.177
5,1,1,1,1,4384,0.40088531952320394,4,0.6764756332569342,0,1.2,0.2463
12,7,1,2,4,2014,1.2344023901040984,1,0.5430201194083739,0,1.25,0.3141
20,5,0,0,10,8128,0.5258694813831659,1,0.4074670417327069,0,1.06,0.0689
10,8,1,3,1,6371,0.5448027754235338,4,0.3043481746039749,0,1.33,0.4063
20,13,0,0,6,2048,0.5263042552197914,0,0.4562599856164822,0,1.2,0.2507
12,11,0,0,1,9401,0.9349703509295818,2,0.4798868756281099,0,1.15,0.188
15,2,1,2,12,9172,0.05523441400409085,2,0.13246598268662554,0,1.05,0.0662
20,14,1,7,2,8588,1.4915162784900782,3,0.36827159942446197,0,1.23,0.2936
12,10,0,0,1,5638,0.28496469339571906,1,0.05269795601186378,0,1.23,0.2895
5,5,0,0,0,5297,0.5850742296034824,1,0.22286171931172366,0,1.24,0.3032
12,6,0,0,0,3422,0.44121629412880975,2,0.39002602446793755,0,1.21,0.2574
15,9,0,0,2,2743,1.2746907792198054,0,0.3575842003370886,1,1.22,0.2775
20,7,1,7,10,8581,0.2826403373351166,3,0.549360054020395,0,1.11,0.1435
10,1,0,0,4,1680,0.5134814332221429,5,0.3216133022728445,0,1.07,0.0842
15,15,1,1,0,4041,0.7734812340729744,1,0.7131072015819145,1,1.47,0.5824
10,9,0,0,0,2168,0.9751622849594697,0,0.4260975312353444,1,1.27,0.3391
10,9,0,0,0,9440,1.1095971099256476,3,0.498294477559487,0,1.12,0.1533
20,6,0,0,4,7865,0.5627591653923869,1,0.4359870318989857,0,1.06,0.079
10,5,1,5,0,77,1.4766789094225317,2,0.616102897674227,1,1.31,0.3898
15,4,0,0,10,3925,0.8125847822202328,0,0.10021773919658783,0,1.09,0.1079
15,6,1,1,8,6458,0.18218658250923747,2,0.48916019826072366,0,1.18,0.2267
10,9,1,2,1,5993,0.8923590513933215,4,0.8582055140676222,0,1.37,0.4605
5,2,0,0,2,5506,1.2232364677187415,1,0.004496080704409322,0,1.12,0.1511
12,8,1,4,1,7135,0.5176951608885434,1,0.5524495517204706,0,1.33,0.4187
5,2,1,1,3,95,0.026600287340793227,1,0.8023901108399605,0,1.31,0.3894
10,3,1,5,1,5562,1.466491535300146,1,0.4353631708102055,0,1.19,0.2417
15,9,1,2,2,4204,1.299243736469222,1,0.6833138647852882,0,1.32,0.3989
20,9,0,0,7,1464,0.3962842661484652,3,0.011770693873132898,0,1.1,0.1269
12,12,0,0,0,38,0.9353122574893793,2,0.45912531411131347,1,1.27,0.3393
10,10,1,1,0,3546,0.29366849479671975,2,0.466361866259711,0,1.47,0.5914
20,15,0,0,3,4667,1.4543528047819196,0,0.4511899562302795,0,1.14,0.1786
15,9,1,7,1,2497,0.21089276356230086,1,0.6121338545191904,1,1.4,0.4978
15,12,1,1,0,9243,0.5406243640162459,1,0.8970504382111019,1,1.37,0.4644
10,7,0,0,3,8148,1.1280131302954892,1,0.04573189005497641,0,1.05,0.0598
5,4,1,2,1,9413,0.6292724187823425,1,0.8498120401170001,0,1.36,0.4492
10,9,0,0,0,5120,0.42911093315247256,1,0.08407692714158621,0,1.24,0.2953
15,14,0,0,1,3002,1.4388652018838612,1,0.09085119376880174,1,1.22,0.2756
15,4,0,0,9,6156,1.2654083544588142,1,0.47931195722520625,0,1.05,0.0593
12,11,1,2,0,5788,0.2478446714675459,0,0.8734737040339748,1,1.49,0.6158
12,3,0,0,2,9830,0.9036802010326664,1,0.4771494249383533,0,1.09,0.1112
20,13,1,2,7,1340,0.06382105421942119,2,0.9964148367050759,0,1.36,0.4534
20,10,0,0,9,542,0.687535541493683,2,0.40259306515802085,0,1.14,0.177
20,2,0,0,10,2057,1.049490565957398,1,0.23282196706824476,0,1.06,0.0761
20,6,0,0,8,9021,0.6900781186931675,2,0.36816611951002454,0,1.02,0.02
5,5,1,1,0,1024,0.5036174910073506,1,0.39703954807051844,1,1.5,0.6294
20,16,0,0,3,1646,0.6188460825176532,1,0.3701345562410558,0,1.19,0.2364
15,7,1,7,1,1427,1.0441202274929742,1,0.3168656515202568,0,1.29,0.3593
10,1,0,0,7,3276,1.4326496929889465,1,0.3594559068362889,0,1.05,0.0679
20,1,1,11,10,2315,0.2537427678896123,1,0.9331424029069487,0,1.17,0.2074
15,14,0,0,0,969,0.8978683382032393,3,0.30140859567158546,0,1.22,0.2798
12,4,0,0,7,2056,1.1473147283867646,1,0.2696324332470983,0,1.09,0.1141
12,11,0,0,1,6247,0.4044764011459232,0,0.44469603865264923,1,1.27,0.3389
10,8,0,0,0,4528,1.368807749098696,2,0.2514762495923738,1,1.18,0.2189
5,2,0,0,2,5768,0.17554184974040477,2,0.38913129942414293,1,1.19,0.2337
10,9,1,2,1,3615,0.2965168482930267,2,0.7274252065659137,1,1.46,0.572
20,18,0,0,1,1106,1.407455346848648,1,0.16633721387416595,0,1.24,0.3051
15,5,0,0,8,1130,1.3234599173317672,1,0.15691129135502152,1,1.1,0.1189
15,5,0,0,5,1929,1.499713460167986,3,0.40542297342934813,0,1.06,0.0735
10,8,0,0,0,6246,1.1766123182291088,3,0.18633290359065946,0,1.13,0.1612
5,4,0,0,1,9630,0.10607517680815326,0,0.1076032108280921,1,1.22,0.2736
12,3,0,0,9,1347,0.6959820732398843,0,0.11971054406102283,0,1.13,0.1573
20,6,1,12,1,6272,0.7108395591837413,2,0.17088340600012858,0,1.17,0.2122
5,3,1,3,0,4020,0.2617311164654173,2,0.9921754734030586,1,1.38,0.4736
12,1,0,0,10,2919,0.7776773005733884,0,0.036836949310514455,1,1.08,0.0939
5,1,0,0,1,9986,0.09701883858990634,4,0.05475587261863041,0,1.08,0.0949
10,1,1,3,2,2412,0.849979515007727,2,0.11746573561261893,0,1.14,0.1739
5,5,0,0,0,8402,0.9414255027523618,0,0.4515048536305386,1,1.21,0.2659
10,4,0,0,4,2183,0.6976048105690379,2,0.12708808755724887,0,1.09,0.1143
15,4,1,10,7,5768,1.21724090621791,3,0.34238918819179365,0,1.05,0.0649
20,7,1,5,13,6114,0.2900382825964233,1,0.9572923972567063,0,1.21,0.2657
12,5,0,0,4,9320,0.26798471267971813,4,0.39451262005590343,0,1.04,0.0475
12,1,0,0,5,4409,0.08451311785893262,0,0.04401851417208852,0,1.11,0.1414
10,1,1,4,7,9245,0.47008381145891837,1,0.59207049433748,0,1.06,0.074
5,5,1,1,0,9854,1.3282836253337056,6,0.5704795327994057,1,1.33,0.4078
20,14,1,4,6,7884,1.290493337317597,1,0.14152263290653322,0,1.19,0.2394
20,15,0,0,5,5380,0.11227261112042813,1,0.2662646493738244,0,1.17,0.2152
5,2,0,0,2,6760,0.35624791236920333,1,0.3155918308583457,0,1.18,0.2216
12,2,0,0,6,3367,0.055465279356867625,0,0.04908802458852968,0,1.14,0.1729
10,10,0,0,0,4459,0.7395415087306172,2,0.061455720939021796,1,1.21,0.2607
10,6,0,0,2,8704,1.1441062015455712,1,0.2597960881105725,0,1.12,0.1536
20,11,0,0,5,1313,0.20531998461968148,1,0.23364724663489916,0,1.19,0.2343
15,12,1,3,3,4722,0.833497918993285,1,0.6635060523689065,0,1.31,0.3842
10,1,0,0,8,7500,0.5119316815385685,2,0.23814979573322653,0,1.02,0.02
5,1,0,0,4,235,0.5969942934817586,1,0.12352060430437484,0,1.12,0.15
10,5,0,0,2,9557,1.1048182176749717,0,0.3460741126502712,0,1.13,0.1593
5,1,0,0,3,7346,1.1614007500532146,4,0.37015105427416367,0,1.02,0.02
